mag_id	mag_fasta	bakta_dir	bakta_done	gff3	tsv	faa	ffn	json	gbff	hypotheticals_tsv	inference_tsv
CBF1_MAGScoT_cleanbin_000009	/scratch/users/snarayanasamy/phage_uv_treatment/output/PRJEB79569/binning/dereplication/dereplicated_genomes/CBF1_MAGScoT_cleanbin_000009.fasta	/scratch/users/snarayanasamy/phage_uv_treatment/output/PRJEB79569/annotation/bakta/CBF1_MAGScoT_cleanbin_000009	/scratch/users/snarayanasamy/phage_uv_treatment/output/PRJEB79569/annotation/bakta/CBF1_MAGScoT_cleanbin_000009/bakta.done	/scratch/users/snarayanasamy/phage_uv_treatment/output/PRJEB79569/annotation/bakta/CBF1_MAGScoT_cleanbin_000009/CBF1_MAGScoT_cleanbin_000009.gff3	/scratch/users/snarayanasamy/phage_uv_treatment/output/PRJEB79569/annotation/bakta/CBF1_MAGScoT_cleanbin_000009/CBF1_MAGScoT_cleanbin_000009.tsv	/scratch/users/snarayanasamy/phage_uv_treatment/output/PRJEB79569/annotation/bakta/CBF1_MAGScoT_cleanbin_000009/CBF1_MAGScoT_cleanbin_000009.faa	/scratch/users/snarayanasamy/phage_uv_treatment/output/PRJEB79569/annotation/bakta/CBF1_MAGScoT_cleanbin_000009/CBF1_MAGScoT_cleanbin_000009.ffn	/scratch/users/snarayanasamy/phage_uv_treatment/output/PRJEB79569/annotation/bakta/CBF1_MAGScoT_cleanbin_000009/CBF1_MAGScoT_cleanbin_000009.json	/scratch/users/snarayanasamy/phage_uv_treatment/output/PRJEB79569/annotation/bakta/CBF1_MAGScoT_cleanbin_000009/CBF1_MAGScoT_cleanbin_000009.gbff	/scratch/users/snarayanasamy/phage_uv_treatment/output/PRJEB79569/annotation/bakta/CBF1_MAGScoT_cleanbin_000009/CBF1_MAGScoT_cleanbin_000009.hypotheticals.tsv	/scratch/users/snarayanasamy/phage_uv_treatment/output/PRJEB79569/annotation/bakta/CBF1_MAGScoT_cleanbin_000009/CBF1_MAGScoT_cleanbin_000009.inference.tsv
CBF1_MAGScoT_cleanbin_000012	/scratch/users/snarayanasamy/phage_uv_treatment/output/PRJEB79569/binning/dereplication/dereplicated_genomes/CBF1_MAGScoT_cleanbin_000012.fasta	/scratch/users/snarayanasamy/phage_uv_treatment/output/PRJEB79569/annotation/bakta/CBF1_MAGScoT_cleanbin_000012	/scratch/users/snarayanasamy/phage_uv_treatment/output/PRJEB79569/annotation/bakta/CBF1_MAGScoT_cleanbin_000012/bakta.done	/scratch/users/snarayanasamy/phage_uv_treatment/output/PRJEB79569/annotation/bakta/CBF1_MAGScoT_cleanbin_000012/CBF1_MAGScoT_cleanbin_000012.gff3	/scratch/users/snarayanasamy/phage_uv_treatment/output/PRJEB79569/annotation/bakta/CBF1_MAGScoT_cleanbin_000012/CBF1_MAGScoT_cleanbin_000012.tsv	/scratch/users/snarayanasamy/phage_uv_treatment/output/PRJEB79569/annotation/bakta/CBF1_MAGScoT_cleanbin_000012/CBF1_MAGScoT_cleanbin_000012.faa	/scratch/users/snarayanasamy/phage_uv_treatment/output/PRJEB79569/annotation/bakta/CBF1_MAGScoT_cleanbin_000012/CBF1_MAGScoT_cleanbin_000012.ffn	/scratch/users/snarayanasamy/phage_uv_treatment/output/PRJEB79569/annotation/bakta/CBF1_MAGScoT_cleanbin_000012/CBF1_MAGScoT_cleanbin_000012.json	/scratch/users/snarayanasamy/phage_uv_treatment/output/PRJEB79569/annotation/bakta/CBF1_MAGScoT_cleanbin_000012/CBF1_MAGScoT_cleanbin_000012.gbff	/scratch/users/snarayanasamy/phage_uv_treatment/output/PRJEB79569/annotation/bakta/CBF1_MAGScoT_cleanbin_000012/CBF1_MAGScoT_cleanbin_000012.hypotheticals.tsv	/scratch/users/snarayanasamy/phage_uv_treatment/output/PRJEB79569/annotation/bakta/CBF1_MAGScoT_cleanbin_000012/CBF1_MAGScoT_cleanbin_000012.inference.tsv
CBF1_MAGScoT_cleanbin_000015	/scratch/users/snarayanasamy/phage_uv_treatment/output/PRJEB79569/binning/dereplication/dereplicated_genomes/CBF1_MAGScoT_cleanbin_000015.fasta	/scratch/users/snarayanasamy/phage_uv_treatment/output/PRJEB79569/annotation/bakta/CBF1_MAGScoT_cleanbin_000015	/scratch/users/snarayanasamy/phage_uv_treatment/output/PRJEB79569/annotation/bakta/CBF1_MAGScoT_cleanbin_000015/bakta.done	/scratch/users/snarayanasamy/phage_uv_treatment/output/PRJEB79569/annotation/bakta/CBF1_MAGScoT_cleanbin_000015/CBF1_MAGScoT_cleanbin_000015.gff3	/scratch/users/snarayanasamy/phage_uv_treatment/output/PRJEB79569/annotation/bakta/CBF1_MAGScoT_cleanbin_000015/CBF1_MAGScoT_cleanbin_000015.tsv	/scratch/users/snarayanasamy/phage_uv_treatment/output/PRJEB79569/annotation/bakta/CBF1_MAGScoT_cleanbin_000015/CBF1_MAGScoT_cleanbin_000015.faa	/scratch/users/snarayanasamy/phage_uv_treatment/output/PRJEB79569/annotation/bakta/CBF1_MAGScoT_cleanbin_000015/CBF1_MAGScoT_cleanbin_000015.ffn	/scratch/users/snarayanasamy/phage_uv_treatment/output/PRJEB79569/annotation/bakta/CBF1_MAGScoT_cleanbin_000015/CBF1_MAGScoT_cleanbin_000015.json	/scratch/users/snarayanasamy/phage_uv_treatment/output/PRJEB79569/annotation/bakta/CBF1_MAGScoT_cleanbin_000015/CBF1_MAGScoT_cleanbin_000015.gbff	/scratch/users/snarayanasamy/phage_uv_treatment/output/PRJEB79569/annotation/bakta/CBF1_MAGScoT_cleanbin_000015/CBF1_MAGScoT_cleanbin_000015.hypotheticals.tsv	/scratch/users/snarayanasamy/phage_uv_treatment/output/PRJEB79569/annotation/bakta/CBF1_MAGScoT_cleanbin_000015/CBF1_MAGScoT_cleanbin_000015.inference.tsv
CBF1_MAGScoT_cleanbin_000017	/scratch/users/snarayanasamy/phage_uv_treatment/output/PRJEB79569/binning/dereplication/dereplicated_genomes/CBF1_MAGScoT_cleanbin_000017.fasta	/scratch/users/snarayanasamy/phage_uv_treatment/output/PRJEB79569/annotation/bakta/CBF1_MAGScoT_cleanbin_000017	/scratch/users/snarayanasamy/phage_uv_treatment/output/PRJEB79569/annotation/bakta/CBF1_MAGScoT_cleanbin_000017/bakta.done	/scratch/users/snarayanasamy/phage_uv_treatment/output/PRJEB79569/annotation/bakta/CBF1_MAGScoT_cleanbin_000017/CBF1_MAGScoT_cleanbin_000017.gff3	/scratch/users/snarayanasamy/phage_uv_treatment/output/PRJEB79569/annotation/bakta/CBF1_MAGScoT_cleanbin_000017/CBF1_MAGScoT_cleanbin_000017.tsv	/scratch/users/snarayanasamy/phage_uv_treatment/output/PRJEB79569/annotation/bakta/CBF1_MAGScoT_cleanbin_000017/CBF1_MAGScoT_cleanbin_000017.faa	/scratch/users/snarayanasamy/phage_uv_treatment/output/PRJEB79569/annotation/bakta/CBF1_MAGScoT_cleanbin_000017/CBF1_MAGScoT_cleanbin_000017.ffn	/scratch/users/snarayanasamy/phage_uv_treatment/output/PRJEB79569/annotation/bakta/CBF1_MAGScoT_cleanbin_000017/CBF1_MAGScoT_cleanbin_000017.json	/scratch/users/snarayanasamy/phage_uv_treatment/output/PRJEB79569/annotation/bakta/CBF1_MAGScoT_cleanbin_000017/CBF1_MAGScoT_cleanbin_000017.gbff	/scratch/users/snarayanasamy/phage_uv_treatment/output/PRJEB79569/annotation/bakta/CBF1_MAGScoT_cleanbin_000017/CBF1_MAGScoT_cleanbin_000017.hypotheticals.tsv	/scratch/users/snarayanasamy/phage_uv_treatment/output/PRJEB79569/annotation/bakta/CBF1_MAGScoT_cleanbin_000017/CBF1_MAGScoT_cleanbin_000017.inference.tsv
CBF1_MAGScoT_cleanbin_000020	/scratch/users/snarayanasamy/phage_uv_treatment/output/PRJEB79569/binning/dereplication/dereplicated_genomes/CBF1_MAGScoT_cleanbin_000020.fasta	/scratch/users/snarayanasamy/phage_uv_treatment/output/PRJEB79569/annotation/bakta/CBF1_MAGScoT_cleanbin_000020	/scratch/users/snarayanasamy/phage_uv_treatment/output/PRJEB79569/annotation/bakta/CBF1_MAGScoT_cleanbin_000020/bakta.done	/scratch/users/snarayanasamy/phage_uv_treatment/output/PRJEB79569/annotation/bakta/CBF1_MAGScoT_cleanbin_000020/CBF1_MAGScoT_cleanbin_000020.gff3	/scratch/users/snarayanasamy/phage_uv_treatment/output/PRJEB79569/annotation/bakta/CBF1_MAGScoT_cleanbin_000020/CBF1_MAGScoT_cleanbin_000020.tsv	/scratch/users/snarayanasamy/phage_uv_treatment/output/PRJEB79569/annotation/bakta/CBF1_MAGScoT_cleanbin_000020/CBF1_MAGScoT_cleanbin_000020.faa	/scratch/users/snarayanasamy/phage_uv_treatment/output/PRJEB79569/annotation/bakta/CBF1_MAGScoT_cleanbin_000020/CBF1_MAGScoT_cleanbin_000020.ffn	/scratch/users/snarayanasamy/phage_uv_treatment/output/PRJEB79569/annotation/bakta/CBF1_MAGScoT_cleanbin_000020/CBF1_MAGScoT_cleanbin_000020.json	/scratch/users/snarayanasamy/phage_uv_treatment/output/PRJEB79569/annotation/bakta/CBF1_MAGScoT_cleanbin_000020/CBF1_MAGScoT_cleanbin_000020.gbff	/scratch/users/snarayanasamy/phage_uv_treatment/output/PRJEB79569/annotation/bakta/CBF1_MAGScoT_cleanbin_000020/CBF1_MAGScoT_cleanbin_000020.hypotheticals.tsv	/scratch/users/snarayanasamy/phage_uv_treatment/output/PRJEB79569/annotation/bakta/CBF1_MAGScoT_cleanbin_000020/CBF1_MAGScoT_cleanbin_000020.inference.tsv
CBF1_MAGScoT_cleanbin_000021	/scratch/users/snarayanasamy/phage_uv_treatment/output/PRJEB79569/binning/dereplication/dereplicated_genomes/CBF1_MAGScoT_cleanbin_000021.fasta	/scratch/users/snarayanasamy/phage_uv_treatment/output/PRJEB79569/annotation/bakta/CBF1_MAGScoT_cleanbin_000021	/scratch/users/snarayanasamy/phage_uv_treatment/output/PRJEB79569/annotation/bakta/CBF1_MAGScoT_cleanbin_000021/bakta.done	/scratch/users/snarayanasamy/phage_uv_treatment/output/PRJEB79569/annotation/bakta/CBF1_MAGScoT_cleanbin_000021/CBF1_MAGScoT_cleanbin_000021.gff3	/scratch/users/snarayanasamy/phage_uv_treatment/output/PRJEB79569/annotation/bakta/CBF1_MAGScoT_cleanbin_000021/CBF1_MAGScoT_cleanbin_000021.tsv	/scratch/users/snarayanasamy/phage_uv_treatment/output/PRJEB79569/annotation/bakta/CBF1_MAGScoT_cleanbin_000021/CBF1_MAGScoT_cleanbin_000021.faa	/scratch/users/snarayanasamy/phage_uv_treatment/output/PRJEB79569/annotation/bakta/CBF1_MAGScoT_cleanbin_000021/CBF1_MAGScoT_cleanbin_000021.ffn	/scratch/users/snarayanasamy/phage_uv_treatment/output/PRJEB79569/annotation/bakta/CBF1_MAGScoT_cleanbin_000021/CBF1_MAGScoT_cleanbin_000021.json	/scratch/users/snarayanasamy/phage_uv_treatment/output/PRJEB79569/annotation/bakta/CBF1_MAGScoT_cleanbin_000021/CBF1_MAGScoT_cleanbin_000021.gbff	/scratch/users/snarayanasamy/phage_uv_treatment/output/PRJEB79569/annotation/bakta/CBF1_MAGScoT_cleanbin_000021/CBF1_MAGScoT_cleanbin_000021.hypotheticals.tsv	/scratch/users/snarayanasamy/phage_uv_treatment/output/PRJEB79569/annotation/bakta/CBF1_MAGScoT_cleanbin_000021/CBF1_MAGScoT_cleanbin_000021.inference.tsv
CBF1_MAGScoT_cleanbin_000025	/scratch/users/snarayanasamy/phage_uv_treatment/output/PRJEB79569/binning/dereplication/dereplicated_genomes/CBF1_MAGScoT_cleanbin_000025.fasta	/scratch/users/snarayanasamy/phage_uv_treatment/output/PRJEB79569/annotation/bakta/CBF1_MAGScoT_cleanbin_000025	/scratch/users/snarayanasamy/phage_uv_treatment/output/PRJEB79569/annotation/bakta/CBF1_MAGScoT_cleanbin_000025/bakta.done	/scratch/users/snarayanasamy/phage_uv_treatment/output/PRJEB79569/annotation/bakta/CBF1_MAGScoT_cleanbin_000025/CBF1_MAGScoT_cleanbin_000025.gff3	/scratch/users/snarayanasamy/phage_uv_treatment/output/PRJEB79569/annotation/bakta/CBF1_MAGScoT_cleanbin_000025/CBF1_MAGScoT_cleanbin_000025.tsv	/scratch/users/snarayanasamy/phage_uv_treatment/output/PRJEB79569/annotation/bakta/CBF1_MAGScoT_cleanbin_000025/CBF1_MAGScoT_cleanbin_000025.faa	/scratch/users/snarayanasamy/phage_uv_treatment/output/PRJEB79569/annotation/bakta/CBF1_MAGScoT_cleanbin_000025/CBF1_MAGScoT_cleanbin_000025.ffn	/scratch/users/snarayanasamy/phage_uv_treatment/output/PRJEB79569/annotation/bakta/CBF1_MAGScoT_cleanbin_000025/CBF1_MAGScoT_cleanbin_000025.json	/scratch/users/snarayanasamy/phage_uv_treatment/output/PRJEB79569/annotation/bakta/CBF1_MAGScoT_cleanbin_000025/CBF1_MAGScoT_cleanbin_000025.gbff	/scratch/users/snarayanasamy/phage_uv_treatment/output/PRJEB79569/annotation/bakta/CBF1_MAGScoT_cleanbin_000025/CBF1_MAGScoT_cleanbin_000025.hypotheticals.tsv	/scratch/users/snarayanasamy/phage_uv_treatment/output/PRJEB79569/annotation/bakta/CBF1_MAGScoT_cleanbin_000025/CBF1_MAGScoT_cleanbin_000025.inference.tsv
CBF1_MAGScoT_cleanbin_000031	/scratch/users/snarayanasamy/phage_uv_treatment/output/PRJEB79569/binning/dereplication/dereplicated_genomes/CBF1_MAGScoT_cleanbin_000031.fasta	/scratch/users/snarayanasamy/phage_uv_treatment/output/PRJEB79569/annotation/bakta/CBF1_MAGScoT_cleanbin_000031	/scratch/users/snarayanasamy/phage_uv_treatment/output/PRJEB79569/annotation/bakta/CBF1_MAGScoT_cleanbin_000031/bakta.done	/scratch/users/snarayanasamy/phage_uv_treatment/output/PRJEB79569/annotation/bakta/CBF1_MAGScoT_cleanbin_000031/CBF1_MAGScoT_cleanbin_000031.gff3	/scratch/users/snarayanasamy/phage_uv_treatment/output/PRJEB79569/annotation/bakta/CBF1_MAGScoT_cleanbin_000031/CBF1_MAGScoT_cleanbin_000031.tsv	/scratch/users/snarayanasamy/phage_uv_treatment/output/PRJEB79569/annotation/bakta/CBF1_MAGScoT_cleanbin_000031/CBF1_MAGScoT_cleanbin_000031.faa	/scratch/users/snarayanasamy/phage_uv_treatment/output/PRJEB79569/annotation/bakta/CBF1_MAGScoT_cleanbin_000031/CBF1_MAGScoT_cleanbin_000031.ffn	/scratch/users/snarayanasamy/phage_uv_treatment/output/PRJEB79569/annotation/bakta/CBF1_MAGScoT_cleanbin_000031/CBF1_MAGScoT_cleanbin_000031.json	/scratch/users/snarayanasamy/phage_uv_treatment/output/PRJEB79569/annotation/bakta/CBF1_MAGScoT_cleanbin_000031/CBF1_MAGScoT_cleanbin_000031.gbff	/scratch/users/snarayanasamy/phage_uv_treatment/output/PRJEB79569/annotation/bakta/CBF1_MAGScoT_cleanbin_000031/CBF1_MAGScoT_cleanbin_000031.hypotheticals.tsv	/scratch/users/snarayanasamy/phage_uv_treatment/output/PRJEB79569/annotation/bakta/CBF1_MAGScoT_cleanbin_000031/CBF1_MAGScoT_cleanbin_000031.inference.tsv
CBF1_MAGScoT_cleanbin_000032	/scratch/users/snarayanasamy/phage_uv_treatment/output/PRJEB79569/binning/dereplication/dereplicated_genomes/CBF1_MAGScoT_cleanbin_000032.fasta	/scratch/users/snarayanasamy/phage_uv_treatment/output/PRJEB79569/annotation/bakta/CBF1_MAGScoT_cleanbin_000032	/scratch/users/snarayanasamy/phage_uv_treatment/output/PRJEB79569/annotation/bakta/CBF1_MAGScoT_cleanbin_000032/bakta.done	/scratch/users/snarayanasamy/phage_uv_treatment/output/PRJEB79569/annotation/bakta/CBF1_MAGScoT_cleanbin_000032/CBF1_MAGScoT_cleanbin_000032.gff3	/scratch/users/snarayanasamy/phage_uv_treatment/output/PRJEB79569/annotation/bakta/CBF1_MAGScoT_cleanbin_000032/CBF1_MAGScoT_cleanbin_000032.tsv	/scratch/users/snarayanasamy/phage_uv_treatment/output/PRJEB79569/annotation/bakta/CBF1_MAGScoT_cleanbin_000032/CBF1_MAGScoT_cleanbin_000032.faa	/scratch/users/snarayanasamy/phage_uv_treatment/output/PRJEB79569/annotation/bakta/CBF1_MAGScoT_cleanbin_000032/CBF1_MAGScoT_cleanbin_000032.ffn	/scratch/users/snarayanasamy/phage_uv_treatment/output/PRJEB79569/annotation/bakta/CBF1_MAGScoT_cleanbin_000032/CBF1_MAGScoT_cleanbin_000032.json	/scratch/users/snarayanasamy/phage_uv_treatment/output/PRJEB79569/annotation/bakta/CBF1_MAGScoT_cleanbin_000032/CBF1_MAGScoT_cleanbin_000032.gbff	/scratch/users/snarayanasamy/phage_uv_treatment/output/PRJEB79569/annotation/bakta/CBF1_MAGScoT_cleanbin_000032/CBF1_MAGScoT_cleanbin_000032.hypotheticals.tsv	/scratch/users/snarayanasamy/phage_uv_treatment/output/PRJEB79569/annotation/bakta/CBF1_MAGScoT_cleanbin_000032/CBF1_MAGScoT_cleanbin_000032.inference.tsv
CBF1_MAGScoT_cleanbin_000033	/scratch/users/snarayanasamy/phage_uv_treatment/output/PRJEB79569/binning/dereplication/dereplicated_genomes/CBF1_MAGScoT_cleanbin_000033.fasta	/scratch/users/snarayanasamy/phage_uv_treatment/output/PRJEB79569/annotation/bakta/CBF1_MAGScoT_cleanbin_000033	/scratch/users/snarayanasamy/phage_uv_treatment/output/PRJEB79569/annotation/bakta/CBF1_MAGScoT_cleanbin_000033/bakta.done	/scratch/users/snarayanasamy/phage_uv_treatment/output/PRJEB79569/annotation/bakta/CBF1_MAGScoT_cleanbin_000033/CBF1_MAGScoT_cleanbin_000033.gff3	/scratch/users/snarayanasamy/phage_uv_treatment/output/PRJEB79569/annotation/bakta/CBF1_MAGScoT_cleanbin_000033/CBF1_MAGScoT_cleanbin_000033.tsv	/scratch/users/snarayanasamy/phage_uv_treatment/output/PRJEB79569/annotation/bakta/CBF1_MAGScoT_cleanbin_000033/CBF1_MAGScoT_cleanbin_000033.faa	/scratch/users/snarayanasamy/phage_uv_treatment/output/PRJEB79569/annotation/bakta/CBF1_MAGScoT_cleanbin_000033/CBF1_MAGScoT_cleanbin_000033.ffn	/scratch/users/snarayanasamy/phage_uv_treatment/output/PRJEB79569/annotation/bakta/CBF1_MAGScoT_cleanbin_000033/CBF1_MAGScoT_cleanbin_000033.json	/scratch/users/snarayanasamy/phage_uv_treatment/output/PRJEB79569/annotation/bakta/CBF1_MAGScoT_cleanbin_000033/CBF1_MAGScoT_cleanbin_000033.gbff	/scratch/users/snarayanasamy/phage_uv_treatment/output/PRJEB79569/annotation/bakta/CBF1_MAGScoT_cleanbin_000033/CBF1_MAGScoT_cleanbin_000033.hypotheticals.tsv	/scratch/users/snarayanasamy/phage_uv_treatment/output/PRJEB79569/annotation/bakta/CBF1_MAGScoT_cleanbin_000033/CBF1_MAGScoT_cleanbin_000033.inference.tsv
CBF1_MAGScoT_cleanbin_000038	/scratch/users/snarayanasamy/phage_uv_treatment/output/PRJEB79569/binning/dereplication/dereplicated_genomes/CBF1_MAGScoT_cleanbin_000038.fasta	/scratch/users/snarayanasamy/phage_uv_treatment/output/PRJEB79569/annotation/bakta/CBF1_MAGScoT_cleanbin_000038	/scratch/users/snarayanasamy/phage_uv_treatment/output/PRJEB79569/annotation/bakta/CBF1_MAGScoT_cleanbin_000038/bakta.done	/scratch/users/snarayanasamy/phage_uv_treatment/output/PRJEB79569/annotation/bakta/CBF1_MAGScoT_cleanbin_000038/CBF1_MAGScoT_cleanbin_000038.gff3	/scratch/users/snarayanasamy/phage_uv_treatment/output/PRJEB79569/annotation/bakta/CBF1_MAGScoT_cleanbin_000038/CBF1_MAGScoT_cleanbin_000038.tsv	/scratch/users/snarayanasamy/phage_uv_treatment/output/PRJEB79569/annotation/bakta/CBF1_MAGScoT_cleanbin_000038/CBF1_MAGScoT_cleanbin_000038.faa	/scratch/users/snarayanasamy/phage_uv_treatment/output/PRJEB79569/annotation/bakta/CBF1_MAGScoT_cleanbin_000038/CBF1_MAGScoT_cleanbin_000038.ffn	/scratch/users/snarayanasamy/phage_uv_treatment/output/PRJEB79569/annotation/bakta/CBF1_MAGScoT_cleanbin_000038/CBF1_MAGScoT_cleanbin_000038.json	/scratch/users/snarayanasamy/phage_uv_treatment/output/PRJEB79569/annotation/bakta/CBF1_MAGScoT_cleanbin_000038/CBF1_MAGScoT_cleanbin_000038.gbff	/scratch/users/snarayanasamy/phage_uv_treatment/output/PRJEB79569/annotation/bakta/CBF1_MAGScoT_cleanbin_000038/CBF1_MAGScoT_cleanbin_000038.hypotheticals.tsv	/scratch/users/snarayanasamy/phage_uv_treatment/output/PRJEB79569/annotation/bakta/CBF1_MAGScoT_cleanbin_000038/CBF1_MAGScoT_cleanbin_000038.inference.tsv
CBF1_MAGScoT_cleanbin_000049	/scratch/users/snarayanasamy/phage_uv_treatment/output/PRJEB79569/binning/dereplication/dereplicated_genomes/CBF1_MAGScoT_cleanbin_000049.fasta	/scratch/users/snarayanasamy/phage_uv_treatment/output/PRJEB79569/annotation/bakta/CBF1_MAGScoT_cleanbin_000049	/scratch/users/snarayanasamy/phage_uv_treatment/output/PRJEB79569/annotation/bakta/CBF1_MAGScoT_cleanbin_000049/bakta.done	/scratch/users/snarayanasamy/phage_uv_treatment/output/PRJEB79569/annotation/bakta/CBF1_MAGScoT_cleanbin_000049/CBF1_MAGScoT_cleanbin_000049.gff3	/scratch/users/snarayanasamy/phage_uv_treatment/output/PRJEB79569/annotation/bakta/CBF1_MAGScoT_cleanbin_000049/CBF1_MAGScoT_cleanbin_000049.tsv	/scratch/users/snarayanasamy/phage_uv_treatment/output/PRJEB79569/annotation/bakta/CBF1_MAGScoT_cleanbin_000049/CBF1_MAGScoT_cleanbin_000049.faa	/scratch/users/snarayanasamy/phage_uv_treatment/output/PRJEB79569/annotation/bakta/CBF1_MAGScoT_cleanbin_000049/CBF1_MAGScoT_cleanbin_000049.ffn	/scratch/users/snarayanasamy/phage_uv_treatment/output/PRJEB79569/annotation/bakta/CBF1_MAGScoT_cleanbin_000049/CBF1_MAGScoT_cleanbin_000049.json	/scratch/users/snarayanasamy/phage_uv_treatment/output/PRJEB79569/annotation/bakta/CBF1_MAGScoT_cleanbin_000049/CBF1_MAGScoT_cleanbin_000049.gbff	/scratch/users/snarayanasamy/phage_uv_treatment/output/PRJEB79569/annotation/bakta/CBF1_MAGScoT_cleanbin_000049/CBF1_MAGScoT_cleanbin_000049.hypotheticals.tsv	/scratch/users/snarayanasamy/phage_uv_treatment/output/PRJEB79569/annotation/bakta/CBF1_MAGScoT_cleanbin_000049/CBF1_MAGScoT_cleanbin_000049.inference.tsv
CBF1_MAGScoT_cleanbin_000050	/scratch/users/snarayanasamy/phage_uv_treatment/output/PRJEB79569/binning/dereplication/dereplicated_genomes/CBF1_MAGScoT_cleanbin_000050.fasta	/scratch/users/snarayanasamy/phage_uv_treatment/output/PRJEB79569/annotation/bakta/CBF1_MAGScoT_cleanbin_000050	/scratch/users/snarayanasamy/phage_uv_treatment/output/PRJEB79569/annotation/bakta/CBF1_MAGScoT_cleanbin_000050/bakta.done	/scratch/users/snarayanasamy/phage_uv_treatment/output/PRJEB79569/annotation/bakta/CBF1_MAGScoT_cleanbin_000050/CBF1_MAGScoT_cleanbin_000050.gff3	/scratch/users/snarayanasamy/phage_uv_treatment/output/PRJEB79569/annotation/bakta/CBF1_MAGScoT_cleanbin_000050/CBF1_MAGScoT_cleanbin_000050.tsv	/scratch/users/snarayanasamy/phage_uv_treatment/output/PRJEB79569/annotation/bakta/CBF1_MAGScoT_cleanbin_000050/CBF1_MAGScoT_cleanbin_000050.faa	/scratch/users/snarayanasamy/phage_uv_treatment/output/PRJEB79569/annotation/bakta/CBF1_MAGScoT_cleanbin_000050/CBF1_MAGScoT_cleanbin_000050.ffn	/scratch/users/snarayanasamy/phage_uv_treatment/output/PRJEB79569/annotation/bakta/CBF1_MAGScoT_cleanbin_000050/CBF1_MAGScoT_cleanbin_000050.json	/scratch/users/snarayanasamy/phage_uv_treatment/output/PRJEB79569/annotation/bakta/CBF1_MAGScoT_cleanbin_000050/CBF1_MAGScoT_cleanbin_000050.gbff	/scratch/users/snarayanasamy/phage_uv_treatment/output/PRJEB79569/annotation/bakta/CBF1_MAGScoT_cleanbin_000050/CBF1_MAGScoT_cleanbin_000050.hypotheticals.tsv	/scratch/users/snarayanasamy/phage_uv_treatment/output/PRJEB79569/annotation/bakta/CBF1_MAGScoT_cleanbin_000050/CBF1_MAGScoT_cleanbin_000050.inference.tsv
CBF1_MAGScoT_cleanbin_000051	/scratch/users/snarayanasamy/phage_uv_treatment/output/PRJEB79569/binning/dereplication/dereplicated_genomes/CBF1_MAGScoT_cleanbin_000051.fasta	/scratch/users/snarayanasamy/phage_uv_treatment/output/PRJEB79569/annotation/bakta/CBF1_MAGScoT_cleanbin_000051	/scratch/users/snarayanasamy/phage_uv_treatment/output/PRJEB79569/annotation/bakta/CBF1_MAGScoT_cleanbin_000051/bakta.done	/scratch/users/snarayanasamy/phage_uv_treatment/output/PRJEB79569/annotation/bakta/CBF1_MAGScoT_cleanbin_000051/CBF1_MAGScoT_cleanbin_000051.gff3	/scratch/users/snarayanasamy/phage_uv_treatment/output/PRJEB79569/annotation/bakta/CBF1_MAGScoT_cleanbin_000051/CBF1_MAGScoT_cleanbin_000051.tsv	/scratch/users/snarayanasamy/phage_uv_treatment/output/PRJEB79569/annotation/bakta/CBF1_MAGScoT_cleanbin_000051/CBF1_MAGScoT_cleanbin_000051.faa	/scratch/users/snarayanasamy/phage_uv_treatment/output/PRJEB79569/annotation/bakta/CBF1_MAGScoT_cleanbin_000051/CBF1_MAGScoT_cleanbin_000051.ffn	/scratch/users/snarayanasamy/phage_uv_treatment/output/PRJEB79569/annotation/bakta/CBF1_MAGScoT_cleanbin_000051/CBF1_MAGScoT_cleanbin_000051.json	/scratch/users/snarayanasamy/phage_uv_treatment/output/PRJEB79569/annotation/bakta/CBF1_MAGScoT_cleanbin_000051/CBF1_MAGScoT_cleanbin_000051.gbff	/scratch/users/snarayanasamy/phage_uv_treatment/output/PRJEB79569/annotation/bakta/CBF1_MAGScoT_cleanbin_000051/CBF1_MAGScoT_cleanbin_000051.hypotheticals.tsv	/scratch/users/snarayanasamy/phage_uv_treatment/output/PRJEB79569/annotation/bakta/CBF1_MAGScoT_cleanbin_000051/CBF1_MAGScoT_cleanbin_000051.inference.tsv
CBF1_MAGScoT_cleanbin_000057	/scratch/users/snarayanasamy/phage_uv_treatment/output/PRJEB79569/binning/dereplication/dereplicated_genomes/CBF1_MAGScoT_cleanbin_000057.fasta	/scratch/users/snarayanasamy/phage_uv_treatment/output/PRJEB79569/annotation/bakta/CBF1_MAGScoT_cleanbin_000057	/scratch/users/snarayanasamy/phage_uv_treatment/output/PRJEB79569/annotation/bakta/CBF1_MAGScoT_cleanbin_000057/bakta.done	/scratch/users/snarayanasamy/phage_uv_treatment/output/PRJEB79569/annotation/bakta/CBF1_MAGScoT_cleanbin_000057/CBF1_MAGScoT_cleanbin_000057.gff3	/scratch/users/snarayanasamy/phage_uv_treatment/output/PRJEB79569/annotation/bakta/CBF1_MAGScoT_cleanbin_000057/CBF1_MAGScoT_cleanbin_000057.tsv	/scratch/users/snarayanasamy/phage_uv_treatment/output/PRJEB79569/annotation/bakta/CBF1_MAGScoT_cleanbin_000057/CBF1_MAGScoT_cleanbin_000057.faa	/scratch/users/snarayanasamy/phage_uv_treatment/output/PRJEB79569/annotation/bakta/CBF1_MAGScoT_cleanbin_000057/CBF1_MAGScoT_cleanbin_000057.ffn	/scratch/users/snarayanasamy/phage_uv_treatment/output/PRJEB79569/annotation/bakta/CBF1_MAGScoT_cleanbin_000057/CBF1_MAGScoT_cleanbin_000057.json	/scratch/users/snarayanasamy/phage_uv_treatment/output/PRJEB79569/annotation/bakta/CBF1_MAGScoT_cleanbin_000057/CBF1_MAGScoT_cleanbin_000057.gbff	/scratch/users/snarayanasamy/phage_uv_treatment/output/PRJEB79569/annotation/bakta/CBF1_MAGScoT_cleanbin_000057/CBF1_MAGScoT_cleanbin_000057.hypotheticals.tsv	/scratch/users/snarayanasamy/phage_uv_treatment/output/PRJEB79569/annotation/bakta/CBF1_MAGScoT_cleanbin_000057/CBF1_MAGScoT_cleanbin_000057.inference.tsv
CBF1_MAGScoT_cleanbin_000059	/scratch/users/snarayanasamy/phage_uv_treatment/output/PRJEB79569/binning/dereplication/dereplicated_genomes/CBF1_MAGScoT_cleanbin_000059.fasta	/scratch/users/snarayanasamy/phage_uv_treatment/output/PRJEB79569/annotation/bakta/CBF1_MAGScoT_cleanbin_000059	/scratch/users/snarayanasamy/phage_uv_treatment/output/PRJEB79569/annotation/bakta/CBF1_MAGScoT_cleanbin_000059/bakta.done	/scratch/users/snarayanasamy/phage_uv_treatment/output/PRJEB79569/annotation/bakta/CBF1_MAGScoT_cleanbin_000059/CBF1_MAGScoT_cleanbin_000059.gff3	/scratch/users/snarayanasamy/phage_uv_treatment/output/PRJEB79569/annotation/bakta/CBF1_MAGScoT_cleanbin_000059/CBF1_MAGScoT_cleanbin_000059.tsv	/scratch/users/snarayanasamy/phage_uv_treatment/output/PRJEB79569/annotation/bakta/CBF1_MAGScoT_cleanbin_000059/CBF1_MAGScoT_cleanbin_000059.faa	/scratch/users/snarayanasamy/phage_uv_treatment/output/PRJEB79569/annotation/bakta/CBF1_MAGScoT_cleanbin_000059/CBF1_MAGScoT_cleanbin_000059.ffn	/scratch/users/snarayanasamy/phage_uv_treatment/output/PRJEB79569/annotation/bakta/CBF1_MAGScoT_cleanbin_000059/CBF1_MAGScoT_cleanbin_000059.json	/scratch/users/snarayanasamy/phage_uv_treatment/output/PRJEB79569/annotation/bakta/CBF1_MAGScoT_cleanbin_000059/CBF1_MAGScoT_cleanbin_000059.gbff	/scratch/users/snarayanasamy/phage_uv_treatment/output/PRJEB79569/annotation/bakta/CBF1_MAGScoT_cleanbin_000059/CBF1_MAGScoT_cleanbin_000059.hypotheticals.tsv	/scratch/users/snarayanasamy/phage_uv_treatment/output/PRJEB79569/annotation/bakta/CBF1_MAGScoT_cleanbin_000059/CBF1_MAGScoT_cleanbin_000059.inference.tsv
CBF1_MAGScoT_cleanbin_000062	/scratch/users/snarayanasamy/phage_uv_treatment/output/PRJEB79569/binning/dereplication/dereplicated_genomes/CBF1_MAGScoT_cleanbin_000062.fasta	/scratch/users/snarayanasamy/phage_uv_treatment/output/PRJEB79569/annotation/bakta/CBF1_MAGScoT_cleanbin_000062	/scratch/users/snarayanasamy/phage_uv_treatment/output/PRJEB79569/annotation/bakta/CBF1_MAGScoT_cleanbin_000062/bakta.done	/scratch/users/snarayanasamy/phage_uv_treatment/output/PRJEB79569/annotation/bakta/CBF1_MAGScoT_cleanbin_000062/CBF1_MAGScoT_cleanbin_000062.gff3	/scratch/users/snarayanasamy/phage_uv_treatment/output/PRJEB79569/annotation/bakta/CBF1_MAGScoT_cleanbin_000062/CBF1_MAGScoT_cleanbin_000062.tsv	/scratch/users/snarayanasamy/phage_uv_treatment/output/PRJEB79569/annotation/bakta/CBF1_MAGScoT_cleanbin_000062/CBF1_MAGScoT_cleanbin_000062.faa	/scratch/users/snarayanasamy/phage_uv_treatment/output/PRJEB79569/annotation/bakta/CBF1_MAGScoT_cleanbin_000062/CBF1_MAGScoT_cleanbin_000062.ffn	/scratch/users/snarayanasamy/phage_uv_treatment/output/PRJEB79569/annotation/bakta/CBF1_MAGScoT_cleanbin_000062/CBF1_MAGScoT_cleanbin_000062.json	/scratch/users/snarayanasamy/phage_uv_treatment/output/PRJEB79569/annotation/bakta/CBF1_MAGScoT_cleanbin_000062/CBF1_MAGScoT_cleanbin_000062.gbff	/scratch/users/snarayanasamy/phage_uv_treatment/output/PRJEB79569/annotation/bakta/CBF1_MAGScoT_cleanbin_000062/CBF1_MAGScoT_cleanbin_000062.hypotheticals.tsv	/scratch/users/snarayanasamy/phage_uv_treatment/output/PRJEB79569/annotation/bakta/CBF1_MAGScoT_cleanbin_000062/CBF1_MAGScoT_cleanbin_000062.inference.tsv
CBF1_MAGScoT_cleanbin_000064	/scratch/users/snarayanasamy/phage_uv_treatment/output/PRJEB79569/binning/dereplication/dereplicated_genomes/CBF1_MAGScoT_cleanbin_000064.fasta	/scratch/users/snarayanasamy/phage_uv_treatment/output/PRJEB79569/annotation/bakta/CBF1_MAGScoT_cleanbin_000064	/scratch/users/snarayanasamy/phage_uv_treatment/output/PRJEB79569/annotation/bakta/CBF1_MAGScoT_cleanbin_000064/bakta.done	/scratch/users/snarayanasamy/phage_uv_treatment/output/PRJEB79569/annotation/bakta/CBF1_MAGScoT_cleanbin_000064/CBF1_MAGScoT_cleanbin_000064.gff3	/scratch/users/snarayanasamy/phage_uv_treatment/output/PRJEB79569/annotation/bakta/CBF1_MAGScoT_cleanbin_000064/CBF1_MAGScoT_cleanbin_000064.tsv	/scratch/users/snarayanasamy/phage_uv_treatment/output/PRJEB79569/annotation/bakta/CBF1_MAGScoT_cleanbin_000064/CBF1_MAGScoT_cleanbin_000064.faa	/scratch/users/snarayanasamy/phage_uv_treatment/output/PRJEB79569/annotation/bakta/CBF1_MAGScoT_cleanbin_000064/CBF1_MAGScoT_cleanbin_000064.ffn	/scratch/users/snarayanasamy/phage_uv_treatment/output/PRJEB79569/annotation/bakta/CBF1_MAGScoT_cleanbin_000064/CBF1_MAGScoT_cleanbin_000064.json	/scratch/users/snarayanasamy/phage_uv_treatment/output/PRJEB79569/annotation/bakta/CBF1_MAGScoT_cleanbin_000064/CBF1_MAGScoT_cleanbin_000064.gbff	/scratch/users/snarayanasamy/phage_uv_treatment/output/PRJEB79569/annotation/bakta/CBF1_MAGScoT_cleanbin_000064/CBF1_MAGScoT_cleanbin_000064.hypotheticals.tsv	/scratch/users/snarayanasamy/phage_uv_treatment/output/PRJEB79569/annotation/bakta/CBF1_MAGScoT_cleanbin_000064/CBF1_MAGScoT_cleanbin_000064.inference.tsv
CBF1_MAGScoT_cleanbin_000065	/scratch/users/snarayanasamy/phage_uv_treatment/output/PRJEB79569/binning/dereplication/dereplicated_genomes/CBF1_MAGScoT_cleanbin_000065.fasta	/scratch/users/snarayanasamy/phage_uv_treatment/output/PRJEB79569/annotation/bakta/CBF1_MAGScoT_cleanbin_000065	/scratch/users/snarayanasamy/phage_uv_treatment/output/PRJEB79569/annotation/bakta/CBF1_MAGScoT_cleanbin_000065/bakta.done	/scratch/users/snarayanasamy/phage_uv_treatment/output/PRJEB79569/annotation/bakta/CBF1_MAGScoT_cleanbin_000065/CBF1_MAGScoT_cleanbin_000065.gff3	/scratch/users/snarayanasamy/phage_uv_treatment/output/PRJEB79569/annotation/bakta/CBF1_MAGScoT_cleanbin_000065/CBF1_MAGScoT_cleanbin_000065.tsv	/scratch/users/snarayanasamy/phage_uv_treatment/output/PRJEB79569/annotation/bakta/CBF1_MAGScoT_cleanbin_000065/CBF1_MAGScoT_cleanbin_000065.faa	/scratch/users/snarayanasamy/phage_uv_treatment/output/PRJEB79569/annotation/bakta/CBF1_MAGScoT_cleanbin_000065/CBF1_MAGScoT_cleanbin_000065.ffn	/scratch/users/snarayanasamy/phage_uv_treatment/output/PRJEB79569/annotation/bakta/CBF1_MAGScoT_cleanbin_000065/CBF1_MAGScoT_cleanbin_000065.json	/scratch/users/snarayanasamy/phage_uv_treatment/output/PRJEB79569/annotation/bakta/CBF1_MAGScoT_cleanbin_000065/CBF1_MAGScoT_cleanbin_000065.gbff	/scratch/users/snarayanasamy/phage_uv_treatment/output/PRJEB79569/annotation/bakta/CBF1_MAGScoT_cleanbin_000065/CBF1_MAGScoT_cleanbin_000065.hypotheticals.tsv	/scratch/users/snarayanasamy/phage_uv_treatment/output/PRJEB79569/annotation/bakta/CBF1_MAGScoT_cleanbin_000065/CBF1_MAGScoT_cleanbin_000065.inference.tsv
CBF1_MAGScoT_cleanbin_000067	/scratch/users/snarayanasamy/phage_uv_treatment/output/PRJEB79569/binning/dereplication/dereplicated_genomes/CBF1_MAGScoT_cleanbin_000067.fasta	/scratch/users/snarayanasamy/phage_uv_treatment/output/PRJEB79569/annotation/bakta/CBF1_MAGScoT_cleanbin_000067	/scratch/users/snarayanasamy/phage_uv_treatment/output/PRJEB79569/annotation/bakta/CBF1_MAGScoT_cleanbin_000067/bakta.done	/scratch/users/snarayanasamy/phage_uv_treatment/output/PRJEB79569/annotation/bakta/CBF1_MAGScoT_cleanbin_000067/CBF1_MAGScoT_cleanbin_000067.gff3	/scratch/users/snarayanasamy/phage_uv_treatment/output/PRJEB79569/annotation/bakta/CBF1_MAGScoT_cleanbin_000067/CBF1_MAGScoT_cleanbin_000067.tsv	/scratch/users/snarayanasamy/phage_uv_treatment/output/PRJEB79569/annotation/bakta/CBF1_MAGScoT_cleanbin_000067/CBF1_MAGScoT_cleanbin_000067.faa	/scratch/users/snarayanasamy/phage_uv_treatment/output/PRJEB79569/annotation/bakta/CBF1_MAGScoT_cleanbin_000067/CBF1_MAGScoT_cleanbin_000067.ffn	/scratch/users/snarayanasamy/phage_uv_treatment/output/PRJEB79569/annotation/bakta/CBF1_MAGScoT_cleanbin_000067/CBF1_MAGScoT_cleanbin_000067.json	/scratch/users/snarayanasamy/phage_uv_treatment/output/PRJEB79569/annotation/bakta/CBF1_MAGScoT_cleanbin_000067/CBF1_MAGScoT_cleanbin_000067.gbff	/scratch/users/snarayanasamy/phage_uv_treatment/output/PRJEB79569/annotation/bakta/CBF1_MAGScoT_cleanbin_000067/CBF1_MAGScoT_cleanbin_000067.hypotheticals.tsv	/scratch/users/snarayanasamy/phage_uv_treatment/output/PRJEB79569/annotation/bakta/CBF1_MAGScoT_cleanbin_000067/CBF1_MAGScoT_cleanbin_000067.inference.tsv
CBF1_MAGScoT_cleanbin_000069	/scratch/users/snarayanasamy/phage_uv_treatment/output/PRJEB79569/binning/dereplication/dereplicated_genomes/CBF1_MAGScoT_cleanbin_000069.fasta	/scratch/users/snarayanasamy/phage_uv_treatment/output/PRJEB79569/annotation/bakta/CBF1_MAGScoT_cleanbin_000069	/scratch/users/snarayanasamy/phage_uv_treatment/output/PRJEB79569/annotation/bakta/CBF1_MAGScoT_cleanbin_000069/bakta.done	/scratch/users/snarayanasamy/phage_uv_treatment/output/PRJEB79569/annotation/bakta/CBF1_MAGScoT_cleanbin_000069/CBF1_MAGScoT_cleanbin_000069.gff3	/scratch/users/snarayanasamy/phage_uv_treatment/output/PRJEB79569/annotation/bakta/CBF1_MAGScoT_cleanbin_000069/CBF1_MAGScoT_cleanbin_000069.tsv	/scratch/users/snarayanasamy/phage_uv_treatment/output/PRJEB79569/annotation/bakta/CBF1_MAGScoT_cleanbin_000069/CBF1_MAGScoT_cleanbin_000069.faa	/scratch/users/snarayanasamy/phage_uv_treatment/output/PRJEB79569/annotation/bakta/CBF1_MAGScoT_cleanbin_000069/CBF1_MAGScoT_cleanbin_000069.ffn	/scratch/users/snarayanasamy/phage_uv_treatment/output/PRJEB79569/annotation/bakta/CBF1_MAGScoT_cleanbin_000069/CBF1_MAGScoT_cleanbin_000069.json	/scratch/users/snarayanasamy/phage_uv_treatment/output/PRJEB79569/annotation/bakta/CBF1_MAGScoT_cleanbin_000069/CBF1_MAGScoT_cleanbin_000069.gbff	/scratch/users/snarayanasamy/phage_uv_treatment/output/PRJEB79569/annotation/bakta/CBF1_MAGScoT_cleanbin_000069/CBF1_MAGScoT_cleanbin_000069.hypotheticals.tsv	/scratch/users/snarayanasamy/phage_uv_treatment/output/PRJEB79569/annotation/bakta/CBF1_MAGScoT_cleanbin_000069/CBF1_MAGScoT_cleanbin_000069.inference.tsv
CBF1_MAGScoT_cleanbin_000070	/scratch/users/snarayanasamy/phage_uv_treatment/output/PRJEB79569/binning/dereplication/dereplicated_genomes/CBF1_MAGScoT_cleanbin_000070.fasta	/scratch/users/snarayanasamy/phage_uv_treatment/output/PRJEB79569/annotation/bakta/CBF1_MAGScoT_cleanbin_000070	/scratch/users/snarayanasamy/phage_uv_treatment/output/PRJEB79569/annotation/bakta/CBF1_MAGScoT_cleanbin_000070/bakta.done	/scratch/users/snarayanasamy/phage_uv_treatment/output/PRJEB79569/annotation/bakta/CBF1_MAGScoT_cleanbin_000070/CBF1_MAGScoT_cleanbin_000070.gff3	/scratch/users/snarayanasamy/phage_uv_treatment/output/PRJEB79569/annotation/bakta/CBF1_MAGScoT_cleanbin_000070/CBF1_MAGScoT_cleanbin_000070.tsv	/scratch/users/snarayanasamy/phage_uv_treatment/output/PRJEB79569/annotation/bakta/CBF1_MAGScoT_cleanbin_000070/CBF1_MAGScoT_cleanbin_000070.faa	/scratch/users/snarayanasamy/phage_uv_treatment/output/PRJEB79569/annotation/bakta/CBF1_MAGScoT_cleanbin_000070/CBF1_MAGScoT_cleanbin_000070.ffn	/scratch/users/snarayanasamy/phage_uv_treatment/output/PRJEB79569/annotation/bakta/CBF1_MAGScoT_cleanbin_000070/CBF1_MAGScoT_cleanbin_000070.json	/scratch/users/snarayanasamy/phage_uv_treatment/output/PRJEB79569/annotation/bakta/CBF1_MAGScoT_cleanbin_000070/CBF1_MAGScoT_cleanbin_000070.gbff	/scratch/users/snarayanasamy/phage_uv_treatment/output/PRJEB79569/annotation/bakta/CBF1_MAGScoT_cleanbin_000070/CBF1_MAGScoT_cleanbin_000070.hypotheticals.tsv	/scratch/users/snarayanasamy/phage_uv_treatment/output/PRJEB79569/annotation/bakta/CBF1_MAGScoT_cleanbin_000070/CBF1_MAGScoT_cleanbin_000070.inference.tsv
CBF1_MAGScoT_cleanbin_000074	/scratch/users/snarayanasamy/phage_uv_treatment/output/PRJEB79569/binning/dereplication/dereplicated_genomes/CBF1_MAGScoT_cleanbin_000074.fasta	/scratch/users/snarayanasamy/phage_uv_treatment/output/PRJEB79569/annotation/bakta/CBF1_MAGScoT_cleanbin_000074	/scratch/users/snarayanasamy/phage_uv_treatment/output/PRJEB79569/annotation/bakta/CBF1_MAGScoT_cleanbin_000074/bakta.done	/scratch/users/snarayanasamy/phage_uv_treatment/output/PRJEB79569/annotation/bakta/CBF1_MAGScoT_cleanbin_000074/CBF1_MAGScoT_cleanbin_000074.gff3	/scratch/users/snarayanasamy/phage_uv_treatment/output/PRJEB79569/annotation/bakta/CBF1_MAGScoT_cleanbin_000074/CBF1_MAGScoT_cleanbin_000074.tsv	/scratch/users/snarayanasamy/phage_uv_treatment/output/PRJEB79569/annotation/bakta/CBF1_MAGScoT_cleanbin_000074/CBF1_MAGScoT_cleanbin_000074.faa	/scratch/users/snarayanasamy/phage_uv_treatment/output/PRJEB79569/annotation/bakta/CBF1_MAGScoT_cleanbin_000074/CBF1_MAGScoT_cleanbin_000074.ffn	/scratch/users/snarayanasamy/phage_uv_treatment/output/PRJEB79569/annotation/bakta/CBF1_MAGScoT_cleanbin_000074/CBF1_MAGScoT_cleanbin_000074.json	/scratch/users/snarayanasamy/phage_uv_treatment/output/PRJEB79569/annotation/bakta/CBF1_MAGScoT_cleanbin_000074/CBF1_MAGScoT_cleanbin_000074.gbff	/scratch/users/snarayanasamy/phage_uv_treatment/output/PRJEB79569/annotation/bakta/CBF1_MAGScoT_cleanbin_000074/CBF1_MAGScoT_cleanbin_000074.hypotheticals.tsv	/scratch/users/snarayanasamy/phage_uv_treatment/output/PRJEB79569/annotation/bakta/CBF1_MAGScoT_cleanbin_000074/CBF1_MAGScoT_cleanbin_000074.inference.tsv
CBF1_MAGScoT_cleanbin_000075	/scratch/users/snarayanasamy/phage_uv_treatment/output/PRJEB79569/binning/dereplication/dereplicated_genomes/CBF1_MAGScoT_cleanbin_000075.fasta	/scratch/users/snarayanasamy/phage_uv_treatment/output/PRJEB79569/annotation/bakta/CBF1_MAGScoT_cleanbin_000075	/scratch/users/snarayanasamy/phage_uv_treatment/output/PRJEB79569/annotation/bakta/CBF1_MAGScoT_cleanbin_000075/bakta.done	/scratch/users/snarayanasamy/phage_uv_treatment/output/PRJEB79569/annotation/bakta/CBF1_MAGScoT_cleanbin_000075/CBF1_MAGScoT_cleanbin_000075.gff3	/scratch/users/snarayanasamy/phage_uv_treatment/output/PRJEB79569/annotation/bakta/CBF1_MAGScoT_cleanbin_000075/CBF1_MAGScoT_cleanbin_000075.tsv	/scratch/users/snarayanasamy/phage_uv_treatment/output/PRJEB79569/annotation/bakta/CBF1_MAGScoT_cleanbin_000075/CBF1_MAGScoT_cleanbin_000075.faa	/scratch/users/snarayanasamy/phage_uv_treatment/output/PRJEB79569/annotation/bakta/CBF1_MAGScoT_cleanbin_000075/CBF1_MAGScoT_cleanbin_000075.ffn	/scratch/users/snarayanasamy/phage_uv_treatment/output/PRJEB79569/annotation/bakta/CBF1_MAGScoT_cleanbin_000075/CBF1_MAGScoT_cleanbin_000075.json	/scratch/users/snarayanasamy/phage_uv_treatment/output/PRJEB79569/annotation/bakta/CBF1_MAGScoT_cleanbin_000075/CBF1_MAGScoT_cleanbin_000075.gbff	/scratch/users/snarayanasamy/phage_uv_treatment/output/PRJEB79569/annotation/bakta/CBF1_MAGScoT_cleanbin_000075/CBF1_MAGScoT_cleanbin_000075.hypotheticals.tsv	/scratch/users/snarayanasamy/phage_uv_treatment/output/PRJEB79569/annotation/bakta/CBF1_MAGScoT_cleanbin_000075/CBF1_MAGScoT_cleanbin_000075.inference.tsv
CBF1_MAGScoT_cleanbin_000076	/scratch/users/snarayanasamy/phage_uv_treatment/output/PRJEB79569/binning/dereplication/dereplicated_genomes/CBF1_MAGScoT_cleanbin_000076.fasta	/scratch/users/snarayanasamy/phage_uv_treatment/output/PRJEB79569/annotation/bakta/CBF1_MAGScoT_cleanbin_000076	/scratch/users/snarayanasamy/phage_uv_treatment/output/PRJEB79569/annotation/bakta/CBF1_MAGScoT_cleanbin_000076/bakta.done	/scratch/users/snarayanasamy/phage_uv_treatment/output/PRJEB79569/annotation/bakta/CBF1_MAGScoT_cleanbin_000076/CBF1_MAGScoT_cleanbin_000076.gff3	/scratch/users/snarayanasamy/phage_uv_treatment/output/PRJEB79569/annotation/bakta/CBF1_MAGScoT_cleanbin_000076/CBF1_MAGScoT_cleanbin_000076.tsv	/scratch/users/snarayanasamy/phage_uv_treatment/output/PRJEB79569/annotation/bakta/CBF1_MAGScoT_cleanbin_000076/CBF1_MAGScoT_cleanbin_000076.faa	/scratch/users/snarayanasamy/phage_uv_treatment/output/PRJEB79569/annotation/bakta/CBF1_MAGScoT_cleanbin_000076/CBF1_MAGScoT_cleanbin_000076.ffn	/scratch/users/snarayanasamy/phage_uv_treatment/output/PRJEB79569/annotation/bakta/CBF1_MAGScoT_cleanbin_000076/CBF1_MAGScoT_cleanbin_000076.json	/scratch/users/snarayanasamy/phage_uv_treatment/output/PRJEB79569/annotation/bakta/CBF1_MAGScoT_cleanbin_000076/CBF1_MAGScoT_cleanbin_000076.gbff	/scratch/users/snarayanasamy/phage_uv_treatment/output/PRJEB79569/annotation/bakta/CBF1_MAGScoT_cleanbin_000076/CBF1_MAGScoT_cleanbin_000076.hypotheticals.tsv	/scratch/users/snarayanasamy/phage_uv_treatment/output/PRJEB79569/annotation/bakta/CBF1_MAGScoT_cleanbin_000076/CBF1_MAGScoT_cleanbin_000076.inference.tsv
CBF1_MAGScoT_cleanbin_000077	/scratch/users/snarayanasamy/phage_uv_treatment/output/PRJEB79569/binning/dereplication/dereplicated_genomes/CBF1_MAGScoT_cleanbin_000077.fasta	/scratch/users/snarayanasamy/phage_uv_treatment/output/PRJEB79569/annotation/bakta/CBF1_MAGScoT_cleanbin_000077	/scratch/users/snarayanasamy/phage_uv_treatment/output/PRJEB79569/annotation/bakta/CBF1_MAGScoT_cleanbin_000077/bakta.done	/scratch/users/snarayanasamy/phage_uv_treatment/output/PRJEB79569/annotation/bakta/CBF1_MAGScoT_cleanbin_000077/CBF1_MAGScoT_cleanbin_000077.gff3	/scratch/users/snarayanasamy/phage_uv_treatment/output/PRJEB79569/annotation/bakta/CBF1_MAGScoT_cleanbin_000077/CBF1_MAGScoT_cleanbin_000077.tsv	/scratch/users/snarayanasamy/phage_uv_treatment/output/PRJEB79569/annotation/bakta/CBF1_MAGScoT_cleanbin_000077/CBF1_MAGScoT_cleanbin_000077.faa	/scratch/users/snarayanasamy/phage_uv_treatment/output/PRJEB79569/annotation/bakta/CBF1_MAGScoT_cleanbin_000077/CBF1_MAGScoT_cleanbin_000077.ffn	/scratch/users/snarayanasamy/phage_uv_treatment/output/PRJEB79569/annotation/bakta/CBF1_MAGScoT_cleanbin_000077/CBF1_MAGScoT_cleanbin_000077.json	/scratch/users/snarayanasamy/phage_uv_treatment/output/PRJEB79569/annotation/bakta/CBF1_MAGScoT_cleanbin_000077/CBF1_MAGScoT_cleanbin_000077.gbff	/scratch/users/snarayanasamy/phage_uv_treatment/output/PRJEB79569/annotation/bakta/CBF1_MAGScoT_cleanbin_000077/CBF1_MAGScoT_cleanbin_000077.hypotheticals.tsv	/scratch/users/snarayanasamy/phage_uv_treatment/output/PRJEB79569/annotation/bakta/CBF1_MAGScoT_cleanbin_000077/CBF1_MAGScoT_cleanbin_000077.inference.tsv
CBF1_MAGScoT_cleanbin_000079	/scratch/users/snarayanasamy/phage_uv_treatment/output/PRJEB79569/binning/dereplication/dereplicated_genomes/CBF1_MAGScoT_cleanbin_000079.fasta	/scratch/users/snarayanasamy/phage_uv_treatment/output/PRJEB79569/annotation/bakta/CBF1_MAGScoT_cleanbin_000079	/scratch/users/snarayanasamy/phage_uv_treatment/output/PRJEB79569/annotation/bakta/CBF1_MAGScoT_cleanbin_000079/bakta.done	/scratch/users/snarayanasamy/phage_uv_treatment/output/PRJEB79569/annotation/bakta/CBF1_MAGScoT_cleanbin_000079/CBF1_MAGScoT_cleanbin_000079.gff3	/scratch/users/snarayanasamy/phage_uv_treatment/output/PRJEB79569/annotation/bakta/CBF1_MAGScoT_cleanbin_000079/CBF1_MAGScoT_cleanbin_000079.tsv	/scratch/users/snarayanasamy/phage_uv_treatment/output/PRJEB79569/annotation/bakta/CBF1_MAGScoT_cleanbin_000079/CBF1_MAGScoT_cleanbin_000079.faa	/scratch/users/snarayanasamy/phage_uv_treatment/output/PRJEB79569/annotation/bakta/CBF1_MAGScoT_cleanbin_000079/CBF1_MAGScoT_cleanbin_000079.ffn	/scratch/users/snarayanasamy/phage_uv_treatment/output/PRJEB79569/annotation/bakta/CBF1_MAGScoT_cleanbin_000079/CBF1_MAGScoT_cleanbin_000079.json	/scratch/users/snarayanasamy/phage_uv_treatment/output/PRJEB79569/annotation/bakta/CBF1_MAGScoT_cleanbin_000079/CBF1_MAGScoT_cleanbin_000079.gbff	/scratch/users/snarayanasamy/phage_uv_treatment/output/PRJEB79569/annotation/bakta/CBF1_MAGScoT_cleanbin_000079/CBF1_MAGScoT_cleanbin_000079.hypotheticals.tsv	/scratch/users/snarayanasamy/phage_uv_treatment/output/PRJEB79569/annotation/bakta/CBF1_MAGScoT_cleanbin_000079/CBF1_MAGScoT_cleanbin_000079.inference.tsv
CBF1_MAGScoT_cleanbin_000083	/scratch/users/snarayanasamy/phage_uv_treatment/output/PRJEB79569/binning/dereplication/dereplicated_genomes/CBF1_MAGScoT_cleanbin_000083.fasta	/scratch/users/snarayanasamy/phage_uv_treatment/output/PRJEB79569/annotation/bakta/CBF1_MAGScoT_cleanbin_000083	/scratch/users/snarayanasamy/phage_uv_treatment/output/PRJEB79569/annotation/bakta/CBF1_MAGScoT_cleanbin_000083/bakta.done	/scratch/users/snarayanasamy/phage_uv_treatment/output/PRJEB79569/annotation/bakta/CBF1_MAGScoT_cleanbin_000083/CBF1_MAGScoT_cleanbin_000083.gff3	/scratch/users/snarayanasamy/phage_uv_treatment/output/PRJEB79569/annotation/bakta/CBF1_MAGScoT_cleanbin_000083/CBF1_MAGScoT_cleanbin_000083.tsv	/scratch/users/snarayanasamy/phage_uv_treatment/output/PRJEB79569/annotation/bakta/CBF1_MAGScoT_cleanbin_000083/CBF1_MAGScoT_cleanbin_000083.faa	/scratch/users/snarayanasamy/phage_uv_treatment/output/PRJEB79569/annotation/bakta/CBF1_MAGScoT_cleanbin_000083/CBF1_MAGScoT_cleanbin_000083.ffn	/scratch/users/snarayanasamy/phage_uv_treatment/output/PRJEB79569/annotation/bakta/CBF1_MAGScoT_cleanbin_000083/CBF1_MAGScoT_cleanbin_000083.json	/scratch/users/snarayanasamy/phage_uv_treatment/output/PRJEB79569/annotation/bakta/CBF1_MAGScoT_cleanbin_000083/CBF1_MAGScoT_cleanbin_000083.gbff	/scratch/users/snarayanasamy/phage_uv_treatment/output/PRJEB79569/annotation/bakta/CBF1_MAGScoT_cleanbin_000083/CBF1_MAGScoT_cleanbin_000083.hypotheticals.tsv	/scratch/users/snarayanasamy/phage_uv_treatment/output/PRJEB79569/annotation/bakta/CBF1_MAGScoT_cleanbin_000083/CBF1_MAGScoT_cleanbin_000083.inference.tsv
CBF1_MAGScoT_cleanbin_000085	/scratch/users/snarayanasamy/phage_uv_treatment/output/PRJEB79569/binning/dereplication/dereplicated_genomes/CBF1_MAGScoT_cleanbin_000085.fasta	/scratch/users/snarayanasamy/phage_uv_treatment/output/PRJEB79569/annotation/bakta/CBF1_MAGScoT_cleanbin_000085	/scratch/users/snarayanasamy/phage_uv_treatment/output/PRJEB79569/annotation/bakta/CBF1_MAGScoT_cleanbin_000085/bakta.done	/scratch/users/snarayanasamy/phage_uv_treatment/output/PRJEB79569/annotation/bakta/CBF1_MAGScoT_cleanbin_000085/CBF1_MAGScoT_cleanbin_000085.gff3	/scratch/users/snarayanasamy/phage_uv_treatment/output/PRJEB79569/annotation/bakta/CBF1_MAGScoT_cleanbin_000085/CBF1_MAGScoT_cleanbin_000085.tsv	/scratch/users/snarayanasamy/phage_uv_treatment/output/PRJEB79569/annotation/bakta/CBF1_MAGScoT_cleanbin_000085/CBF1_MAGScoT_cleanbin_000085.faa	/scratch/users/snarayanasamy/phage_uv_treatment/output/PRJEB79569/annotation/bakta/CBF1_MAGScoT_cleanbin_000085/CBF1_MAGScoT_cleanbin_000085.ffn	/scratch/users/snarayanasamy/phage_uv_treatment/output/PRJEB79569/annotation/bakta/CBF1_MAGScoT_cleanbin_000085/CBF1_MAGScoT_cleanbin_000085.json	/scratch/users/snarayanasamy/phage_uv_treatment/output/PRJEB79569/annotation/bakta/CBF1_MAGScoT_cleanbin_000085/CBF1_MAGScoT_cleanbin_000085.gbff	/scratch/users/snarayanasamy/phage_uv_treatment/output/PRJEB79569/annotation/bakta/CBF1_MAGScoT_cleanbin_000085/CBF1_MAGScoT_cleanbin_000085.hypotheticals.tsv	/scratch/users/snarayanasamy/phage_uv_treatment/output/PRJEB79569/annotation/bakta/CBF1_MAGScoT_cleanbin_000085/CBF1_MAGScoT_cleanbin_000085.inference.tsv
CBF1_MAGScoT_cleanbin_000089	/scratch/users/snarayanasamy/phage_uv_treatment/output/PRJEB79569/binning/dereplication/dereplicated_genomes/CBF1_MAGScoT_cleanbin_000089.fasta	/scratch/users/snarayanasamy/phage_uv_treatment/output/PRJEB79569/annotation/bakta/CBF1_MAGScoT_cleanbin_000089	/scratch/users/snarayanasamy/phage_uv_treatment/output/PRJEB79569/annotation/bakta/CBF1_MAGScoT_cleanbin_000089/bakta.done	/scratch/users/snarayanasamy/phage_uv_treatment/output/PRJEB79569/annotation/bakta/CBF1_MAGScoT_cleanbin_000089/CBF1_MAGScoT_cleanbin_000089.gff3	/scratch/users/snarayanasamy/phage_uv_treatment/output/PRJEB79569/annotation/bakta/CBF1_MAGScoT_cleanbin_000089/CBF1_MAGScoT_cleanbin_000089.tsv	/scratch/users/snarayanasamy/phage_uv_treatment/output/PRJEB79569/annotation/bakta/CBF1_MAGScoT_cleanbin_000089/CBF1_MAGScoT_cleanbin_000089.faa	/scratch/users/snarayanasamy/phage_uv_treatment/output/PRJEB79569/annotation/bakta/CBF1_MAGScoT_cleanbin_000089/CBF1_MAGScoT_cleanbin_000089.ffn	/scratch/users/snarayanasamy/phage_uv_treatment/output/PRJEB79569/annotation/bakta/CBF1_MAGScoT_cleanbin_000089/CBF1_MAGScoT_cleanbin_000089.json	/scratch/users/snarayanasamy/phage_uv_treatment/output/PRJEB79569/annotation/bakta/CBF1_MAGScoT_cleanbin_000089/CBF1_MAGScoT_cleanbin_000089.gbff	/scratch/users/snarayanasamy/phage_uv_treatment/output/PRJEB79569/annotation/bakta/CBF1_MAGScoT_cleanbin_000089/CBF1_MAGScoT_cleanbin_000089.hypotheticals.tsv	/scratch/users/snarayanasamy/phage_uv_treatment/output/PRJEB79569/annotation/bakta/CBF1_MAGScoT_cleanbin_000089/CBF1_MAGScoT_cleanbin_000089.inference.tsv
CBF1_MAGScoT_cleanbin_000091	/scratch/users/snarayanasamy/phage_uv_treatment/output/PRJEB79569/binning/dereplication/dereplicated_genomes/CBF1_MAGScoT_cleanbin_000091.fasta	/scratch/users/snarayanasamy/phage_uv_treatment/output/PRJEB79569/annotation/bakta/CBF1_MAGScoT_cleanbin_000091	/scratch/users/snarayanasamy/phage_uv_treatment/output/PRJEB79569/annotation/bakta/CBF1_MAGScoT_cleanbin_000091/bakta.done	/scratch/users/snarayanasamy/phage_uv_treatment/output/PRJEB79569/annotation/bakta/CBF1_MAGScoT_cleanbin_000091/CBF1_MAGScoT_cleanbin_000091.gff3	/scratch/users/snarayanasamy/phage_uv_treatment/output/PRJEB79569/annotation/bakta/CBF1_MAGScoT_cleanbin_000091/CBF1_MAGScoT_cleanbin_000091.tsv	/scratch/users/snarayanasamy/phage_uv_treatment/output/PRJEB79569/annotation/bakta/CBF1_MAGScoT_cleanbin_000091/CBF1_MAGScoT_cleanbin_000091.faa	/scratch/users/snarayanasamy/phage_uv_treatment/output/PRJEB79569/annotation/bakta/CBF1_MAGScoT_cleanbin_000091/CBF1_MAGScoT_cleanbin_000091.ffn	/scratch/users/snarayanasamy/phage_uv_treatment/output/PRJEB79569/annotation/bakta/CBF1_MAGScoT_cleanbin_000091/CBF1_MAGScoT_cleanbin_000091.json	/scratch/users/snarayanasamy/phage_uv_treatment/output/PRJEB79569/annotation/bakta/CBF1_MAGScoT_cleanbin_000091/CBF1_MAGScoT_cleanbin_000091.gbff	/scratch/users/snarayanasamy/phage_uv_treatment/output/PRJEB79569/annotation/bakta/CBF1_MAGScoT_cleanbin_000091/CBF1_MAGScoT_cleanbin_000091.hypotheticals.tsv	/scratch/users/snarayanasamy/phage_uv_treatment/output/PRJEB79569/annotation/bakta/CBF1_MAGScoT_cleanbin_000091/CBF1_MAGScoT_cleanbin_000091.inference.tsv
CBF1_MAGScoT_cleanbin_000092	/scratch/users/snarayanasamy/phage_uv_treatment/output/PRJEB79569/binning/dereplication/dereplicated_genomes/CBF1_MAGScoT_cleanbin_000092.fasta	/scratch/users/snarayanasamy/phage_uv_treatment/output/PRJEB79569/annotation/bakta/CBF1_MAGScoT_cleanbin_000092	/scratch/users/snarayanasamy/phage_uv_treatment/output/PRJEB79569/annotation/bakta/CBF1_MAGScoT_cleanbin_000092/bakta.done	/scratch/users/snarayanasamy/phage_uv_treatment/output/PRJEB79569/annotation/bakta/CBF1_MAGScoT_cleanbin_000092/CBF1_MAGScoT_cleanbin_000092.gff3	/scratch/users/snarayanasamy/phage_uv_treatment/output/PRJEB79569/annotation/bakta/CBF1_MAGScoT_cleanbin_000092/CBF1_MAGScoT_cleanbin_000092.tsv	/scratch/users/snarayanasamy/phage_uv_treatment/output/PRJEB79569/annotation/bakta/CBF1_MAGScoT_cleanbin_000092/CBF1_MAGScoT_cleanbin_000092.faa	/scratch/users/snarayanasamy/phage_uv_treatment/output/PRJEB79569/annotation/bakta/CBF1_MAGScoT_cleanbin_000092/CBF1_MAGScoT_cleanbin_000092.ffn	/scratch/users/snarayanasamy/phage_uv_treatment/output/PRJEB79569/annotation/bakta/CBF1_MAGScoT_cleanbin_000092/CBF1_MAGScoT_cleanbin_000092.json	/scratch/users/snarayanasamy/phage_uv_treatment/output/PRJEB79569/annotation/bakta/CBF1_MAGScoT_cleanbin_000092/CBF1_MAGScoT_cleanbin_000092.gbff	/scratch/users/snarayanasamy/phage_uv_treatment/output/PRJEB79569/annotation/bakta/CBF1_MAGScoT_cleanbin_000092/CBF1_MAGScoT_cleanbin_000092.hypotheticals.tsv	/scratch/users/snarayanasamy/phage_uv_treatment/output/PRJEB79569/annotation/bakta/CBF1_MAGScoT_cleanbin_000092/CBF1_MAGScoT_cleanbin_000092.inference.tsv
CBF1_MAGScoT_cleanbin_000093	/scratch/users/snarayanasamy/phage_uv_treatment/output/PRJEB79569/binning/dereplication/dereplicated_genomes/CBF1_MAGScoT_cleanbin_000093.fasta	/scratch/users/snarayanasamy/phage_uv_treatment/output/PRJEB79569/annotation/bakta/CBF1_MAGScoT_cleanbin_000093	/scratch/users/snarayanasamy/phage_uv_treatment/output/PRJEB79569/annotation/bakta/CBF1_MAGScoT_cleanbin_000093/bakta.done	/scratch/users/snarayanasamy/phage_uv_treatment/output/PRJEB79569/annotation/bakta/CBF1_MAGScoT_cleanbin_000093/CBF1_MAGScoT_cleanbin_000093.gff3	/scratch/users/snarayanasamy/phage_uv_treatment/output/PRJEB79569/annotation/bakta/CBF1_MAGScoT_cleanbin_000093/CBF1_MAGScoT_cleanbin_000093.tsv	/scratch/users/snarayanasamy/phage_uv_treatment/output/PRJEB79569/annotation/bakta/CBF1_MAGScoT_cleanbin_000093/CBF1_MAGScoT_cleanbin_000093.faa	/scratch/users/snarayanasamy/phage_uv_treatment/output/PRJEB79569/annotation/bakta/CBF1_MAGScoT_cleanbin_000093/CBF1_MAGScoT_cleanbin_000093.ffn	/scratch/users/snarayanasamy/phage_uv_treatment/output/PRJEB79569/annotation/bakta/CBF1_MAGScoT_cleanbin_000093/CBF1_MAGScoT_cleanbin_000093.json	/scratch/users/snarayanasamy/phage_uv_treatment/output/PRJEB79569/annotation/bakta/CBF1_MAGScoT_cleanbin_000093/CBF1_MAGScoT_cleanbin_000093.gbff	/scratch/users/snarayanasamy/phage_uv_treatment/output/PRJEB79569/annotation/bakta/CBF1_MAGScoT_cleanbin_000093/CBF1_MAGScoT_cleanbin_000093.hypotheticals.tsv	/scratch/users/snarayanasamy/phage_uv_treatment/output/PRJEB79569/annotation/bakta/CBF1_MAGScoT_cleanbin_000093/CBF1_MAGScoT_cleanbin_000093.inference.tsv
CBF1_MAGScoT_cleanbin_000094	/scratch/users/snarayanasamy/phage_uv_treatment/output/PRJEB79569/binning/dereplication/dereplicated_genomes/CBF1_MAGScoT_cleanbin_000094.fasta	/scratch/users/snarayanasamy/phage_uv_treatment/output/PRJEB79569/annotation/bakta/CBF1_MAGScoT_cleanbin_000094	/scratch/users/snarayanasamy/phage_uv_treatment/output/PRJEB79569/annotation/bakta/CBF1_MAGScoT_cleanbin_000094/bakta.done	/scratch/users/snarayanasamy/phage_uv_treatment/output/PRJEB79569/annotation/bakta/CBF1_MAGScoT_cleanbin_000094/CBF1_MAGScoT_cleanbin_000094.gff3	/scratch/users/snarayanasamy/phage_uv_treatment/output/PRJEB79569/annotation/bakta/CBF1_MAGScoT_cleanbin_000094/CBF1_MAGScoT_cleanbin_000094.tsv	/scratch/users/snarayanasamy/phage_uv_treatment/output/PRJEB79569/annotation/bakta/CBF1_MAGScoT_cleanbin_000094/CBF1_MAGScoT_cleanbin_000094.faa	/scratch/users/snarayanasamy/phage_uv_treatment/output/PRJEB79569/annotation/bakta/CBF1_MAGScoT_cleanbin_000094/CBF1_MAGScoT_cleanbin_000094.ffn	/scratch/users/snarayanasamy/phage_uv_treatment/output/PRJEB79569/annotation/bakta/CBF1_MAGScoT_cleanbin_000094/CBF1_MAGScoT_cleanbin_000094.json	/scratch/users/snarayanasamy/phage_uv_treatment/output/PRJEB79569/annotation/bakta/CBF1_MAGScoT_cleanbin_000094/CBF1_MAGScoT_cleanbin_000094.gbff	/scratch/users/snarayanasamy/phage_uv_treatment/output/PRJEB79569/annotation/bakta/CBF1_MAGScoT_cleanbin_000094/CBF1_MAGScoT_cleanbin_000094.hypotheticals.tsv	/scratch/users/snarayanasamy/phage_uv_treatment/output/PRJEB79569/annotation/bakta/CBF1_MAGScoT_cleanbin_000094/CBF1_MAGScoT_cleanbin_000094.inference.tsv
CBF1_MAGScoT_cleanbin_000098	/scratch/users/snarayanasamy/phage_uv_treatment/output/PRJEB79569/binning/dereplication/dereplicated_genomes/CBF1_MAGScoT_cleanbin_000098.fasta	/scratch/users/snarayanasamy/phage_uv_treatment/output/PRJEB79569/annotation/bakta/CBF1_MAGScoT_cleanbin_000098	/scratch/users/snarayanasamy/phage_uv_treatment/output/PRJEB79569/annotation/bakta/CBF1_MAGScoT_cleanbin_000098/bakta.done	/scratch/users/snarayanasamy/phage_uv_treatment/output/PRJEB79569/annotation/bakta/CBF1_MAGScoT_cleanbin_000098/CBF1_MAGScoT_cleanbin_000098.gff3	/scratch/users/snarayanasamy/phage_uv_treatment/output/PRJEB79569/annotation/bakta/CBF1_MAGScoT_cleanbin_000098/CBF1_MAGScoT_cleanbin_000098.tsv	/scratch/users/snarayanasamy/phage_uv_treatment/output/PRJEB79569/annotation/bakta/CBF1_MAGScoT_cleanbin_000098/CBF1_MAGScoT_cleanbin_000098.faa	/scratch/users/snarayanasamy/phage_uv_treatment/output/PRJEB79569/annotation/bakta/CBF1_MAGScoT_cleanbin_000098/CBF1_MAGScoT_cleanbin_000098.ffn	/scratch/users/snarayanasamy/phage_uv_treatment/output/PRJEB79569/annotation/bakta/CBF1_MAGScoT_cleanbin_000098/CBF1_MAGScoT_cleanbin_000098.json	/scratch/users/snarayanasamy/phage_uv_treatment/output/PRJEB79569/annotation/bakta/CBF1_MAGScoT_cleanbin_000098/CBF1_MAGScoT_cleanbin_000098.gbff	/scratch/users/snarayanasamy/phage_uv_treatment/output/PRJEB79569/annotation/bakta/CBF1_MAGScoT_cleanbin_000098/CBF1_MAGScoT_cleanbin_000098.hypotheticals.tsv	/scratch/users/snarayanasamy/phage_uv_treatment/output/PRJEB79569/annotation/bakta/CBF1_MAGScoT_cleanbin_000098/CBF1_MAGScoT_cleanbin_000098.inference.tsv
CBF1_MAGScoT_cleanbin_000104	/scratch/users/snarayanasamy/phage_uv_treatment/output/PRJEB79569/binning/dereplication/dereplicated_genomes/CBF1_MAGScoT_cleanbin_000104.fasta	/scratch/users/snarayanasamy/phage_uv_treatment/output/PRJEB79569/annotation/bakta/CBF1_MAGScoT_cleanbin_000104	/scratch/users/snarayanasamy/phage_uv_treatment/output/PRJEB79569/annotation/bakta/CBF1_MAGScoT_cleanbin_000104/bakta.done	/scratch/users/snarayanasamy/phage_uv_treatment/output/PRJEB79569/annotation/bakta/CBF1_MAGScoT_cleanbin_000104/CBF1_MAGScoT_cleanbin_000104.gff3	/scratch/users/snarayanasamy/phage_uv_treatment/output/PRJEB79569/annotation/bakta/CBF1_MAGScoT_cleanbin_000104/CBF1_MAGScoT_cleanbin_000104.tsv	/scratch/users/snarayanasamy/phage_uv_treatment/output/PRJEB79569/annotation/bakta/CBF1_MAGScoT_cleanbin_000104/CBF1_MAGScoT_cleanbin_000104.faa	/scratch/users/snarayanasamy/phage_uv_treatment/output/PRJEB79569/annotation/bakta/CBF1_MAGScoT_cleanbin_000104/CBF1_MAGScoT_cleanbin_000104.ffn	/scratch/users/snarayanasamy/phage_uv_treatment/output/PRJEB79569/annotation/bakta/CBF1_MAGScoT_cleanbin_000104/CBF1_MAGScoT_cleanbin_000104.json	/scratch/users/snarayanasamy/phage_uv_treatment/output/PRJEB79569/annotation/bakta/CBF1_MAGScoT_cleanbin_000104/CBF1_MAGScoT_cleanbin_000104.gbff	/scratch/users/snarayanasamy/phage_uv_treatment/output/PRJEB79569/annotation/bakta/CBF1_MAGScoT_cleanbin_000104/CBF1_MAGScoT_cleanbin_000104.hypotheticals.tsv	/scratch/users/snarayanasamy/phage_uv_treatment/output/PRJEB79569/annotation/bakta/CBF1_MAGScoT_cleanbin_000104/CBF1_MAGScoT_cleanbin_000104.inference.tsv
CBF1_MAGScoT_cleanbin_000107	/scratch/users/snarayanasamy/phage_uv_treatment/output/PRJEB79569/binning/dereplication/dereplicated_genomes/CBF1_MAGScoT_cleanbin_000107.fasta	/scratch/users/snarayanasamy/phage_uv_treatment/output/PRJEB79569/annotation/bakta/CBF1_MAGScoT_cleanbin_000107	/scratch/users/snarayanasamy/phage_uv_treatment/output/PRJEB79569/annotation/bakta/CBF1_MAGScoT_cleanbin_000107/bakta.done	/scratch/users/snarayanasamy/phage_uv_treatment/output/PRJEB79569/annotation/bakta/CBF1_MAGScoT_cleanbin_000107/CBF1_MAGScoT_cleanbin_000107.gff3	/scratch/users/snarayanasamy/phage_uv_treatment/output/PRJEB79569/annotation/bakta/CBF1_MAGScoT_cleanbin_000107/CBF1_MAGScoT_cleanbin_000107.tsv	/scratch/users/snarayanasamy/phage_uv_treatment/output/PRJEB79569/annotation/bakta/CBF1_MAGScoT_cleanbin_000107/CBF1_MAGScoT_cleanbin_000107.faa	/scratch/users/snarayanasamy/phage_uv_treatment/output/PRJEB79569/annotation/bakta/CBF1_MAGScoT_cleanbin_000107/CBF1_MAGScoT_cleanbin_000107.ffn	/scratch/users/snarayanasamy/phage_uv_treatment/output/PRJEB79569/annotation/bakta/CBF1_MAGScoT_cleanbin_000107/CBF1_MAGScoT_cleanbin_000107.json	/scratch/users/snarayanasamy/phage_uv_treatment/output/PRJEB79569/annotation/bakta/CBF1_MAGScoT_cleanbin_000107/CBF1_MAGScoT_cleanbin_000107.gbff	/scratch/users/snarayanasamy/phage_uv_treatment/output/PRJEB79569/annotation/bakta/CBF1_MAGScoT_cleanbin_000107/CBF1_MAGScoT_cleanbin_000107.hypotheticals.tsv	/scratch/users/snarayanasamy/phage_uv_treatment/output/PRJEB79569/annotation/bakta/CBF1_MAGScoT_cleanbin_000107/CBF1_MAGScoT_cleanbin_000107.inference.tsv
CBF1_MAGScoT_cleanbin_000109	/scratch/users/snarayanasamy/phage_uv_treatment/output/PRJEB79569/binning/dereplication/dereplicated_genomes/CBF1_MAGScoT_cleanbin_000109.fasta	/scratch/users/snarayanasamy/phage_uv_treatment/output/PRJEB79569/annotation/bakta/CBF1_MAGScoT_cleanbin_000109	/scratch/users/snarayanasamy/phage_uv_treatment/output/PRJEB79569/annotation/bakta/CBF1_MAGScoT_cleanbin_000109/bakta.done	/scratch/users/snarayanasamy/phage_uv_treatment/output/PRJEB79569/annotation/bakta/CBF1_MAGScoT_cleanbin_000109/CBF1_MAGScoT_cleanbin_000109.gff3	/scratch/users/snarayanasamy/phage_uv_treatment/output/PRJEB79569/annotation/bakta/CBF1_MAGScoT_cleanbin_000109/CBF1_MAGScoT_cleanbin_000109.tsv	/scratch/users/snarayanasamy/phage_uv_treatment/output/PRJEB79569/annotation/bakta/CBF1_MAGScoT_cleanbin_000109/CBF1_MAGScoT_cleanbin_000109.faa	/scratch/users/snarayanasamy/phage_uv_treatment/output/PRJEB79569/annotation/bakta/CBF1_MAGScoT_cleanbin_000109/CBF1_MAGScoT_cleanbin_000109.ffn	/scratch/users/snarayanasamy/phage_uv_treatment/output/PRJEB79569/annotation/bakta/CBF1_MAGScoT_cleanbin_000109/CBF1_MAGScoT_cleanbin_000109.json	/scratch/users/snarayanasamy/phage_uv_treatment/output/PRJEB79569/annotation/bakta/CBF1_MAGScoT_cleanbin_000109/CBF1_MAGScoT_cleanbin_000109.gbff	/scratch/users/snarayanasamy/phage_uv_treatment/output/PRJEB79569/annotation/bakta/CBF1_MAGScoT_cleanbin_000109/CBF1_MAGScoT_cleanbin_000109.hypotheticals.tsv	/scratch/users/snarayanasamy/phage_uv_treatment/output/PRJEB79569/annotation/bakta/CBF1_MAGScoT_cleanbin_000109/CBF1_MAGScoT_cleanbin_000109.inference.tsv
CBF1_MAGScoT_cleanbin_000111	/scratch/users/snarayanasamy/phage_uv_treatment/output/PRJEB79569/binning/dereplication/dereplicated_genomes/CBF1_MAGScoT_cleanbin_000111.fasta	/scratch/users/snarayanasamy/phage_uv_treatment/output/PRJEB79569/annotation/bakta/CBF1_MAGScoT_cleanbin_000111	/scratch/users/snarayanasamy/phage_uv_treatment/output/PRJEB79569/annotation/bakta/CBF1_MAGScoT_cleanbin_000111/bakta.done	/scratch/users/snarayanasamy/phage_uv_treatment/output/PRJEB79569/annotation/bakta/CBF1_MAGScoT_cleanbin_000111/CBF1_MAGScoT_cleanbin_000111.gff3	/scratch/users/snarayanasamy/phage_uv_treatment/output/PRJEB79569/annotation/bakta/CBF1_MAGScoT_cleanbin_000111/CBF1_MAGScoT_cleanbin_000111.tsv	/scratch/users/snarayanasamy/phage_uv_treatment/output/PRJEB79569/annotation/bakta/CBF1_MAGScoT_cleanbin_000111/CBF1_MAGScoT_cleanbin_000111.faa	/scratch/users/snarayanasamy/phage_uv_treatment/output/PRJEB79569/annotation/bakta/CBF1_MAGScoT_cleanbin_000111/CBF1_MAGScoT_cleanbin_000111.ffn	/scratch/users/snarayanasamy/phage_uv_treatment/output/PRJEB79569/annotation/bakta/CBF1_MAGScoT_cleanbin_000111/CBF1_MAGScoT_cleanbin_000111.json	/scratch/users/snarayanasamy/phage_uv_treatment/output/PRJEB79569/annotation/bakta/CBF1_MAGScoT_cleanbin_000111/CBF1_MAGScoT_cleanbin_000111.gbff	/scratch/users/snarayanasamy/phage_uv_treatment/output/PRJEB79569/annotation/bakta/CBF1_MAGScoT_cleanbin_000111/CBF1_MAGScoT_cleanbin_000111.hypotheticals.tsv	/scratch/users/snarayanasamy/phage_uv_treatment/output/PRJEB79569/annotation/bakta/CBF1_MAGScoT_cleanbin_000111/CBF1_MAGScoT_cleanbin_000111.inference.tsv
CBF1_MAGScoT_cleanbin_000116	/scratch/users/snarayanasamy/phage_uv_treatment/output/PRJEB79569/binning/dereplication/dereplicated_genomes/CBF1_MAGScoT_cleanbin_000116.fasta	/scratch/users/snarayanasamy/phage_uv_treatment/output/PRJEB79569/annotation/bakta/CBF1_MAGScoT_cleanbin_000116	/scratch/users/snarayanasamy/phage_uv_treatment/output/PRJEB79569/annotation/bakta/CBF1_MAGScoT_cleanbin_000116/bakta.done	/scratch/users/snarayanasamy/phage_uv_treatment/output/PRJEB79569/annotation/bakta/CBF1_MAGScoT_cleanbin_000116/CBF1_MAGScoT_cleanbin_000116.gff3	/scratch/users/snarayanasamy/phage_uv_treatment/output/PRJEB79569/annotation/bakta/CBF1_MAGScoT_cleanbin_000116/CBF1_MAGScoT_cleanbin_000116.tsv	/scratch/users/snarayanasamy/phage_uv_treatment/output/PRJEB79569/annotation/bakta/CBF1_MAGScoT_cleanbin_000116/CBF1_MAGScoT_cleanbin_000116.faa	/scratch/users/snarayanasamy/phage_uv_treatment/output/PRJEB79569/annotation/bakta/CBF1_MAGScoT_cleanbin_000116/CBF1_MAGScoT_cleanbin_000116.ffn	/scratch/users/snarayanasamy/phage_uv_treatment/output/PRJEB79569/annotation/bakta/CBF1_MAGScoT_cleanbin_000116/CBF1_MAGScoT_cleanbin_000116.json	/scratch/users/snarayanasamy/phage_uv_treatment/output/PRJEB79569/annotation/bakta/CBF1_MAGScoT_cleanbin_000116/CBF1_MAGScoT_cleanbin_000116.gbff	/scratch/users/snarayanasamy/phage_uv_treatment/output/PRJEB79569/annotation/bakta/CBF1_MAGScoT_cleanbin_000116/CBF1_MAGScoT_cleanbin_000116.hypotheticals.tsv	/scratch/users/snarayanasamy/phage_uv_treatment/output/PRJEB79569/annotation/bakta/CBF1_MAGScoT_cleanbin_000116/CBF1_MAGScoT_cleanbin_000116.inference.tsv
CBF1_MAGScoT_cleanbin_000118	/scratch/users/snarayanasamy/phage_uv_treatment/output/PRJEB79569/binning/dereplication/dereplicated_genomes/CBF1_MAGScoT_cleanbin_000118.fasta	/scratch/users/snarayanasamy/phage_uv_treatment/output/PRJEB79569/annotation/bakta/CBF1_MAGScoT_cleanbin_000118	/scratch/users/snarayanasamy/phage_uv_treatment/output/PRJEB79569/annotation/bakta/CBF1_MAGScoT_cleanbin_000118/bakta.done	/scratch/users/snarayanasamy/phage_uv_treatment/output/PRJEB79569/annotation/bakta/CBF1_MAGScoT_cleanbin_000118/CBF1_MAGScoT_cleanbin_000118.gff3	/scratch/users/snarayanasamy/phage_uv_treatment/output/PRJEB79569/annotation/bakta/CBF1_MAGScoT_cleanbin_000118/CBF1_MAGScoT_cleanbin_000118.tsv	/scratch/users/snarayanasamy/phage_uv_treatment/output/PRJEB79569/annotation/bakta/CBF1_MAGScoT_cleanbin_000118/CBF1_MAGScoT_cleanbin_000118.faa	/scratch/users/snarayanasamy/phage_uv_treatment/output/PRJEB79569/annotation/bakta/CBF1_MAGScoT_cleanbin_000118/CBF1_MAGScoT_cleanbin_000118.ffn	/scratch/users/snarayanasamy/phage_uv_treatment/output/PRJEB79569/annotation/bakta/CBF1_MAGScoT_cleanbin_000118/CBF1_MAGScoT_cleanbin_000118.json	/scratch/users/snarayanasamy/phage_uv_treatment/output/PRJEB79569/annotation/bakta/CBF1_MAGScoT_cleanbin_000118/CBF1_MAGScoT_cleanbin_000118.gbff	/scratch/users/snarayanasamy/phage_uv_treatment/output/PRJEB79569/annotation/bakta/CBF1_MAGScoT_cleanbin_000118/CBF1_MAGScoT_cleanbin_000118.hypotheticals.tsv	/scratch/users/snarayanasamy/phage_uv_treatment/output/PRJEB79569/annotation/bakta/CBF1_MAGScoT_cleanbin_000118/CBF1_MAGScoT_cleanbin_000118.inference.tsv
CBF1_MAGScoT_cleanbin_000120	/scratch/users/snarayanasamy/phage_uv_treatment/output/PRJEB79569/binning/dereplication/dereplicated_genomes/CBF1_MAGScoT_cleanbin_000120.fasta	/scratch/users/snarayanasamy/phage_uv_treatment/output/PRJEB79569/annotation/bakta/CBF1_MAGScoT_cleanbin_000120	/scratch/users/snarayanasamy/phage_uv_treatment/output/PRJEB79569/annotation/bakta/CBF1_MAGScoT_cleanbin_000120/bakta.done	/scratch/users/snarayanasamy/phage_uv_treatment/output/PRJEB79569/annotation/bakta/CBF1_MAGScoT_cleanbin_000120/CBF1_MAGScoT_cleanbin_000120.gff3	/scratch/users/snarayanasamy/phage_uv_treatment/output/PRJEB79569/annotation/bakta/CBF1_MAGScoT_cleanbin_000120/CBF1_MAGScoT_cleanbin_000120.tsv	/scratch/users/snarayanasamy/phage_uv_treatment/output/PRJEB79569/annotation/bakta/CBF1_MAGScoT_cleanbin_000120/CBF1_MAGScoT_cleanbin_000120.faa	/scratch/users/snarayanasamy/phage_uv_treatment/output/PRJEB79569/annotation/bakta/CBF1_MAGScoT_cleanbin_000120/CBF1_MAGScoT_cleanbin_000120.ffn	/scratch/users/snarayanasamy/phage_uv_treatment/output/PRJEB79569/annotation/bakta/CBF1_MAGScoT_cleanbin_000120/CBF1_MAGScoT_cleanbin_000120.json	/scratch/users/snarayanasamy/phage_uv_treatment/output/PRJEB79569/annotation/bakta/CBF1_MAGScoT_cleanbin_000120/CBF1_MAGScoT_cleanbin_000120.gbff	/scratch/users/snarayanasamy/phage_uv_treatment/output/PRJEB79569/annotation/bakta/CBF1_MAGScoT_cleanbin_000120/CBF1_MAGScoT_cleanbin_000120.hypotheticals.tsv	/scratch/users/snarayanasamy/phage_uv_treatment/output/PRJEB79569/annotation/bakta/CBF1_MAGScoT_cleanbin_000120/CBF1_MAGScoT_cleanbin_000120.inference.tsv
CBF1_MAGScoT_cleanbin_000128	/scratch/users/snarayanasamy/phage_uv_treatment/output/PRJEB79569/binning/dereplication/dereplicated_genomes/CBF1_MAGScoT_cleanbin_000128.fasta	/scratch/users/snarayanasamy/phage_uv_treatment/output/PRJEB79569/annotation/bakta/CBF1_MAGScoT_cleanbin_000128	/scratch/users/snarayanasamy/phage_uv_treatment/output/PRJEB79569/annotation/bakta/CBF1_MAGScoT_cleanbin_000128/bakta.done	/scratch/users/snarayanasamy/phage_uv_treatment/output/PRJEB79569/annotation/bakta/CBF1_MAGScoT_cleanbin_000128/CBF1_MAGScoT_cleanbin_000128.gff3	/scratch/users/snarayanasamy/phage_uv_treatment/output/PRJEB79569/annotation/bakta/CBF1_MAGScoT_cleanbin_000128/CBF1_MAGScoT_cleanbin_000128.tsv	/scratch/users/snarayanasamy/phage_uv_treatment/output/PRJEB79569/annotation/bakta/CBF1_MAGScoT_cleanbin_000128/CBF1_MAGScoT_cleanbin_000128.faa	/scratch/users/snarayanasamy/phage_uv_treatment/output/PRJEB79569/annotation/bakta/CBF1_MAGScoT_cleanbin_000128/CBF1_MAGScoT_cleanbin_000128.ffn	/scratch/users/snarayanasamy/phage_uv_treatment/output/PRJEB79569/annotation/bakta/CBF1_MAGScoT_cleanbin_000128/CBF1_MAGScoT_cleanbin_000128.json	/scratch/users/snarayanasamy/phage_uv_treatment/output/PRJEB79569/annotation/bakta/CBF1_MAGScoT_cleanbin_000128/CBF1_MAGScoT_cleanbin_000128.gbff	/scratch/users/snarayanasamy/phage_uv_treatment/output/PRJEB79569/annotation/bakta/CBF1_MAGScoT_cleanbin_000128/CBF1_MAGScoT_cleanbin_000128.hypotheticals.tsv	/scratch/users/snarayanasamy/phage_uv_treatment/output/PRJEB79569/annotation/bakta/CBF1_MAGScoT_cleanbin_000128/CBF1_MAGScoT_cleanbin_000128.inference.tsv
CBF1_MAGScoT_cleanbin_000131	/scratch/users/snarayanasamy/phage_uv_treatment/output/PRJEB79569/binning/dereplication/dereplicated_genomes/CBF1_MAGScoT_cleanbin_000131.fasta	/scratch/users/snarayanasamy/phage_uv_treatment/output/PRJEB79569/annotation/bakta/CBF1_MAGScoT_cleanbin_000131	/scratch/users/snarayanasamy/phage_uv_treatment/output/PRJEB79569/annotation/bakta/CBF1_MAGScoT_cleanbin_000131/bakta.done	/scratch/users/snarayanasamy/phage_uv_treatment/output/PRJEB79569/annotation/bakta/CBF1_MAGScoT_cleanbin_000131/CBF1_MAGScoT_cleanbin_000131.gff3	/scratch/users/snarayanasamy/phage_uv_treatment/output/PRJEB79569/annotation/bakta/CBF1_MAGScoT_cleanbin_000131/CBF1_MAGScoT_cleanbin_000131.tsv	/scratch/users/snarayanasamy/phage_uv_treatment/output/PRJEB79569/annotation/bakta/CBF1_MAGScoT_cleanbin_000131/CBF1_MAGScoT_cleanbin_000131.faa	/scratch/users/snarayanasamy/phage_uv_treatment/output/PRJEB79569/annotation/bakta/CBF1_MAGScoT_cleanbin_000131/CBF1_MAGScoT_cleanbin_000131.ffn	/scratch/users/snarayanasamy/phage_uv_treatment/output/PRJEB79569/annotation/bakta/CBF1_MAGScoT_cleanbin_000131/CBF1_MAGScoT_cleanbin_000131.json	/scratch/users/snarayanasamy/phage_uv_treatment/output/PRJEB79569/annotation/bakta/CBF1_MAGScoT_cleanbin_000131/CBF1_MAGScoT_cleanbin_000131.gbff	/scratch/users/snarayanasamy/phage_uv_treatment/output/PRJEB79569/annotation/bakta/CBF1_MAGScoT_cleanbin_000131/CBF1_MAGScoT_cleanbin_000131.hypotheticals.tsv	/scratch/users/snarayanasamy/phage_uv_treatment/output/PRJEB79569/annotation/bakta/CBF1_MAGScoT_cleanbin_000131/CBF1_MAGScoT_cleanbin_000131.inference.tsv
CBF1_MAGScoT_cleanbin_000142	/scratch/users/snarayanasamy/phage_uv_treatment/output/PRJEB79569/binning/dereplication/dereplicated_genomes/CBF1_MAGScoT_cleanbin_000142.fasta	/scratch/users/snarayanasamy/phage_uv_treatment/output/PRJEB79569/annotation/bakta/CBF1_MAGScoT_cleanbin_000142	/scratch/users/snarayanasamy/phage_uv_treatment/output/PRJEB79569/annotation/bakta/CBF1_MAGScoT_cleanbin_000142/bakta.done	/scratch/users/snarayanasamy/phage_uv_treatment/output/PRJEB79569/annotation/bakta/CBF1_MAGScoT_cleanbin_000142/CBF1_MAGScoT_cleanbin_000142.gff3	/scratch/users/snarayanasamy/phage_uv_treatment/output/PRJEB79569/annotation/bakta/CBF1_MAGScoT_cleanbin_000142/CBF1_MAGScoT_cleanbin_000142.tsv	/scratch/users/snarayanasamy/phage_uv_treatment/output/PRJEB79569/annotation/bakta/CBF1_MAGScoT_cleanbin_000142/CBF1_MAGScoT_cleanbin_000142.faa	/scratch/users/snarayanasamy/phage_uv_treatment/output/PRJEB79569/annotation/bakta/CBF1_MAGScoT_cleanbin_000142/CBF1_MAGScoT_cleanbin_000142.ffn	/scratch/users/snarayanasamy/phage_uv_treatment/output/PRJEB79569/annotation/bakta/CBF1_MAGScoT_cleanbin_000142/CBF1_MAGScoT_cleanbin_000142.json	/scratch/users/snarayanasamy/phage_uv_treatment/output/PRJEB79569/annotation/bakta/CBF1_MAGScoT_cleanbin_000142/CBF1_MAGScoT_cleanbin_000142.gbff	/scratch/users/snarayanasamy/phage_uv_treatment/output/PRJEB79569/annotation/bakta/CBF1_MAGScoT_cleanbin_000142/CBF1_MAGScoT_cleanbin_000142.hypotheticals.tsv	/scratch/users/snarayanasamy/phage_uv_treatment/output/PRJEB79569/annotation/bakta/CBF1_MAGScoT_cleanbin_000142/CBF1_MAGScoT_cleanbin_000142.inference.tsv
CBF1_MAGScoT_cleanbin_000153	/scratch/users/snarayanasamy/phage_uv_treatment/output/PRJEB79569/binning/dereplication/dereplicated_genomes/CBF1_MAGScoT_cleanbin_000153.fasta	/scratch/users/snarayanasamy/phage_uv_treatment/output/PRJEB79569/annotation/bakta/CBF1_MAGScoT_cleanbin_000153	/scratch/users/snarayanasamy/phage_uv_treatment/output/PRJEB79569/annotation/bakta/CBF1_MAGScoT_cleanbin_000153/bakta.done	/scratch/users/snarayanasamy/phage_uv_treatment/output/PRJEB79569/annotation/bakta/CBF1_MAGScoT_cleanbin_000153/CBF1_MAGScoT_cleanbin_000153.gff3	/scratch/users/snarayanasamy/phage_uv_treatment/output/PRJEB79569/annotation/bakta/CBF1_MAGScoT_cleanbin_000153/CBF1_MAGScoT_cleanbin_000153.tsv	/scratch/users/snarayanasamy/phage_uv_treatment/output/PRJEB79569/annotation/bakta/CBF1_MAGScoT_cleanbin_000153/CBF1_MAGScoT_cleanbin_000153.faa	/scratch/users/snarayanasamy/phage_uv_treatment/output/PRJEB79569/annotation/bakta/CBF1_MAGScoT_cleanbin_000153/CBF1_MAGScoT_cleanbin_000153.ffn	/scratch/users/snarayanasamy/phage_uv_treatment/output/PRJEB79569/annotation/bakta/CBF1_MAGScoT_cleanbin_000153/CBF1_MAGScoT_cleanbin_000153.json	/scratch/users/snarayanasamy/phage_uv_treatment/output/PRJEB79569/annotation/bakta/CBF1_MAGScoT_cleanbin_000153/CBF1_MAGScoT_cleanbin_000153.gbff	/scratch/users/snarayanasamy/phage_uv_treatment/output/PRJEB79569/annotation/bakta/CBF1_MAGScoT_cleanbin_000153/CBF1_MAGScoT_cleanbin_000153.hypotheticals.tsv	/scratch/users/snarayanasamy/phage_uv_treatment/output/PRJEB79569/annotation/bakta/CBF1_MAGScoT_cleanbin_000153/CBF1_MAGScoT_cleanbin_000153.inference.tsv
CBF1_MAGScoT_cleanbin_000154	/scratch/users/snarayanasamy/phage_uv_treatment/output/PRJEB79569/binning/dereplication/dereplicated_genomes/CBF1_MAGScoT_cleanbin_000154.fasta	/scratch/users/snarayanasamy/phage_uv_treatment/output/PRJEB79569/annotation/bakta/CBF1_MAGScoT_cleanbin_000154	/scratch/users/snarayanasamy/phage_uv_treatment/output/PRJEB79569/annotation/bakta/CBF1_MAGScoT_cleanbin_000154/bakta.done	/scratch/users/snarayanasamy/phage_uv_treatment/output/PRJEB79569/annotation/bakta/CBF1_MAGScoT_cleanbin_000154/CBF1_MAGScoT_cleanbin_000154.gff3	/scratch/users/snarayanasamy/phage_uv_treatment/output/PRJEB79569/annotation/bakta/CBF1_MAGScoT_cleanbin_000154/CBF1_MAGScoT_cleanbin_000154.tsv	/scratch/users/snarayanasamy/phage_uv_treatment/output/PRJEB79569/annotation/bakta/CBF1_MAGScoT_cleanbin_000154/CBF1_MAGScoT_cleanbin_000154.faa	/scratch/users/snarayanasamy/phage_uv_treatment/output/PRJEB79569/annotation/bakta/CBF1_MAGScoT_cleanbin_000154/CBF1_MAGScoT_cleanbin_000154.ffn	/scratch/users/snarayanasamy/phage_uv_treatment/output/PRJEB79569/annotation/bakta/CBF1_MAGScoT_cleanbin_000154/CBF1_MAGScoT_cleanbin_000154.json	/scratch/users/snarayanasamy/phage_uv_treatment/output/PRJEB79569/annotation/bakta/CBF1_MAGScoT_cleanbin_000154/CBF1_MAGScoT_cleanbin_000154.gbff	/scratch/users/snarayanasamy/phage_uv_treatment/output/PRJEB79569/annotation/bakta/CBF1_MAGScoT_cleanbin_000154/CBF1_MAGScoT_cleanbin_000154.hypotheticals.tsv	/scratch/users/snarayanasamy/phage_uv_treatment/output/PRJEB79569/annotation/bakta/CBF1_MAGScoT_cleanbin_000154/CBF1_MAGScoT_cleanbin_000154.inference.tsv
CBF1_MAGScoT_cleanbin_000168	/scratch/users/snarayanasamy/phage_uv_treatment/output/PRJEB79569/binning/dereplication/dereplicated_genomes/CBF1_MAGScoT_cleanbin_000168.fasta	/scratch/users/snarayanasamy/phage_uv_treatment/output/PRJEB79569/annotation/bakta/CBF1_MAGScoT_cleanbin_000168	/scratch/users/snarayanasamy/phage_uv_treatment/output/PRJEB79569/annotation/bakta/CBF1_MAGScoT_cleanbin_000168/bakta.done	/scratch/users/snarayanasamy/phage_uv_treatment/output/PRJEB79569/annotation/bakta/CBF1_MAGScoT_cleanbin_000168/CBF1_MAGScoT_cleanbin_000168.gff3	/scratch/users/snarayanasamy/phage_uv_treatment/output/PRJEB79569/annotation/bakta/CBF1_MAGScoT_cleanbin_000168/CBF1_MAGScoT_cleanbin_000168.tsv	/scratch/users/snarayanasamy/phage_uv_treatment/output/PRJEB79569/annotation/bakta/CBF1_MAGScoT_cleanbin_000168/CBF1_MAGScoT_cleanbin_000168.faa	/scratch/users/snarayanasamy/phage_uv_treatment/output/PRJEB79569/annotation/bakta/CBF1_MAGScoT_cleanbin_000168/CBF1_MAGScoT_cleanbin_000168.ffn	/scratch/users/snarayanasamy/phage_uv_treatment/output/PRJEB79569/annotation/bakta/CBF1_MAGScoT_cleanbin_000168/CBF1_MAGScoT_cleanbin_000168.json	/scratch/users/snarayanasamy/phage_uv_treatment/output/PRJEB79569/annotation/bakta/CBF1_MAGScoT_cleanbin_000168/CBF1_MAGScoT_cleanbin_000168.gbff	/scratch/users/snarayanasamy/phage_uv_treatment/output/PRJEB79569/annotation/bakta/CBF1_MAGScoT_cleanbin_000168/CBF1_MAGScoT_cleanbin_000168.hypotheticals.tsv	/scratch/users/snarayanasamy/phage_uv_treatment/output/PRJEB79569/annotation/bakta/CBF1_MAGScoT_cleanbin_000168/CBF1_MAGScoT_cleanbin_000168.inference.tsv
CBF1_MAGScoT_cleanbin_000171	/scratch/users/snarayanasamy/phage_uv_treatment/output/PRJEB79569/binning/dereplication/dereplicated_genomes/CBF1_MAGScoT_cleanbin_000171.fasta	/scratch/users/snarayanasamy/phage_uv_treatment/output/PRJEB79569/annotation/bakta/CBF1_MAGScoT_cleanbin_000171	/scratch/users/snarayanasamy/phage_uv_treatment/output/PRJEB79569/annotation/bakta/CBF1_MAGScoT_cleanbin_000171/bakta.done	/scratch/users/snarayanasamy/phage_uv_treatment/output/PRJEB79569/annotation/bakta/CBF1_MAGScoT_cleanbin_000171/CBF1_MAGScoT_cleanbin_000171.gff3	/scratch/users/snarayanasamy/phage_uv_treatment/output/PRJEB79569/annotation/bakta/CBF1_MAGScoT_cleanbin_000171/CBF1_MAGScoT_cleanbin_000171.tsv	/scratch/users/snarayanasamy/phage_uv_treatment/output/PRJEB79569/annotation/bakta/CBF1_MAGScoT_cleanbin_000171/CBF1_MAGScoT_cleanbin_000171.faa	/scratch/users/snarayanasamy/phage_uv_treatment/output/PRJEB79569/annotation/bakta/CBF1_MAGScoT_cleanbin_000171/CBF1_MAGScoT_cleanbin_000171.ffn	/scratch/users/snarayanasamy/phage_uv_treatment/output/PRJEB79569/annotation/bakta/CBF1_MAGScoT_cleanbin_000171/CBF1_MAGScoT_cleanbin_000171.json	/scratch/users/snarayanasamy/phage_uv_treatment/output/PRJEB79569/annotation/bakta/CBF1_MAGScoT_cleanbin_000171/CBF1_MAGScoT_cleanbin_000171.gbff	/scratch/users/snarayanasamy/phage_uv_treatment/output/PRJEB79569/annotation/bakta/CBF1_MAGScoT_cleanbin_000171/CBF1_MAGScoT_cleanbin_000171.hypotheticals.tsv	/scratch/users/snarayanasamy/phage_uv_treatment/output/PRJEB79569/annotation/bakta/CBF1_MAGScoT_cleanbin_000171/CBF1_MAGScoT_cleanbin_000171.inference.tsv
CBF1_MAGScoT_cleanbin_000173	/scratch/users/snarayanasamy/phage_uv_treatment/output/PRJEB79569/binning/dereplication/dereplicated_genomes/CBF1_MAGScoT_cleanbin_000173.fasta	/scratch/users/snarayanasamy/phage_uv_treatment/output/PRJEB79569/annotation/bakta/CBF1_MAGScoT_cleanbin_000173	/scratch/users/snarayanasamy/phage_uv_treatment/output/PRJEB79569/annotation/bakta/CBF1_MAGScoT_cleanbin_000173/bakta.done	/scratch/users/snarayanasamy/phage_uv_treatment/output/PRJEB79569/annotation/bakta/CBF1_MAGScoT_cleanbin_000173/CBF1_MAGScoT_cleanbin_000173.gff3	/scratch/users/snarayanasamy/phage_uv_treatment/output/PRJEB79569/annotation/bakta/CBF1_MAGScoT_cleanbin_000173/CBF1_MAGScoT_cleanbin_000173.tsv	/scratch/users/snarayanasamy/phage_uv_treatment/output/PRJEB79569/annotation/bakta/CBF1_MAGScoT_cleanbin_000173/CBF1_MAGScoT_cleanbin_000173.faa	/scratch/users/snarayanasamy/phage_uv_treatment/output/PRJEB79569/annotation/bakta/CBF1_MAGScoT_cleanbin_000173/CBF1_MAGScoT_cleanbin_000173.ffn	/scratch/users/snarayanasamy/phage_uv_treatment/output/PRJEB79569/annotation/bakta/CBF1_MAGScoT_cleanbin_000173/CBF1_MAGScoT_cleanbin_000173.json	/scratch/users/snarayanasamy/phage_uv_treatment/output/PRJEB79569/annotation/bakta/CBF1_MAGScoT_cleanbin_000173/CBF1_MAGScoT_cleanbin_000173.gbff	/scratch/users/snarayanasamy/phage_uv_treatment/output/PRJEB79569/annotation/bakta/CBF1_MAGScoT_cleanbin_000173/CBF1_MAGScoT_cleanbin_000173.hypotheticals.tsv	/scratch/users/snarayanasamy/phage_uv_treatment/output/PRJEB79569/annotation/bakta/CBF1_MAGScoT_cleanbin_000173/CBF1_MAGScoT_cleanbin_000173.inference.tsv
CBF2_MAGScoT_cleanbin_000005	/scratch/users/snarayanasamy/phage_uv_treatment/output/PRJEB79569/binning/dereplication/dereplicated_genomes/CBF2_MAGScoT_cleanbin_000005.fasta	/scratch/users/snarayanasamy/phage_uv_treatment/output/PRJEB79569/annotation/bakta/CBF2_MAGScoT_cleanbin_000005	/scratch/users/snarayanasamy/phage_uv_treatment/output/PRJEB79569/annotation/bakta/CBF2_MAGScoT_cleanbin_000005/bakta.done	/scratch/users/snarayanasamy/phage_uv_treatment/output/PRJEB79569/annotation/bakta/CBF2_MAGScoT_cleanbin_000005/CBF2_MAGScoT_cleanbin_000005.gff3	/scratch/users/snarayanasamy/phage_uv_treatment/output/PRJEB79569/annotation/bakta/CBF2_MAGScoT_cleanbin_000005/CBF2_MAGScoT_cleanbin_000005.tsv	/scratch/users/snarayanasamy/phage_uv_treatment/output/PRJEB79569/annotation/bakta/CBF2_MAGScoT_cleanbin_000005/CBF2_MAGScoT_cleanbin_000005.faa	/scratch/users/snarayanasamy/phage_uv_treatment/output/PRJEB79569/annotation/bakta/CBF2_MAGScoT_cleanbin_000005/CBF2_MAGScoT_cleanbin_000005.ffn	/scratch/users/snarayanasamy/phage_uv_treatment/output/PRJEB79569/annotation/bakta/CBF2_MAGScoT_cleanbin_000005/CBF2_MAGScoT_cleanbin_000005.json	/scratch/users/snarayanasamy/phage_uv_treatment/output/PRJEB79569/annotation/bakta/CBF2_MAGScoT_cleanbin_000005/CBF2_MAGScoT_cleanbin_000005.gbff	/scratch/users/snarayanasamy/phage_uv_treatment/output/PRJEB79569/annotation/bakta/CBF2_MAGScoT_cleanbin_000005/CBF2_MAGScoT_cleanbin_000005.hypotheticals.tsv	/scratch/users/snarayanasamy/phage_uv_treatment/output/PRJEB79569/annotation/bakta/CBF2_MAGScoT_cleanbin_000005/CBF2_MAGScoT_cleanbin_000005.inference.tsv
CBF2_MAGScoT_cleanbin_000015	/scratch/users/snarayanasamy/phage_uv_treatment/output/PRJEB79569/binning/dereplication/dereplicated_genomes/CBF2_MAGScoT_cleanbin_000015.fasta	/scratch/users/snarayanasamy/phage_uv_treatment/output/PRJEB79569/annotation/bakta/CBF2_MAGScoT_cleanbin_000015	/scratch/users/snarayanasamy/phage_uv_treatment/output/PRJEB79569/annotation/bakta/CBF2_MAGScoT_cleanbin_000015/bakta.done	/scratch/users/snarayanasamy/phage_uv_treatment/output/PRJEB79569/annotation/bakta/CBF2_MAGScoT_cleanbin_000015/CBF2_MAGScoT_cleanbin_000015.gff3	/scratch/users/snarayanasamy/phage_uv_treatment/output/PRJEB79569/annotation/bakta/CBF2_MAGScoT_cleanbin_000015/CBF2_MAGScoT_cleanbin_000015.tsv	/scratch/users/snarayanasamy/phage_uv_treatment/output/PRJEB79569/annotation/bakta/CBF2_MAGScoT_cleanbin_000015/CBF2_MAGScoT_cleanbin_000015.faa	/scratch/users/snarayanasamy/phage_uv_treatment/output/PRJEB79569/annotation/bakta/CBF2_MAGScoT_cleanbin_000015/CBF2_MAGScoT_cleanbin_000015.ffn	/scratch/users/snarayanasamy/phage_uv_treatment/output/PRJEB79569/annotation/bakta/CBF2_MAGScoT_cleanbin_000015/CBF2_MAGScoT_cleanbin_000015.json	/scratch/users/snarayanasamy/phage_uv_treatment/output/PRJEB79569/annotation/bakta/CBF2_MAGScoT_cleanbin_000015/CBF2_MAGScoT_cleanbin_000015.gbff	/scratch/users/snarayanasamy/phage_uv_treatment/output/PRJEB79569/annotation/bakta/CBF2_MAGScoT_cleanbin_000015/CBF2_MAGScoT_cleanbin_000015.hypotheticals.tsv	/scratch/users/snarayanasamy/phage_uv_treatment/output/PRJEB79569/annotation/bakta/CBF2_MAGScoT_cleanbin_000015/CBF2_MAGScoT_cleanbin_000015.inference.tsv
CBF2_MAGScoT_cleanbin_000020	/scratch/users/snarayanasamy/phage_uv_treatment/output/PRJEB79569/binning/dereplication/dereplicated_genomes/CBF2_MAGScoT_cleanbin_000020.fasta	/scratch/users/snarayanasamy/phage_uv_treatment/output/PRJEB79569/annotation/bakta/CBF2_MAGScoT_cleanbin_000020	/scratch/users/snarayanasamy/phage_uv_treatment/output/PRJEB79569/annotation/bakta/CBF2_MAGScoT_cleanbin_000020/bakta.done	/scratch/users/snarayanasamy/phage_uv_treatment/output/PRJEB79569/annotation/bakta/CBF2_MAGScoT_cleanbin_000020/CBF2_MAGScoT_cleanbin_000020.gff3	/scratch/users/snarayanasamy/phage_uv_treatment/output/PRJEB79569/annotation/bakta/CBF2_MAGScoT_cleanbin_000020/CBF2_MAGScoT_cleanbin_000020.tsv	/scratch/users/snarayanasamy/phage_uv_treatment/output/PRJEB79569/annotation/bakta/CBF2_MAGScoT_cleanbin_000020/CBF2_MAGScoT_cleanbin_000020.faa	/scratch/users/snarayanasamy/phage_uv_treatment/output/PRJEB79569/annotation/bakta/CBF2_MAGScoT_cleanbin_000020/CBF2_MAGScoT_cleanbin_000020.ffn	/scratch/users/snarayanasamy/phage_uv_treatment/output/PRJEB79569/annotation/bakta/CBF2_MAGScoT_cleanbin_000020/CBF2_MAGScoT_cleanbin_000020.json	/scratch/users/snarayanasamy/phage_uv_treatment/output/PRJEB79569/annotation/bakta/CBF2_MAGScoT_cleanbin_000020/CBF2_MAGScoT_cleanbin_000020.gbff	/scratch/users/snarayanasamy/phage_uv_treatment/output/PRJEB79569/annotation/bakta/CBF2_MAGScoT_cleanbin_000020/CBF2_MAGScoT_cleanbin_000020.hypotheticals.tsv	/scratch/users/snarayanasamy/phage_uv_treatment/output/PRJEB79569/annotation/bakta/CBF2_MAGScoT_cleanbin_000020/CBF2_MAGScoT_cleanbin_000020.inference.tsv
CBF2_MAGScoT_cleanbin_000022	/scratch/users/snarayanasamy/phage_uv_treatment/output/PRJEB79569/binning/dereplication/dereplicated_genomes/CBF2_MAGScoT_cleanbin_000022.fasta	/scratch/users/snarayanasamy/phage_uv_treatment/output/PRJEB79569/annotation/bakta/CBF2_MAGScoT_cleanbin_000022	/scratch/users/snarayanasamy/phage_uv_treatment/output/PRJEB79569/annotation/bakta/CBF2_MAGScoT_cleanbin_000022/bakta.done	/scratch/users/snarayanasamy/phage_uv_treatment/output/PRJEB79569/annotation/bakta/CBF2_MAGScoT_cleanbin_000022/CBF2_MAGScoT_cleanbin_000022.gff3	/scratch/users/snarayanasamy/phage_uv_treatment/output/PRJEB79569/annotation/bakta/CBF2_MAGScoT_cleanbin_000022/CBF2_MAGScoT_cleanbin_000022.tsv	/scratch/users/snarayanasamy/phage_uv_treatment/output/PRJEB79569/annotation/bakta/CBF2_MAGScoT_cleanbin_000022/CBF2_MAGScoT_cleanbin_000022.faa	/scratch/users/snarayanasamy/phage_uv_treatment/output/PRJEB79569/annotation/bakta/CBF2_MAGScoT_cleanbin_000022/CBF2_MAGScoT_cleanbin_000022.ffn	/scratch/users/snarayanasamy/phage_uv_treatment/output/PRJEB79569/annotation/bakta/CBF2_MAGScoT_cleanbin_000022/CBF2_MAGScoT_cleanbin_000022.json	/scratch/users/snarayanasamy/phage_uv_treatment/output/PRJEB79569/annotation/bakta/CBF2_MAGScoT_cleanbin_000022/CBF2_MAGScoT_cleanbin_000022.gbff	/scratch/users/snarayanasamy/phage_uv_treatment/output/PRJEB79569/annotation/bakta/CBF2_MAGScoT_cleanbin_000022/CBF2_MAGScoT_cleanbin_000022.hypotheticals.tsv	/scratch/users/snarayanasamy/phage_uv_treatment/output/PRJEB79569/annotation/bakta/CBF2_MAGScoT_cleanbin_000022/CBF2_MAGScoT_cleanbin_000022.inference.tsv
CBF2_MAGScoT_cleanbin_000027	/scratch/users/snarayanasamy/phage_uv_treatment/output/PRJEB79569/binning/dereplication/dereplicated_genomes/CBF2_MAGScoT_cleanbin_000027.fasta	/scratch/users/snarayanasamy/phage_uv_treatment/output/PRJEB79569/annotation/bakta/CBF2_MAGScoT_cleanbin_000027	/scratch/users/snarayanasamy/phage_uv_treatment/output/PRJEB79569/annotation/bakta/CBF2_MAGScoT_cleanbin_000027/bakta.done	/scratch/users/snarayanasamy/phage_uv_treatment/output/PRJEB79569/annotation/bakta/CBF2_MAGScoT_cleanbin_000027/CBF2_MAGScoT_cleanbin_000027.gff3	/scratch/users/snarayanasamy/phage_uv_treatment/output/PRJEB79569/annotation/bakta/CBF2_MAGScoT_cleanbin_000027/CBF2_MAGScoT_cleanbin_000027.tsv	/scratch/users/snarayanasamy/phage_uv_treatment/output/PRJEB79569/annotation/bakta/CBF2_MAGScoT_cleanbin_000027/CBF2_MAGScoT_cleanbin_000027.faa	/scratch/users/snarayanasamy/phage_uv_treatment/output/PRJEB79569/annotation/bakta/CBF2_MAGScoT_cleanbin_000027/CBF2_MAGScoT_cleanbin_000027.ffn	/scratch/users/snarayanasamy/phage_uv_treatment/output/PRJEB79569/annotation/bakta/CBF2_MAGScoT_cleanbin_000027/CBF2_MAGScoT_cleanbin_000027.json	/scratch/users/snarayanasamy/phage_uv_treatment/output/PRJEB79569/annotation/bakta/CBF2_MAGScoT_cleanbin_000027/CBF2_MAGScoT_cleanbin_000027.gbff	/scratch/users/snarayanasamy/phage_uv_treatment/output/PRJEB79569/annotation/bakta/CBF2_MAGScoT_cleanbin_000027/CBF2_MAGScoT_cleanbin_000027.hypotheticals.tsv	/scratch/users/snarayanasamy/phage_uv_treatment/output/PRJEB79569/annotation/bakta/CBF2_MAGScoT_cleanbin_000027/CBF2_MAGScoT_cleanbin_000027.inference.tsv
CBF2_MAGScoT_cleanbin_000029	/scratch/users/snarayanasamy/phage_uv_treatment/output/PRJEB79569/binning/dereplication/dereplicated_genomes/CBF2_MAGScoT_cleanbin_000029.fasta	/scratch/users/snarayanasamy/phage_uv_treatment/output/PRJEB79569/annotation/bakta/CBF2_MAGScoT_cleanbin_000029	/scratch/users/snarayanasamy/phage_uv_treatment/output/PRJEB79569/annotation/bakta/CBF2_MAGScoT_cleanbin_000029/bakta.done	/scratch/users/snarayanasamy/phage_uv_treatment/output/PRJEB79569/annotation/bakta/CBF2_MAGScoT_cleanbin_000029/CBF2_MAGScoT_cleanbin_000029.gff3	/scratch/users/snarayanasamy/phage_uv_treatment/output/PRJEB79569/annotation/bakta/CBF2_MAGScoT_cleanbin_000029/CBF2_MAGScoT_cleanbin_000029.tsv	/scratch/users/snarayanasamy/phage_uv_treatment/output/PRJEB79569/annotation/bakta/CBF2_MAGScoT_cleanbin_000029/CBF2_MAGScoT_cleanbin_000029.faa	/scratch/users/snarayanasamy/phage_uv_treatment/output/PRJEB79569/annotation/bakta/CBF2_MAGScoT_cleanbin_000029/CBF2_MAGScoT_cleanbin_000029.ffn	/scratch/users/snarayanasamy/phage_uv_treatment/output/PRJEB79569/annotation/bakta/CBF2_MAGScoT_cleanbin_000029/CBF2_MAGScoT_cleanbin_000029.json	/scratch/users/snarayanasamy/phage_uv_treatment/output/PRJEB79569/annotation/bakta/CBF2_MAGScoT_cleanbin_000029/CBF2_MAGScoT_cleanbin_000029.gbff	/scratch/users/snarayanasamy/phage_uv_treatment/output/PRJEB79569/annotation/bakta/CBF2_MAGScoT_cleanbin_000029/CBF2_MAGScoT_cleanbin_000029.hypotheticals.tsv	/scratch/users/snarayanasamy/phage_uv_treatment/output/PRJEB79569/annotation/bakta/CBF2_MAGScoT_cleanbin_000029/CBF2_MAGScoT_cleanbin_000029.inference.tsv
CBF2_MAGScoT_cleanbin_000033	/scratch/users/snarayanasamy/phage_uv_treatment/output/PRJEB79569/binning/dereplication/dereplicated_genomes/CBF2_MAGScoT_cleanbin_000033.fasta	/scratch/users/snarayanasamy/phage_uv_treatment/output/PRJEB79569/annotation/bakta/CBF2_MAGScoT_cleanbin_000033	/scratch/users/snarayanasamy/phage_uv_treatment/output/PRJEB79569/annotation/bakta/CBF2_MAGScoT_cleanbin_000033/bakta.done	/scratch/users/snarayanasamy/phage_uv_treatment/output/PRJEB79569/annotation/bakta/CBF2_MAGScoT_cleanbin_000033/CBF2_MAGScoT_cleanbin_000033.gff3	/scratch/users/snarayanasamy/phage_uv_treatment/output/PRJEB79569/annotation/bakta/CBF2_MAGScoT_cleanbin_000033/CBF2_MAGScoT_cleanbin_000033.tsv	/scratch/users/snarayanasamy/phage_uv_treatment/output/PRJEB79569/annotation/bakta/CBF2_MAGScoT_cleanbin_000033/CBF2_MAGScoT_cleanbin_000033.faa	/scratch/users/snarayanasamy/phage_uv_treatment/output/PRJEB79569/annotation/bakta/CBF2_MAGScoT_cleanbin_000033/CBF2_MAGScoT_cleanbin_000033.ffn	/scratch/users/snarayanasamy/phage_uv_treatment/output/PRJEB79569/annotation/bakta/CBF2_MAGScoT_cleanbin_000033/CBF2_MAGScoT_cleanbin_000033.json	/scratch/users/snarayanasamy/phage_uv_treatment/output/PRJEB79569/annotation/bakta/CBF2_MAGScoT_cleanbin_000033/CBF2_MAGScoT_cleanbin_000033.gbff	/scratch/users/snarayanasamy/phage_uv_treatment/output/PRJEB79569/annotation/bakta/CBF2_MAGScoT_cleanbin_000033/CBF2_MAGScoT_cleanbin_000033.hypotheticals.tsv	/scratch/users/snarayanasamy/phage_uv_treatment/output/PRJEB79569/annotation/bakta/CBF2_MAGScoT_cleanbin_000033/CBF2_MAGScoT_cleanbin_000033.inference.tsv
CBF2_MAGScoT_cleanbin_000034	/scratch/users/snarayanasamy/phage_uv_treatment/output/PRJEB79569/binning/dereplication/dereplicated_genomes/CBF2_MAGScoT_cleanbin_000034.fasta	/scratch/users/snarayanasamy/phage_uv_treatment/output/PRJEB79569/annotation/bakta/CBF2_MAGScoT_cleanbin_000034	/scratch/users/snarayanasamy/phage_uv_treatment/output/PRJEB79569/annotation/bakta/CBF2_MAGScoT_cleanbin_000034/bakta.done	/scratch/users/snarayanasamy/phage_uv_treatment/output/PRJEB79569/annotation/bakta/CBF2_MAGScoT_cleanbin_000034/CBF2_MAGScoT_cleanbin_000034.gff3	/scratch/users/snarayanasamy/phage_uv_treatment/output/PRJEB79569/annotation/bakta/CBF2_MAGScoT_cleanbin_000034/CBF2_MAGScoT_cleanbin_000034.tsv	/scratch/users/snarayanasamy/phage_uv_treatment/output/PRJEB79569/annotation/bakta/CBF2_MAGScoT_cleanbin_000034/CBF2_MAGScoT_cleanbin_000034.faa	/scratch/users/snarayanasamy/phage_uv_treatment/output/PRJEB79569/annotation/bakta/CBF2_MAGScoT_cleanbin_000034/CBF2_MAGScoT_cleanbin_000034.ffn	/scratch/users/snarayanasamy/phage_uv_treatment/output/PRJEB79569/annotation/bakta/CBF2_MAGScoT_cleanbin_000034/CBF2_MAGScoT_cleanbin_000034.json	/scratch/users/snarayanasamy/phage_uv_treatment/output/PRJEB79569/annotation/bakta/CBF2_MAGScoT_cleanbin_000034/CBF2_MAGScoT_cleanbin_000034.gbff	/scratch/users/snarayanasamy/phage_uv_treatment/output/PRJEB79569/annotation/bakta/CBF2_MAGScoT_cleanbin_000034/CBF2_MAGScoT_cleanbin_000034.hypotheticals.tsv	/scratch/users/snarayanasamy/phage_uv_treatment/output/PRJEB79569/annotation/bakta/CBF2_MAGScoT_cleanbin_000034/CBF2_MAGScoT_cleanbin_000034.inference.tsv
CBF2_MAGScoT_cleanbin_000035	/scratch/users/snarayanasamy/phage_uv_treatment/output/PRJEB79569/binning/dereplication/dereplicated_genomes/CBF2_MAGScoT_cleanbin_000035.fasta	/scratch/users/snarayanasamy/phage_uv_treatment/output/PRJEB79569/annotation/bakta/CBF2_MAGScoT_cleanbin_000035	/scratch/users/snarayanasamy/phage_uv_treatment/output/PRJEB79569/annotation/bakta/CBF2_MAGScoT_cleanbin_000035/bakta.done	/scratch/users/snarayanasamy/phage_uv_treatment/output/PRJEB79569/annotation/bakta/CBF2_MAGScoT_cleanbin_000035/CBF2_MAGScoT_cleanbin_000035.gff3	/scratch/users/snarayanasamy/phage_uv_treatment/output/PRJEB79569/annotation/bakta/CBF2_MAGScoT_cleanbin_000035/CBF2_MAGScoT_cleanbin_000035.tsv	/scratch/users/snarayanasamy/phage_uv_treatment/output/PRJEB79569/annotation/bakta/CBF2_MAGScoT_cleanbin_000035/CBF2_MAGScoT_cleanbin_000035.faa	/scratch/users/snarayanasamy/phage_uv_treatment/output/PRJEB79569/annotation/bakta/CBF2_MAGScoT_cleanbin_000035/CBF2_MAGScoT_cleanbin_000035.ffn	/scratch/users/snarayanasamy/phage_uv_treatment/output/PRJEB79569/annotation/bakta/CBF2_MAGScoT_cleanbin_000035/CBF2_MAGScoT_cleanbin_000035.json	/scratch/users/snarayanasamy/phage_uv_treatment/output/PRJEB79569/annotation/bakta/CBF2_MAGScoT_cleanbin_000035/CBF2_MAGScoT_cleanbin_000035.gbff	/scratch/users/snarayanasamy/phage_uv_treatment/output/PRJEB79569/annotation/bakta/CBF2_MAGScoT_cleanbin_000035/CBF2_MAGScoT_cleanbin_000035.hypotheticals.tsv	/scratch/users/snarayanasamy/phage_uv_treatment/output/PRJEB79569/annotation/bakta/CBF2_MAGScoT_cleanbin_000035/CBF2_MAGScoT_cleanbin_000035.inference.tsv
CBF2_MAGScoT_cleanbin_000042	/scratch/users/snarayanasamy/phage_uv_treatment/output/PRJEB79569/binning/dereplication/dereplicated_genomes/CBF2_MAGScoT_cleanbin_000042.fasta	/scratch/users/snarayanasamy/phage_uv_treatment/output/PRJEB79569/annotation/bakta/CBF2_MAGScoT_cleanbin_000042	/scratch/users/snarayanasamy/phage_uv_treatment/output/PRJEB79569/annotation/bakta/CBF2_MAGScoT_cleanbin_000042/bakta.done	/scratch/users/snarayanasamy/phage_uv_treatment/output/PRJEB79569/annotation/bakta/CBF2_MAGScoT_cleanbin_000042/CBF2_MAGScoT_cleanbin_000042.gff3	/scratch/users/snarayanasamy/phage_uv_treatment/output/PRJEB79569/annotation/bakta/CBF2_MAGScoT_cleanbin_000042/CBF2_MAGScoT_cleanbin_000042.tsv	/scratch/users/snarayanasamy/phage_uv_treatment/output/PRJEB79569/annotation/bakta/CBF2_MAGScoT_cleanbin_000042/CBF2_MAGScoT_cleanbin_000042.faa	/scratch/users/snarayanasamy/phage_uv_treatment/output/PRJEB79569/annotation/bakta/CBF2_MAGScoT_cleanbin_000042/CBF2_MAGScoT_cleanbin_000042.ffn	/scratch/users/snarayanasamy/phage_uv_treatment/output/PRJEB79569/annotation/bakta/CBF2_MAGScoT_cleanbin_000042/CBF2_MAGScoT_cleanbin_000042.json	/scratch/users/snarayanasamy/phage_uv_treatment/output/PRJEB79569/annotation/bakta/CBF2_MAGScoT_cleanbin_000042/CBF2_MAGScoT_cleanbin_000042.gbff	/scratch/users/snarayanasamy/phage_uv_treatment/output/PRJEB79569/annotation/bakta/CBF2_MAGScoT_cleanbin_000042/CBF2_MAGScoT_cleanbin_000042.hypotheticals.tsv	/scratch/users/snarayanasamy/phage_uv_treatment/output/PRJEB79569/annotation/bakta/CBF2_MAGScoT_cleanbin_000042/CBF2_MAGScoT_cleanbin_000042.inference.tsv
CBF2_MAGScoT_cleanbin_000050	/scratch/users/snarayanasamy/phage_uv_treatment/output/PRJEB79569/binning/dereplication/dereplicated_genomes/CBF2_MAGScoT_cleanbin_000050.fasta	/scratch/users/snarayanasamy/phage_uv_treatment/output/PRJEB79569/annotation/bakta/CBF2_MAGScoT_cleanbin_000050	/scratch/users/snarayanasamy/phage_uv_treatment/output/PRJEB79569/annotation/bakta/CBF2_MAGScoT_cleanbin_000050/bakta.done	/scratch/users/snarayanasamy/phage_uv_treatment/output/PRJEB79569/annotation/bakta/CBF2_MAGScoT_cleanbin_000050/CBF2_MAGScoT_cleanbin_000050.gff3	/scratch/users/snarayanasamy/phage_uv_treatment/output/PRJEB79569/annotation/bakta/CBF2_MAGScoT_cleanbin_000050/CBF2_MAGScoT_cleanbin_000050.tsv	/scratch/users/snarayanasamy/phage_uv_treatment/output/PRJEB79569/annotation/bakta/CBF2_MAGScoT_cleanbin_000050/CBF2_MAGScoT_cleanbin_000050.faa	/scratch/users/snarayanasamy/phage_uv_treatment/output/PRJEB79569/annotation/bakta/CBF2_MAGScoT_cleanbin_000050/CBF2_MAGScoT_cleanbin_000050.ffn	/scratch/users/snarayanasamy/phage_uv_treatment/output/PRJEB79569/annotation/bakta/CBF2_MAGScoT_cleanbin_000050/CBF2_MAGScoT_cleanbin_000050.json	/scratch/users/snarayanasamy/phage_uv_treatment/output/PRJEB79569/annotation/bakta/CBF2_MAGScoT_cleanbin_000050/CBF2_MAGScoT_cleanbin_000050.gbff	/scratch/users/snarayanasamy/phage_uv_treatment/output/PRJEB79569/annotation/bakta/CBF2_MAGScoT_cleanbin_000050/CBF2_MAGScoT_cleanbin_000050.hypotheticals.tsv	/scratch/users/snarayanasamy/phage_uv_treatment/output/PRJEB79569/annotation/bakta/CBF2_MAGScoT_cleanbin_000050/CBF2_MAGScoT_cleanbin_000050.inference.tsv
CBF2_MAGScoT_cleanbin_000052	/scratch/users/snarayanasamy/phage_uv_treatment/output/PRJEB79569/binning/dereplication/dereplicated_genomes/CBF2_MAGScoT_cleanbin_000052.fasta	/scratch/users/snarayanasamy/phage_uv_treatment/output/PRJEB79569/annotation/bakta/CBF2_MAGScoT_cleanbin_000052	/scratch/users/snarayanasamy/phage_uv_treatment/output/PRJEB79569/annotation/bakta/CBF2_MAGScoT_cleanbin_000052/bakta.done	/scratch/users/snarayanasamy/phage_uv_treatment/output/PRJEB79569/annotation/bakta/CBF2_MAGScoT_cleanbin_000052/CBF2_MAGScoT_cleanbin_000052.gff3	/scratch/users/snarayanasamy/phage_uv_treatment/output/PRJEB79569/annotation/bakta/CBF2_MAGScoT_cleanbin_000052/CBF2_MAGScoT_cleanbin_000052.tsv	/scratch/users/snarayanasamy/phage_uv_treatment/output/PRJEB79569/annotation/bakta/CBF2_MAGScoT_cleanbin_000052/CBF2_MAGScoT_cleanbin_000052.faa	/scratch/users/snarayanasamy/phage_uv_treatment/output/PRJEB79569/annotation/bakta/CBF2_MAGScoT_cleanbin_000052/CBF2_MAGScoT_cleanbin_000052.ffn	/scratch/users/snarayanasamy/phage_uv_treatment/output/PRJEB79569/annotation/bakta/CBF2_MAGScoT_cleanbin_000052/CBF2_MAGScoT_cleanbin_000052.json	/scratch/users/snarayanasamy/phage_uv_treatment/output/PRJEB79569/annotation/bakta/CBF2_MAGScoT_cleanbin_000052/CBF2_MAGScoT_cleanbin_000052.gbff	/scratch/users/snarayanasamy/phage_uv_treatment/output/PRJEB79569/annotation/bakta/CBF2_MAGScoT_cleanbin_000052/CBF2_MAGScoT_cleanbin_000052.hypotheticals.tsv	/scratch/users/snarayanasamy/phage_uv_treatment/output/PRJEB79569/annotation/bakta/CBF2_MAGScoT_cleanbin_000052/CBF2_MAGScoT_cleanbin_000052.inference.tsv
CBF2_MAGScoT_cleanbin_000060	/scratch/users/snarayanasamy/phage_uv_treatment/output/PRJEB79569/binning/dereplication/dereplicated_genomes/CBF2_MAGScoT_cleanbin_000060.fasta	/scratch/users/snarayanasamy/phage_uv_treatment/output/PRJEB79569/annotation/bakta/CBF2_MAGScoT_cleanbin_000060	/scratch/users/snarayanasamy/phage_uv_treatment/output/PRJEB79569/annotation/bakta/CBF2_MAGScoT_cleanbin_000060/bakta.done	/scratch/users/snarayanasamy/phage_uv_treatment/output/PRJEB79569/annotation/bakta/CBF2_MAGScoT_cleanbin_000060/CBF2_MAGScoT_cleanbin_000060.gff3	/scratch/users/snarayanasamy/phage_uv_treatment/output/PRJEB79569/annotation/bakta/CBF2_MAGScoT_cleanbin_000060/CBF2_MAGScoT_cleanbin_000060.tsv	/scratch/users/snarayanasamy/phage_uv_treatment/output/PRJEB79569/annotation/bakta/CBF2_MAGScoT_cleanbin_000060/CBF2_MAGScoT_cleanbin_000060.faa	/scratch/users/snarayanasamy/phage_uv_treatment/output/PRJEB79569/annotation/bakta/CBF2_MAGScoT_cleanbin_000060/CBF2_MAGScoT_cleanbin_000060.ffn	/scratch/users/snarayanasamy/phage_uv_treatment/output/PRJEB79569/annotation/bakta/CBF2_MAGScoT_cleanbin_000060/CBF2_MAGScoT_cleanbin_000060.json	/scratch/users/snarayanasamy/phage_uv_treatment/output/PRJEB79569/annotation/bakta/CBF2_MAGScoT_cleanbin_000060/CBF2_MAGScoT_cleanbin_000060.gbff	/scratch/users/snarayanasamy/phage_uv_treatment/output/PRJEB79569/annotation/bakta/CBF2_MAGScoT_cleanbin_000060/CBF2_MAGScoT_cleanbin_000060.hypotheticals.tsv	/scratch/users/snarayanasamy/phage_uv_treatment/output/PRJEB79569/annotation/bakta/CBF2_MAGScoT_cleanbin_000060/CBF2_MAGScoT_cleanbin_000060.inference.tsv
CBF2_MAGScoT_cleanbin_000069	/scratch/users/snarayanasamy/phage_uv_treatment/output/PRJEB79569/binning/dereplication/dereplicated_genomes/CBF2_MAGScoT_cleanbin_000069.fasta	/scratch/users/snarayanasamy/phage_uv_treatment/output/PRJEB79569/annotation/bakta/CBF2_MAGScoT_cleanbin_000069	/scratch/users/snarayanasamy/phage_uv_treatment/output/PRJEB79569/annotation/bakta/CBF2_MAGScoT_cleanbin_000069/bakta.done	/scratch/users/snarayanasamy/phage_uv_treatment/output/PRJEB79569/annotation/bakta/CBF2_MAGScoT_cleanbin_000069/CBF2_MAGScoT_cleanbin_000069.gff3	/scratch/users/snarayanasamy/phage_uv_treatment/output/PRJEB79569/annotation/bakta/CBF2_MAGScoT_cleanbin_000069/CBF2_MAGScoT_cleanbin_000069.tsv	/scratch/users/snarayanasamy/phage_uv_treatment/output/PRJEB79569/annotation/bakta/CBF2_MAGScoT_cleanbin_000069/CBF2_MAGScoT_cleanbin_000069.faa	/scratch/users/snarayanasamy/phage_uv_treatment/output/PRJEB79569/annotation/bakta/CBF2_MAGScoT_cleanbin_000069/CBF2_MAGScoT_cleanbin_000069.ffn	/scratch/users/snarayanasamy/phage_uv_treatment/output/PRJEB79569/annotation/bakta/CBF2_MAGScoT_cleanbin_000069/CBF2_MAGScoT_cleanbin_000069.json	/scratch/users/snarayanasamy/phage_uv_treatment/output/PRJEB79569/annotation/bakta/CBF2_MAGScoT_cleanbin_000069/CBF2_MAGScoT_cleanbin_000069.gbff	/scratch/users/snarayanasamy/phage_uv_treatment/output/PRJEB79569/annotation/bakta/CBF2_MAGScoT_cleanbin_000069/CBF2_MAGScoT_cleanbin_000069.hypotheticals.tsv	/scratch/users/snarayanasamy/phage_uv_treatment/output/PRJEB79569/annotation/bakta/CBF2_MAGScoT_cleanbin_000069/CBF2_MAGScoT_cleanbin_000069.inference.tsv
CBF2_MAGScoT_cleanbin_000073	/scratch/users/snarayanasamy/phage_uv_treatment/output/PRJEB79569/binning/dereplication/dereplicated_genomes/CBF2_MAGScoT_cleanbin_000073.fasta	/scratch/users/snarayanasamy/phage_uv_treatment/output/PRJEB79569/annotation/bakta/CBF2_MAGScoT_cleanbin_000073	/scratch/users/snarayanasamy/phage_uv_treatment/output/PRJEB79569/annotation/bakta/CBF2_MAGScoT_cleanbin_000073/bakta.done	/scratch/users/snarayanasamy/phage_uv_treatment/output/PRJEB79569/annotation/bakta/CBF2_MAGScoT_cleanbin_000073/CBF2_MAGScoT_cleanbin_000073.gff3	/scratch/users/snarayanasamy/phage_uv_treatment/output/PRJEB79569/annotation/bakta/CBF2_MAGScoT_cleanbin_000073/CBF2_MAGScoT_cleanbin_000073.tsv	/scratch/users/snarayanasamy/phage_uv_treatment/output/PRJEB79569/annotation/bakta/CBF2_MAGScoT_cleanbin_000073/CBF2_MAGScoT_cleanbin_000073.faa	/scratch/users/snarayanasamy/phage_uv_treatment/output/PRJEB79569/annotation/bakta/CBF2_MAGScoT_cleanbin_000073/CBF2_MAGScoT_cleanbin_000073.ffn	/scratch/users/snarayanasamy/phage_uv_treatment/output/PRJEB79569/annotation/bakta/CBF2_MAGScoT_cleanbin_000073/CBF2_MAGScoT_cleanbin_000073.json	/scratch/users/snarayanasamy/phage_uv_treatment/output/PRJEB79569/annotation/bakta/CBF2_MAGScoT_cleanbin_000073/CBF2_MAGScoT_cleanbin_000073.gbff	/scratch/users/snarayanasamy/phage_uv_treatment/output/PRJEB79569/annotation/bakta/CBF2_MAGScoT_cleanbin_000073/CBF2_MAGScoT_cleanbin_000073.hypotheticals.tsv	/scratch/users/snarayanasamy/phage_uv_treatment/output/PRJEB79569/annotation/bakta/CBF2_MAGScoT_cleanbin_000073/CBF2_MAGScoT_cleanbin_000073.inference.tsv
CBF2_MAGScoT_cleanbin_000084	/scratch/users/snarayanasamy/phage_uv_treatment/output/PRJEB79569/binning/dereplication/dereplicated_genomes/CBF2_MAGScoT_cleanbin_000084.fasta	/scratch/users/snarayanasamy/phage_uv_treatment/output/PRJEB79569/annotation/bakta/CBF2_MAGScoT_cleanbin_000084	/scratch/users/snarayanasamy/phage_uv_treatment/output/PRJEB79569/annotation/bakta/CBF2_MAGScoT_cleanbin_000084/bakta.done	/scratch/users/snarayanasamy/phage_uv_treatment/output/PRJEB79569/annotation/bakta/CBF2_MAGScoT_cleanbin_000084/CBF2_MAGScoT_cleanbin_000084.gff3	/scratch/users/snarayanasamy/phage_uv_treatment/output/PRJEB79569/annotation/bakta/CBF2_MAGScoT_cleanbin_000084/CBF2_MAGScoT_cleanbin_000084.tsv	/scratch/users/snarayanasamy/phage_uv_treatment/output/PRJEB79569/annotation/bakta/CBF2_MAGScoT_cleanbin_000084/CBF2_MAGScoT_cleanbin_000084.faa	/scratch/users/snarayanasamy/phage_uv_treatment/output/PRJEB79569/annotation/bakta/CBF2_MAGScoT_cleanbin_000084/CBF2_MAGScoT_cleanbin_000084.ffn	/scratch/users/snarayanasamy/phage_uv_treatment/output/PRJEB79569/annotation/bakta/CBF2_MAGScoT_cleanbin_000084/CBF2_MAGScoT_cleanbin_000084.json	/scratch/users/snarayanasamy/phage_uv_treatment/output/PRJEB79569/annotation/bakta/CBF2_MAGScoT_cleanbin_000084/CBF2_MAGScoT_cleanbin_000084.gbff	/scratch/users/snarayanasamy/phage_uv_treatment/output/PRJEB79569/annotation/bakta/CBF2_MAGScoT_cleanbin_000084/CBF2_MAGScoT_cleanbin_000084.hypotheticals.tsv	/scratch/users/snarayanasamy/phage_uv_treatment/output/PRJEB79569/annotation/bakta/CBF2_MAGScoT_cleanbin_000084/CBF2_MAGScoT_cleanbin_000084.inference.tsv
CBF2_MAGScoT_cleanbin_000088	/scratch/users/snarayanasamy/phage_uv_treatment/output/PRJEB79569/binning/dereplication/dereplicated_genomes/CBF2_MAGScoT_cleanbin_000088.fasta	/scratch/users/snarayanasamy/phage_uv_treatment/output/PRJEB79569/annotation/bakta/CBF2_MAGScoT_cleanbin_000088	/scratch/users/snarayanasamy/phage_uv_treatment/output/PRJEB79569/annotation/bakta/CBF2_MAGScoT_cleanbin_000088/bakta.done	/scratch/users/snarayanasamy/phage_uv_treatment/output/PRJEB79569/annotation/bakta/CBF2_MAGScoT_cleanbin_000088/CBF2_MAGScoT_cleanbin_000088.gff3	/scratch/users/snarayanasamy/phage_uv_treatment/output/PRJEB79569/annotation/bakta/CBF2_MAGScoT_cleanbin_000088/CBF2_MAGScoT_cleanbin_000088.tsv	/scratch/users/snarayanasamy/phage_uv_treatment/output/PRJEB79569/annotation/bakta/CBF2_MAGScoT_cleanbin_000088/CBF2_MAGScoT_cleanbin_000088.faa	/scratch/users/snarayanasamy/phage_uv_treatment/output/PRJEB79569/annotation/bakta/CBF2_MAGScoT_cleanbin_000088/CBF2_MAGScoT_cleanbin_000088.ffn	/scratch/users/snarayanasamy/phage_uv_treatment/output/PRJEB79569/annotation/bakta/CBF2_MAGScoT_cleanbin_000088/CBF2_MAGScoT_cleanbin_000088.json	/scratch/users/snarayanasamy/phage_uv_treatment/output/PRJEB79569/annotation/bakta/CBF2_MAGScoT_cleanbin_000088/CBF2_MAGScoT_cleanbin_000088.gbff	/scratch/users/snarayanasamy/phage_uv_treatment/output/PRJEB79569/annotation/bakta/CBF2_MAGScoT_cleanbin_000088/CBF2_MAGScoT_cleanbin_000088.hypotheticals.tsv	/scratch/users/snarayanasamy/phage_uv_treatment/output/PRJEB79569/annotation/bakta/CBF2_MAGScoT_cleanbin_000088/CBF2_MAGScoT_cleanbin_000088.inference.tsv
CBF2_MAGScoT_cleanbin_000089	/scratch/users/snarayanasamy/phage_uv_treatment/output/PRJEB79569/binning/dereplication/dereplicated_genomes/CBF2_MAGScoT_cleanbin_000089.fasta	/scratch/users/snarayanasamy/phage_uv_treatment/output/PRJEB79569/annotation/bakta/CBF2_MAGScoT_cleanbin_000089	/scratch/users/snarayanasamy/phage_uv_treatment/output/PRJEB79569/annotation/bakta/CBF2_MAGScoT_cleanbin_000089/bakta.done	/scratch/users/snarayanasamy/phage_uv_treatment/output/PRJEB79569/annotation/bakta/CBF2_MAGScoT_cleanbin_000089/CBF2_MAGScoT_cleanbin_000089.gff3	/scratch/users/snarayanasamy/phage_uv_treatment/output/PRJEB79569/annotation/bakta/CBF2_MAGScoT_cleanbin_000089/CBF2_MAGScoT_cleanbin_000089.tsv	/scratch/users/snarayanasamy/phage_uv_treatment/output/PRJEB79569/annotation/bakta/CBF2_MAGScoT_cleanbin_000089/CBF2_MAGScoT_cleanbin_000089.faa	/scratch/users/snarayanasamy/phage_uv_treatment/output/PRJEB79569/annotation/bakta/CBF2_MAGScoT_cleanbin_000089/CBF2_MAGScoT_cleanbin_000089.ffn	/scratch/users/snarayanasamy/phage_uv_treatment/output/PRJEB79569/annotation/bakta/CBF2_MAGScoT_cleanbin_000089/CBF2_MAGScoT_cleanbin_000089.json	/scratch/users/snarayanasamy/phage_uv_treatment/output/PRJEB79569/annotation/bakta/CBF2_MAGScoT_cleanbin_000089/CBF2_MAGScoT_cleanbin_000089.gbff	/scratch/users/snarayanasamy/phage_uv_treatment/output/PRJEB79569/annotation/bakta/CBF2_MAGScoT_cleanbin_000089/CBF2_MAGScoT_cleanbin_000089.hypotheticals.tsv	/scratch/users/snarayanasamy/phage_uv_treatment/output/PRJEB79569/annotation/bakta/CBF2_MAGScoT_cleanbin_000089/CBF2_MAGScoT_cleanbin_000089.inference.tsv
CBF2_MAGScoT_cleanbin_000092	/scratch/users/snarayanasamy/phage_uv_treatment/output/PRJEB79569/binning/dereplication/dereplicated_genomes/CBF2_MAGScoT_cleanbin_000092.fasta	/scratch/users/snarayanasamy/phage_uv_treatment/output/PRJEB79569/annotation/bakta/CBF2_MAGScoT_cleanbin_000092	/scratch/users/snarayanasamy/phage_uv_treatment/output/PRJEB79569/annotation/bakta/CBF2_MAGScoT_cleanbin_000092/bakta.done	/scratch/users/snarayanasamy/phage_uv_treatment/output/PRJEB79569/annotation/bakta/CBF2_MAGScoT_cleanbin_000092/CBF2_MAGScoT_cleanbin_000092.gff3	/scratch/users/snarayanasamy/phage_uv_treatment/output/PRJEB79569/annotation/bakta/CBF2_MAGScoT_cleanbin_000092/CBF2_MAGScoT_cleanbin_000092.tsv	/scratch/users/snarayanasamy/phage_uv_treatment/output/PRJEB79569/annotation/bakta/CBF2_MAGScoT_cleanbin_000092/CBF2_MAGScoT_cleanbin_000092.faa	/scratch/users/snarayanasamy/phage_uv_treatment/output/PRJEB79569/annotation/bakta/CBF2_MAGScoT_cleanbin_000092/CBF2_MAGScoT_cleanbin_000092.ffn	/scratch/users/snarayanasamy/phage_uv_treatment/output/PRJEB79569/annotation/bakta/CBF2_MAGScoT_cleanbin_000092/CBF2_MAGScoT_cleanbin_000092.json	/scratch/users/snarayanasamy/phage_uv_treatment/output/PRJEB79569/annotation/bakta/CBF2_MAGScoT_cleanbin_000092/CBF2_MAGScoT_cleanbin_000092.gbff	/scratch/users/snarayanasamy/phage_uv_treatment/output/PRJEB79569/annotation/bakta/CBF2_MAGScoT_cleanbin_000092/CBF2_MAGScoT_cleanbin_000092.hypotheticals.tsv	/scratch/users/snarayanasamy/phage_uv_treatment/output/PRJEB79569/annotation/bakta/CBF2_MAGScoT_cleanbin_000092/CBF2_MAGScoT_cleanbin_000092.inference.tsv
CBF2_MAGScoT_cleanbin_000095	/scratch/users/snarayanasamy/phage_uv_treatment/output/PRJEB79569/binning/dereplication/dereplicated_genomes/CBF2_MAGScoT_cleanbin_000095.fasta	/scratch/users/snarayanasamy/phage_uv_treatment/output/PRJEB79569/annotation/bakta/CBF2_MAGScoT_cleanbin_000095	/scratch/users/snarayanasamy/phage_uv_treatment/output/PRJEB79569/annotation/bakta/CBF2_MAGScoT_cleanbin_000095/bakta.done	/scratch/users/snarayanasamy/phage_uv_treatment/output/PRJEB79569/annotation/bakta/CBF2_MAGScoT_cleanbin_000095/CBF2_MAGScoT_cleanbin_000095.gff3	/scratch/users/snarayanasamy/phage_uv_treatment/output/PRJEB79569/annotation/bakta/CBF2_MAGScoT_cleanbin_000095/CBF2_MAGScoT_cleanbin_000095.tsv	/scratch/users/snarayanasamy/phage_uv_treatment/output/PRJEB79569/annotation/bakta/CBF2_MAGScoT_cleanbin_000095/CBF2_MAGScoT_cleanbin_000095.faa	/scratch/users/snarayanasamy/phage_uv_treatment/output/PRJEB79569/annotation/bakta/CBF2_MAGScoT_cleanbin_000095/CBF2_MAGScoT_cleanbin_000095.ffn	/scratch/users/snarayanasamy/phage_uv_treatment/output/PRJEB79569/annotation/bakta/CBF2_MAGScoT_cleanbin_000095/CBF2_MAGScoT_cleanbin_000095.json	/scratch/users/snarayanasamy/phage_uv_treatment/output/PRJEB79569/annotation/bakta/CBF2_MAGScoT_cleanbin_000095/CBF2_MAGScoT_cleanbin_000095.gbff	/scratch/users/snarayanasamy/phage_uv_treatment/output/PRJEB79569/annotation/bakta/CBF2_MAGScoT_cleanbin_000095/CBF2_MAGScoT_cleanbin_000095.hypotheticals.tsv	/scratch/users/snarayanasamy/phage_uv_treatment/output/PRJEB79569/annotation/bakta/CBF2_MAGScoT_cleanbin_000095/CBF2_MAGScoT_cleanbin_000095.inference.tsv
CBF2_MAGScoT_cleanbin_000102	/scratch/users/snarayanasamy/phage_uv_treatment/output/PRJEB79569/binning/dereplication/dereplicated_genomes/CBF2_MAGScoT_cleanbin_000102.fasta	/scratch/users/snarayanasamy/phage_uv_treatment/output/PRJEB79569/annotation/bakta/CBF2_MAGScoT_cleanbin_000102	/scratch/users/snarayanasamy/phage_uv_treatment/output/PRJEB79569/annotation/bakta/CBF2_MAGScoT_cleanbin_000102/bakta.done	/scratch/users/snarayanasamy/phage_uv_treatment/output/PRJEB79569/annotation/bakta/CBF2_MAGScoT_cleanbin_000102/CBF2_MAGScoT_cleanbin_000102.gff3	/scratch/users/snarayanasamy/phage_uv_treatment/output/PRJEB79569/annotation/bakta/CBF2_MAGScoT_cleanbin_000102/CBF2_MAGScoT_cleanbin_000102.tsv	/scratch/users/snarayanasamy/phage_uv_treatment/output/PRJEB79569/annotation/bakta/CBF2_MAGScoT_cleanbin_000102/CBF2_MAGScoT_cleanbin_000102.faa	/scratch/users/snarayanasamy/phage_uv_treatment/output/PRJEB79569/annotation/bakta/CBF2_MAGScoT_cleanbin_000102/CBF2_MAGScoT_cleanbin_000102.ffn	/scratch/users/snarayanasamy/phage_uv_treatment/output/PRJEB79569/annotation/bakta/CBF2_MAGScoT_cleanbin_000102/CBF2_MAGScoT_cleanbin_000102.json	/scratch/users/snarayanasamy/phage_uv_treatment/output/PRJEB79569/annotation/bakta/CBF2_MAGScoT_cleanbin_000102/CBF2_MAGScoT_cleanbin_000102.gbff	/scratch/users/snarayanasamy/phage_uv_treatment/output/PRJEB79569/annotation/bakta/CBF2_MAGScoT_cleanbin_000102/CBF2_MAGScoT_cleanbin_000102.hypotheticals.tsv	/scratch/users/snarayanasamy/phage_uv_treatment/output/PRJEB79569/annotation/bakta/CBF2_MAGScoT_cleanbin_000102/CBF2_MAGScoT_cleanbin_000102.inference.tsv
CBF2_MAGScoT_cleanbin_000119	/scratch/users/snarayanasamy/phage_uv_treatment/output/PRJEB79569/binning/dereplication/dereplicated_genomes/CBF2_MAGScoT_cleanbin_000119.fasta	/scratch/users/snarayanasamy/phage_uv_treatment/output/PRJEB79569/annotation/bakta/CBF2_MAGScoT_cleanbin_000119	/scratch/users/snarayanasamy/phage_uv_treatment/output/PRJEB79569/annotation/bakta/CBF2_MAGScoT_cleanbin_000119/bakta.done	/scratch/users/snarayanasamy/phage_uv_treatment/output/PRJEB79569/annotation/bakta/CBF2_MAGScoT_cleanbin_000119/CBF2_MAGScoT_cleanbin_000119.gff3	/scratch/users/snarayanasamy/phage_uv_treatment/output/PRJEB79569/annotation/bakta/CBF2_MAGScoT_cleanbin_000119/CBF2_MAGScoT_cleanbin_000119.tsv	/scratch/users/snarayanasamy/phage_uv_treatment/output/PRJEB79569/annotation/bakta/CBF2_MAGScoT_cleanbin_000119/CBF2_MAGScoT_cleanbin_000119.faa	/scratch/users/snarayanasamy/phage_uv_treatment/output/PRJEB79569/annotation/bakta/CBF2_MAGScoT_cleanbin_000119/CBF2_MAGScoT_cleanbin_000119.ffn	/scratch/users/snarayanasamy/phage_uv_treatment/output/PRJEB79569/annotation/bakta/CBF2_MAGScoT_cleanbin_000119/CBF2_MAGScoT_cleanbin_000119.json	/scratch/users/snarayanasamy/phage_uv_treatment/output/PRJEB79569/annotation/bakta/CBF2_MAGScoT_cleanbin_000119/CBF2_MAGScoT_cleanbin_000119.gbff	/scratch/users/snarayanasamy/phage_uv_treatment/output/PRJEB79569/annotation/bakta/CBF2_MAGScoT_cleanbin_000119/CBF2_MAGScoT_cleanbin_000119.hypotheticals.tsv	/scratch/users/snarayanasamy/phage_uv_treatment/output/PRJEB79569/annotation/bakta/CBF2_MAGScoT_cleanbin_000119/CBF2_MAGScoT_cleanbin_000119.inference.tsv
CBF2_MAGScoT_cleanbin_000121	/scratch/users/snarayanasamy/phage_uv_treatment/output/PRJEB79569/binning/dereplication/dereplicated_genomes/CBF2_MAGScoT_cleanbin_000121.fasta	/scratch/users/snarayanasamy/phage_uv_treatment/output/PRJEB79569/annotation/bakta/CBF2_MAGScoT_cleanbin_000121	/scratch/users/snarayanasamy/phage_uv_treatment/output/PRJEB79569/annotation/bakta/CBF2_MAGScoT_cleanbin_000121/bakta.done	/scratch/users/snarayanasamy/phage_uv_treatment/output/PRJEB79569/annotation/bakta/CBF2_MAGScoT_cleanbin_000121/CBF2_MAGScoT_cleanbin_000121.gff3	/scratch/users/snarayanasamy/phage_uv_treatment/output/PRJEB79569/annotation/bakta/CBF2_MAGScoT_cleanbin_000121/CBF2_MAGScoT_cleanbin_000121.tsv	/scratch/users/snarayanasamy/phage_uv_treatment/output/PRJEB79569/annotation/bakta/CBF2_MAGScoT_cleanbin_000121/CBF2_MAGScoT_cleanbin_000121.faa	/scratch/users/snarayanasamy/phage_uv_treatment/output/PRJEB79569/annotation/bakta/CBF2_MAGScoT_cleanbin_000121/CBF2_MAGScoT_cleanbin_000121.ffn	/scratch/users/snarayanasamy/phage_uv_treatment/output/PRJEB79569/annotation/bakta/CBF2_MAGScoT_cleanbin_000121/CBF2_MAGScoT_cleanbin_000121.json	/scratch/users/snarayanasamy/phage_uv_treatment/output/PRJEB79569/annotation/bakta/CBF2_MAGScoT_cleanbin_000121/CBF2_MAGScoT_cleanbin_000121.gbff	/scratch/users/snarayanasamy/phage_uv_treatment/output/PRJEB79569/annotation/bakta/CBF2_MAGScoT_cleanbin_000121/CBF2_MAGScoT_cleanbin_000121.hypotheticals.tsv	/scratch/users/snarayanasamy/phage_uv_treatment/output/PRJEB79569/annotation/bakta/CBF2_MAGScoT_cleanbin_000121/CBF2_MAGScoT_cleanbin_000121.inference.tsv
CBF2_MAGScoT_cleanbin_000126	/scratch/users/snarayanasamy/phage_uv_treatment/output/PRJEB79569/binning/dereplication/dereplicated_genomes/CBF2_MAGScoT_cleanbin_000126.fasta	/scratch/users/snarayanasamy/phage_uv_treatment/output/PRJEB79569/annotation/bakta/CBF2_MAGScoT_cleanbin_000126	/scratch/users/snarayanasamy/phage_uv_treatment/output/PRJEB79569/annotation/bakta/CBF2_MAGScoT_cleanbin_000126/bakta.done	/scratch/users/snarayanasamy/phage_uv_treatment/output/PRJEB79569/annotation/bakta/CBF2_MAGScoT_cleanbin_000126/CBF2_MAGScoT_cleanbin_000126.gff3	/scratch/users/snarayanasamy/phage_uv_treatment/output/PRJEB79569/annotation/bakta/CBF2_MAGScoT_cleanbin_000126/CBF2_MAGScoT_cleanbin_000126.tsv	/scratch/users/snarayanasamy/phage_uv_treatment/output/PRJEB79569/annotation/bakta/CBF2_MAGScoT_cleanbin_000126/CBF2_MAGScoT_cleanbin_000126.faa	/scratch/users/snarayanasamy/phage_uv_treatment/output/PRJEB79569/annotation/bakta/CBF2_MAGScoT_cleanbin_000126/CBF2_MAGScoT_cleanbin_000126.ffn	/scratch/users/snarayanasamy/phage_uv_treatment/output/PRJEB79569/annotation/bakta/CBF2_MAGScoT_cleanbin_000126/CBF2_MAGScoT_cleanbin_000126.json	/scratch/users/snarayanasamy/phage_uv_treatment/output/PRJEB79569/annotation/bakta/CBF2_MAGScoT_cleanbin_000126/CBF2_MAGScoT_cleanbin_000126.gbff	/scratch/users/snarayanasamy/phage_uv_treatment/output/PRJEB79569/annotation/bakta/CBF2_MAGScoT_cleanbin_000126/CBF2_MAGScoT_cleanbin_000126.hypotheticals.tsv	/scratch/users/snarayanasamy/phage_uv_treatment/output/PRJEB79569/annotation/bakta/CBF2_MAGScoT_cleanbin_000126/CBF2_MAGScoT_cleanbin_000126.inference.tsv
CBF2_MAGScoT_cleanbin_000134	/scratch/users/snarayanasamy/phage_uv_treatment/output/PRJEB79569/binning/dereplication/dereplicated_genomes/CBF2_MAGScoT_cleanbin_000134.fasta	/scratch/users/snarayanasamy/phage_uv_treatment/output/PRJEB79569/annotation/bakta/CBF2_MAGScoT_cleanbin_000134	/scratch/users/snarayanasamy/phage_uv_treatment/output/PRJEB79569/annotation/bakta/CBF2_MAGScoT_cleanbin_000134/bakta.done	/scratch/users/snarayanasamy/phage_uv_treatment/output/PRJEB79569/annotation/bakta/CBF2_MAGScoT_cleanbin_000134/CBF2_MAGScoT_cleanbin_000134.gff3	/scratch/users/snarayanasamy/phage_uv_treatment/output/PRJEB79569/annotation/bakta/CBF2_MAGScoT_cleanbin_000134/CBF2_MAGScoT_cleanbin_000134.tsv	/scratch/users/snarayanasamy/phage_uv_treatment/output/PRJEB79569/annotation/bakta/CBF2_MAGScoT_cleanbin_000134/CBF2_MAGScoT_cleanbin_000134.faa	/scratch/users/snarayanasamy/phage_uv_treatment/output/PRJEB79569/annotation/bakta/CBF2_MAGScoT_cleanbin_000134/CBF2_MAGScoT_cleanbin_000134.ffn	/scratch/users/snarayanasamy/phage_uv_treatment/output/PRJEB79569/annotation/bakta/CBF2_MAGScoT_cleanbin_000134/CBF2_MAGScoT_cleanbin_000134.json	/scratch/users/snarayanasamy/phage_uv_treatment/output/PRJEB79569/annotation/bakta/CBF2_MAGScoT_cleanbin_000134/CBF2_MAGScoT_cleanbin_000134.gbff	/scratch/users/snarayanasamy/phage_uv_treatment/output/PRJEB79569/annotation/bakta/CBF2_MAGScoT_cleanbin_000134/CBF2_MAGScoT_cleanbin_000134.hypotheticals.tsv	/scratch/users/snarayanasamy/phage_uv_treatment/output/PRJEB79569/annotation/bakta/CBF2_MAGScoT_cleanbin_000134/CBF2_MAGScoT_cleanbin_000134.inference.tsv
CBF2_MAGScoT_cleanbin_000196	/scratch/users/snarayanasamy/phage_uv_treatment/output/PRJEB79569/binning/dereplication/dereplicated_genomes/CBF2_MAGScoT_cleanbin_000196.fasta	/scratch/users/snarayanasamy/phage_uv_treatment/output/PRJEB79569/annotation/bakta/CBF2_MAGScoT_cleanbin_000196	/scratch/users/snarayanasamy/phage_uv_treatment/output/PRJEB79569/annotation/bakta/CBF2_MAGScoT_cleanbin_000196/bakta.done	/scratch/users/snarayanasamy/phage_uv_treatment/output/PRJEB79569/annotation/bakta/CBF2_MAGScoT_cleanbin_000196/CBF2_MAGScoT_cleanbin_000196.gff3	/scratch/users/snarayanasamy/phage_uv_treatment/output/PRJEB79569/annotation/bakta/CBF2_MAGScoT_cleanbin_000196/CBF2_MAGScoT_cleanbin_000196.tsv	/scratch/users/snarayanasamy/phage_uv_treatment/output/PRJEB79569/annotation/bakta/CBF2_MAGScoT_cleanbin_000196/CBF2_MAGScoT_cleanbin_000196.faa	/scratch/users/snarayanasamy/phage_uv_treatment/output/PRJEB79569/annotation/bakta/CBF2_MAGScoT_cleanbin_000196/CBF2_MAGScoT_cleanbin_000196.ffn	/scratch/users/snarayanasamy/phage_uv_treatment/output/PRJEB79569/annotation/bakta/CBF2_MAGScoT_cleanbin_000196/CBF2_MAGScoT_cleanbin_000196.json	/scratch/users/snarayanasamy/phage_uv_treatment/output/PRJEB79569/annotation/bakta/CBF2_MAGScoT_cleanbin_000196/CBF2_MAGScoT_cleanbin_000196.gbff	/scratch/users/snarayanasamy/phage_uv_treatment/output/PRJEB79569/annotation/bakta/CBF2_MAGScoT_cleanbin_000196/CBF2_MAGScoT_cleanbin_000196.hypotheticals.tsv	/scratch/users/snarayanasamy/phage_uv_treatment/output/PRJEB79569/annotation/bakta/CBF2_MAGScoT_cleanbin_000196/CBF2_MAGScoT_cleanbin_000196.inference.tsv
CBF3_MAGScoT_cleanbin_000002	/scratch/users/snarayanasamy/phage_uv_treatment/output/PRJEB79569/binning/dereplication/dereplicated_genomes/CBF3_MAGScoT_cleanbin_000002.fasta	/scratch/users/snarayanasamy/phage_uv_treatment/output/PRJEB79569/annotation/bakta/CBF3_MAGScoT_cleanbin_000002	/scratch/users/snarayanasamy/phage_uv_treatment/output/PRJEB79569/annotation/bakta/CBF3_MAGScoT_cleanbin_000002/bakta.done	/scratch/users/snarayanasamy/phage_uv_treatment/output/PRJEB79569/annotation/bakta/CBF3_MAGScoT_cleanbin_000002/CBF3_MAGScoT_cleanbin_000002.gff3	/scratch/users/snarayanasamy/phage_uv_treatment/output/PRJEB79569/annotation/bakta/CBF3_MAGScoT_cleanbin_000002/CBF3_MAGScoT_cleanbin_000002.tsv	/scratch/users/snarayanasamy/phage_uv_treatment/output/PRJEB79569/annotation/bakta/CBF3_MAGScoT_cleanbin_000002/CBF3_MAGScoT_cleanbin_000002.faa	/scratch/users/snarayanasamy/phage_uv_treatment/output/PRJEB79569/annotation/bakta/CBF3_MAGScoT_cleanbin_000002/CBF3_MAGScoT_cleanbin_000002.ffn	/scratch/users/snarayanasamy/phage_uv_treatment/output/PRJEB79569/annotation/bakta/CBF3_MAGScoT_cleanbin_000002/CBF3_MAGScoT_cleanbin_000002.json	/scratch/users/snarayanasamy/phage_uv_treatment/output/PRJEB79569/annotation/bakta/CBF3_MAGScoT_cleanbin_000002/CBF3_MAGScoT_cleanbin_000002.gbff	/scratch/users/snarayanasamy/phage_uv_treatment/output/PRJEB79569/annotation/bakta/CBF3_MAGScoT_cleanbin_000002/CBF3_MAGScoT_cleanbin_000002.hypotheticals.tsv	/scratch/users/snarayanasamy/phage_uv_treatment/output/PRJEB79569/annotation/bakta/CBF3_MAGScoT_cleanbin_000002/CBF3_MAGScoT_cleanbin_000002.inference.tsv
CBF3_MAGScoT_cleanbin_000004	/scratch/users/snarayanasamy/phage_uv_treatment/output/PRJEB79569/binning/dereplication/dereplicated_genomes/CBF3_MAGScoT_cleanbin_000004.fasta	/scratch/users/snarayanasamy/phage_uv_treatment/output/PRJEB79569/annotation/bakta/CBF3_MAGScoT_cleanbin_000004	/scratch/users/snarayanasamy/phage_uv_treatment/output/PRJEB79569/annotation/bakta/CBF3_MAGScoT_cleanbin_000004/bakta.done	/scratch/users/snarayanasamy/phage_uv_treatment/output/PRJEB79569/annotation/bakta/CBF3_MAGScoT_cleanbin_000004/CBF3_MAGScoT_cleanbin_000004.gff3	/scratch/users/snarayanasamy/phage_uv_treatment/output/PRJEB79569/annotation/bakta/CBF3_MAGScoT_cleanbin_000004/CBF3_MAGScoT_cleanbin_000004.tsv	/scratch/users/snarayanasamy/phage_uv_treatment/output/PRJEB79569/annotation/bakta/CBF3_MAGScoT_cleanbin_000004/CBF3_MAGScoT_cleanbin_000004.faa	/scratch/users/snarayanasamy/phage_uv_treatment/output/PRJEB79569/annotation/bakta/CBF3_MAGScoT_cleanbin_000004/CBF3_MAGScoT_cleanbin_000004.ffn	/scratch/users/snarayanasamy/phage_uv_treatment/output/PRJEB79569/annotation/bakta/CBF3_MAGScoT_cleanbin_000004/CBF3_MAGScoT_cleanbin_000004.json	/scratch/users/snarayanasamy/phage_uv_treatment/output/PRJEB79569/annotation/bakta/CBF3_MAGScoT_cleanbin_000004/CBF3_MAGScoT_cleanbin_000004.gbff	/scratch/users/snarayanasamy/phage_uv_treatment/output/PRJEB79569/annotation/bakta/CBF3_MAGScoT_cleanbin_000004/CBF3_MAGScoT_cleanbin_000004.hypotheticals.tsv	/scratch/users/snarayanasamy/phage_uv_treatment/output/PRJEB79569/annotation/bakta/CBF3_MAGScoT_cleanbin_000004/CBF3_MAGScoT_cleanbin_000004.inference.tsv
CBF3_MAGScoT_cleanbin_000008	/scratch/users/snarayanasamy/phage_uv_treatment/output/PRJEB79569/binning/dereplication/dereplicated_genomes/CBF3_MAGScoT_cleanbin_000008.fasta	/scratch/users/snarayanasamy/phage_uv_treatment/output/PRJEB79569/annotation/bakta/CBF3_MAGScoT_cleanbin_000008	/scratch/users/snarayanasamy/phage_uv_treatment/output/PRJEB79569/annotation/bakta/CBF3_MAGScoT_cleanbin_000008/bakta.done	/scratch/users/snarayanasamy/phage_uv_treatment/output/PRJEB79569/annotation/bakta/CBF3_MAGScoT_cleanbin_000008/CBF3_MAGScoT_cleanbin_000008.gff3	/scratch/users/snarayanasamy/phage_uv_treatment/output/PRJEB79569/annotation/bakta/CBF3_MAGScoT_cleanbin_000008/CBF3_MAGScoT_cleanbin_000008.tsv	/scratch/users/snarayanasamy/phage_uv_treatment/output/PRJEB79569/annotation/bakta/CBF3_MAGScoT_cleanbin_000008/CBF3_MAGScoT_cleanbin_000008.faa	/scratch/users/snarayanasamy/phage_uv_treatment/output/PRJEB79569/annotation/bakta/CBF3_MAGScoT_cleanbin_000008/CBF3_MAGScoT_cleanbin_000008.ffn	/scratch/users/snarayanasamy/phage_uv_treatment/output/PRJEB79569/annotation/bakta/CBF3_MAGScoT_cleanbin_000008/CBF3_MAGScoT_cleanbin_000008.json	/scratch/users/snarayanasamy/phage_uv_treatment/output/PRJEB79569/annotation/bakta/CBF3_MAGScoT_cleanbin_000008/CBF3_MAGScoT_cleanbin_000008.gbff	/scratch/users/snarayanasamy/phage_uv_treatment/output/PRJEB79569/annotation/bakta/CBF3_MAGScoT_cleanbin_000008/CBF3_MAGScoT_cleanbin_000008.hypotheticals.tsv	/scratch/users/snarayanasamy/phage_uv_treatment/output/PRJEB79569/annotation/bakta/CBF3_MAGScoT_cleanbin_000008/CBF3_MAGScoT_cleanbin_000008.inference.tsv
CBF3_MAGScoT_cleanbin_000014	/scratch/users/snarayanasamy/phage_uv_treatment/output/PRJEB79569/binning/dereplication/dereplicated_genomes/CBF3_MAGScoT_cleanbin_000014.fasta	/scratch/users/snarayanasamy/phage_uv_treatment/output/PRJEB79569/annotation/bakta/CBF3_MAGScoT_cleanbin_000014	/scratch/users/snarayanasamy/phage_uv_treatment/output/PRJEB79569/annotation/bakta/CBF3_MAGScoT_cleanbin_000014/bakta.done	/scratch/users/snarayanasamy/phage_uv_treatment/output/PRJEB79569/annotation/bakta/CBF3_MAGScoT_cleanbin_000014/CBF3_MAGScoT_cleanbin_000014.gff3	/scratch/users/snarayanasamy/phage_uv_treatment/output/PRJEB79569/annotation/bakta/CBF3_MAGScoT_cleanbin_000014/CBF3_MAGScoT_cleanbin_000014.tsv	/scratch/users/snarayanasamy/phage_uv_treatment/output/PRJEB79569/annotation/bakta/CBF3_MAGScoT_cleanbin_000014/CBF3_MAGScoT_cleanbin_000014.faa	/scratch/users/snarayanasamy/phage_uv_treatment/output/PRJEB79569/annotation/bakta/CBF3_MAGScoT_cleanbin_000014/CBF3_MAGScoT_cleanbin_000014.ffn	/scratch/users/snarayanasamy/phage_uv_treatment/output/PRJEB79569/annotation/bakta/CBF3_MAGScoT_cleanbin_000014/CBF3_MAGScoT_cleanbin_000014.json	/scratch/users/snarayanasamy/phage_uv_treatment/output/PRJEB79569/annotation/bakta/CBF3_MAGScoT_cleanbin_000014/CBF3_MAGScoT_cleanbin_000014.gbff	/scratch/users/snarayanasamy/phage_uv_treatment/output/PRJEB79569/annotation/bakta/CBF3_MAGScoT_cleanbin_000014/CBF3_MAGScoT_cleanbin_000014.hypotheticals.tsv	/scratch/users/snarayanasamy/phage_uv_treatment/output/PRJEB79569/annotation/bakta/CBF3_MAGScoT_cleanbin_000014/CBF3_MAGScoT_cleanbin_000014.inference.tsv
CBF3_MAGScoT_cleanbin_000017	/scratch/users/snarayanasamy/phage_uv_treatment/output/PRJEB79569/binning/dereplication/dereplicated_genomes/CBF3_MAGScoT_cleanbin_000017.fasta	/scratch/users/snarayanasamy/phage_uv_treatment/output/PRJEB79569/annotation/bakta/CBF3_MAGScoT_cleanbin_000017	/scratch/users/snarayanasamy/phage_uv_treatment/output/PRJEB79569/annotation/bakta/CBF3_MAGScoT_cleanbin_000017/bakta.done	/scratch/users/snarayanasamy/phage_uv_treatment/output/PRJEB79569/annotation/bakta/CBF3_MAGScoT_cleanbin_000017/CBF3_MAGScoT_cleanbin_000017.gff3	/scratch/users/snarayanasamy/phage_uv_treatment/output/PRJEB79569/annotation/bakta/CBF3_MAGScoT_cleanbin_000017/CBF3_MAGScoT_cleanbin_000017.tsv	/scratch/users/snarayanasamy/phage_uv_treatment/output/PRJEB79569/annotation/bakta/CBF3_MAGScoT_cleanbin_000017/CBF3_MAGScoT_cleanbin_000017.faa	/scratch/users/snarayanasamy/phage_uv_treatment/output/PRJEB79569/annotation/bakta/CBF3_MAGScoT_cleanbin_000017/CBF3_MAGScoT_cleanbin_000017.ffn	/scratch/users/snarayanasamy/phage_uv_treatment/output/PRJEB79569/annotation/bakta/CBF3_MAGScoT_cleanbin_000017/CBF3_MAGScoT_cleanbin_000017.json	/scratch/users/snarayanasamy/phage_uv_treatment/output/PRJEB79569/annotation/bakta/CBF3_MAGScoT_cleanbin_000017/CBF3_MAGScoT_cleanbin_000017.gbff	/scratch/users/snarayanasamy/phage_uv_treatment/output/PRJEB79569/annotation/bakta/CBF3_MAGScoT_cleanbin_000017/CBF3_MAGScoT_cleanbin_000017.hypotheticals.tsv	/scratch/users/snarayanasamy/phage_uv_treatment/output/PRJEB79569/annotation/bakta/CBF3_MAGScoT_cleanbin_000017/CBF3_MAGScoT_cleanbin_000017.inference.tsv
CBF3_MAGScoT_cleanbin_000022	/scratch/users/snarayanasamy/phage_uv_treatment/output/PRJEB79569/binning/dereplication/dereplicated_genomes/CBF3_MAGScoT_cleanbin_000022.fasta	/scratch/users/snarayanasamy/phage_uv_treatment/output/PRJEB79569/annotation/bakta/CBF3_MAGScoT_cleanbin_000022	/scratch/users/snarayanasamy/phage_uv_treatment/output/PRJEB79569/annotation/bakta/CBF3_MAGScoT_cleanbin_000022/bakta.done	/scratch/users/snarayanasamy/phage_uv_treatment/output/PRJEB79569/annotation/bakta/CBF3_MAGScoT_cleanbin_000022/CBF3_MAGScoT_cleanbin_000022.gff3	/scratch/users/snarayanasamy/phage_uv_treatment/output/PRJEB79569/annotation/bakta/CBF3_MAGScoT_cleanbin_000022/CBF3_MAGScoT_cleanbin_000022.tsv	/scratch/users/snarayanasamy/phage_uv_treatment/output/PRJEB79569/annotation/bakta/CBF3_MAGScoT_cleanbin_000022/CBF3_MAGScoT_cleanbin_000022.faa	/scratch/users/snarayanasamy/phage_uv_treatment/output/PRJEB79569/annotation/bakta/CBF3_MAGScoT_cleanbin_000022/CBF3_MAGScoT_cleanbin_000022.ffn	/scratch/users/snarayanasamy/phage_uv_treatment/output/PRJEB79569/annotation/bakta/CBF3_MAGScoT_cleanbin_000022/CBF3_MAGScoT_cleanbin_000022.json	/scratch/users/snarayanasamy/phage_uv_treatment/output/PRJEB79569/annotation/bakta/CBF3_MAGScoT_cleanbin_000022/CBF3_MAGScoT_cleanbin_000022.gbff	/scratch/users/snarayanasamy/phage_uv_treatment/output/PRJEB79569/annotation/bakta/CBF3_MAGScoT_cleanbin_000022/CBF3_MAGScoT_cleanbin_000022.hypotheticals.tsv	/scratch/users/snarayanasamy/phage_uv_treatment/output/PRJEB79569/annotation/bakta/CBF3_MAGScoT_cleanbin_000022/CBF3_MAGScoT_cleanbin_000022.inference.tsv
CBF3_MAGScoT_cleanbin_000024	/scratch/users/snarayanasamy/phage_uv_treatment/output/PRJEB79569/binning/dereplication/dereplicated_genomes/CBF3_MAGScoT_cleanbin_000024.fasta	/scratch/users/snarayanasamy/phage_uv_treatment/output/PRJEB79569/annotation/bakta/CBF3_MAGScoT_cleanbin_000024	/scratch/users/snarayanasamy/phage_uv_treatment/output/PRJEB79569/annotation/bakta/CBF3_MAGScoT_cleanbin_000024/bakta.done	/scratch/users/snarayanasamy/phage_uv_treatment/output/PRJEB79569/annotation/bakta/CBF3_MAGScoT_cleanbin_000024/CBF3_MAGScoT_cleanbin_000024.gff3	/scratch/users/snarayanasamy/phage_uv_treatment/output/PRJEB79569/annotation/bakta/CBF3_MAGScoT_cleanbin_000024/CBF3_MAGScoT_cleanbin_000024.tsv	/scratch/users/snarayanasamy/phage_uv_treatment/output/PRJEB79569/annotation/bakta/CBF3_MAGScoT_cleanbin_000024/CBF3_MAGScoT_cleanbin_000024.faa	/scratch/users/snarayanasamy/phage_uv_treatment/output/PRJEB79569/annotation/bakta/CBF3_MAGScoT_cleanbin_000024/CBF3_MAGScoT_cleanbin_000024.ffn	/scratch/users/snarayanasamy/phage_uv_treatment/output/PRJEB79569/annotation/bakta/CBF3_MAGScoT_cleanbin_000024/CBF3_MAGScoT_cleanbin_000024.json	/scratch/users/snarayanasamy/phage_uv_treatment/output/PRJEB79569/annotation/bakta/CBF3_MAGScoT_cleanbin_000024/CBF3_MAGScoT_cleanbin_000024.gbff	/scratch/users/snarayanasamy/phage_uv_treatment/output/PRJEB79569/annotation/bakta/CBF3_MAGScoT_cleanbin_000024/CBF3_MAGScoT_cleanbin_000024.hypotheticals.tsv	/scratch/users/snarayanasamy/phage_uv_treatment/output/PRJEB79569/annotation/bakta/CBF3_MAGScoT_cleanbin_000024/CBF3_MAGScoT_cleanbin_000024.inference.tsv
CBF3_MAGScoT_cleanbin_000027	/scratch/users/snarayanasamy/phage_uv_treatment/output/PRJEB79569/binning/dereplication/dereplicated_genomes/CBF3_MAGScoT_cleanbin_000027.fasta	/scratch/users/snarayanasamy/phage_uv_treatment/output/PRJEB79569/annotation/bakta/CBF3_MAGScoT_cleanbin_000027	/scratch/users/snarayanasamy/phage_uv_treatment/output/PRJEB79569/annotation/bakta/CBF3_MAGScoT_cleanbin_000027/bakta.done	/scratch/users/snarayanasamy/phage_uv_treatment/output/PRJEB79569/annotation/bakta/CBF3_MAGScoT_cleanbin_000027/CBF3_MAGScoT_cleanbin_000027.gff3	/scratch/users/snarayanasamy/phage_uv_treatment/output/PRJEB79569/annotation/bakta/CBF3_MAGScoT_cleanbin_000027/CBF3_MAGScoT_cleanbin_000027.tsv	/scratch/users/snarayanasamy/phage_uv_treatment/output/PRJEB79569/annotation/bakta/CBF3_MAGScoT_cleanbin_000027/CBF3_MAGScoT_cleanbin_000027.faa	/scratch/users/snarayanasamy/phage_uv_treatment/output/PRJEB79569/annotation/bakta/CBF3_MAGScoT_cleanbin_000027/CBF3_MAGScoT_cleanbin_000027.ffn	/scratch/users/snarayanasamy/phage_uv_treatment/output/PRJEB79569/annotation/bakta/CBF3_MAGScoT_cleanbin_000027/CBF3_MAGScoT_cleanbin_000027.json	/scratch/users/snarayanasamy/phage_uv_treatment/output/PRJEB79569/annotation/bakta/CBF3_MAGScoT_cleanbin_000027/CBF3_MAGScoT_cleanbin_000027.gbff	/scratch/users/snarayanasamy/phage_uv_treatment/output/PRJEB79569/annotation/bakta/CBF3_MAGScoT_cleanbin_000027/CBF3_MAGScoT_cleanbin_000027.hypotheticals.tsv	/scratch/users/snarayanasamy/phage_uv_treatment/output/PRJEB79569/annotation/bakta/CBF3_MAGScoT_cleanbin_000027/CBF3_MAGScoT_cleanbin_000027.inference.tsv
CBF3_MAGScoT_cleanbin_000028	/scratch/users/snarayanasamy/phage_uv_treatment/output/PRJEB79569/binning/dereplication/dereplicated_genomes/CBF3_MAGScoT_cleanbin_000028.fasta	/scratch/users/snarayanasamy/phage_uv_treatment/output/PRJEB79569/annotation/bakta/CBF3_MAGScoT_cleanbin_000028	/scratch/users/snarayanasamy/phage_uv_treatment/output/PRJEB79569/annotation/bakta/CBF3_MAGScoT_cleanbin_000028/bakta.done	/scratch/users/snarayanasamy/phage_uv_treatment/output/PRJEB79569/annotation/bakta/CBF3_MAGScoT_cleanbin_000028/CBF3_MAGScoT_cleanbin_000028.gff3	/scratch/users/snarayanasamy/phage_uv_treatment/output/PRJEB79569/annotation/bakta/CBF3_MAGScoT_cleanbin_000028/CBF3_MAGScoT_cleanbin_000028.tsv	/scratch/users/snarayanasamy/phage_uv_treatment/output/PRJEB79569/annotation/bakta/CBF3_MAGScoT_cleanbin_000028/CBF3_MAGScoT_cleanbin_000028.faa	/scratch/users/snarayanasamy/phage_uv_treatment/output/PRJEB79569/annotation/bakta/CBF3_MAGScoT_cleanbin_000028/CBF3_MAGScoT_cleanbin_000028.ffn	/scratch/users/snarayanasamy/phage_uv_treatment/output/PRJEB79569/annotation/bakta/CBF3_MAGScoT_cleanbin_000028/CBF3_MAGScoT_cleanbin_000028.json	/scratch/users/snarayanasamy/phage_uv_treatment/output/PRJEB79569/annotation/bakta/CBF3_MAGScoT_cleanbin_000028/CBF3_MAGScoT_cleanbin_000028.gbff	/scratch/users/snarayanasamy/phage_uv_treatment/output/PRJEB79569/annotation/bakta/CBF3_MAGScoT_cleanbin_000028/CBF3_MAGScoT_cleanbin_000028.hypotheticals.tsv	/scratch/users/snarayanasamy/phage_uv_treatment/output/PRJEB79569/annotation/bakta/CBF3_MAGScoT_cleanbin_000028/CBF3_MAGScoT_cleanbin_000028.inference.tsv
CBF3_MAGScoT_cleanbin_000031	/scratch/users/snarayanasamy/phage_uv_treatment/output/PRJEB79569/binning/dereplication/dereplicated_genomes/CBF3_MAGScoT_cleanbin_000031.fasta	/scratch/users/snarayanasamy/phage_uv_treatment/output/PRJEB79569/annotation/bakta/CBF3_MAGScoT_cleanbin_000031	/scratch/users/snarayanasamy/phage_uv_treatment/output/PRJEB79569/annotation/bakta/CBF3_MAGScoT_cleanbin_000031/bakta.done	/scratch/users/snarayanasamy/phage_uv_treatment/output/PRJEB79569/annotation/bakta/CBF3_MAGScoT_cleanbin_000031/CBF3_MAGScoT_cleanbin_000031.gff3	/scratch/users/snarayanasamy/phage_uv_treatment/output/PRJEB79569/annotation/bakta/CBF3_MAGScoT_cleanbin_000031/CBF3_MAGScoT_cleanbin_000031.tsv	/scratch/users/snarayanasamy/phage_uv_treatment/output/PRJEB79569/annotation/bakta/CBF3_MAGScoT_cleanbin_000031/CBF3_MAGScoT_cleanbin_000031.faa	/scratch/users/snarayanasamy/phage_uv_treatment/output/PRJEB79569/annotation/bakta/CBF3_MAGScoT_cleanbin_000031/CBF3_MAGScoT_cleanbin_000031.ffn	/scratch/users/snarayanasamy/phage_uv_treatment/output/PRJEB79569/annotation/bakta/CBF3_MAGScoT_cleanbin_000031/CBF3_MAGScoT_cleanbin_000031.json	/scratch/users/snarayanasamy/phage_uv_treatment/output/PRJEB79569/annotation/bakta/CBF3_MAGScoT_cleanbin_000031/CBF3_MAGScoT_cleanbin_000031.gbff	/scratch/users/snarayanasamy/phage_uv_treatment/output/PRJEB79569/annotation/bakta/CBF3_MAGScoT_cleanbin_000031/CBF3_MAGScoT_cleanbin_000031.hypotheticals.tsv	/scratch/users/snarayanasamy/phage_uv_treatment/output/PRJEB79569/annotation/bakta/CBF3_MAGScoT_cleanbin_000031/CBF3_MAGScoT_cleanbin_000031.inference.tsv
CBF3_MAGScoT_cleanbin_000036	/scratch/users/snarayanasamy/phage_uv_treatment/output/PRJEB79569/binning/dereplication/dereplicated_genomes/CBF3_MAGScoT_cleanbin_000036.fasta	/scratch/users/snarayanasamy/phage_uv_treatment/output/PRJEB79569/annotation/bakta/CBF3_MAGScoT_cleanbin_000036	/scratch/users/snarayanasamy/phage_uv_treatment/output/PRJEB79569/annotation/bakta/CBF3_MAGScoT_cleanbin_000036/bakta.done	/scratch/users/snarayanasamy/phage_uv_treatment/output/PRJEB79569/annotation/bakta/CBF3_MAGScoT_cleanbin_000036/CBF3_MAGScoT_cleanbin_000036.gff3	/scratch/users/snarayanasamy/phage_uv_treatment/output/PRJEB79569/annotation/bakta/CBF3_MAGScoT_cleanbin_000036/CBF3_MAGScoT_cleanbin_000036.tsv	/scratch/users/snarayanasamy/phage_uv_treatment/output/PRJEB79569/annotation/bakta/CBF3_MAGScoT_cleanbin_000036/CBF3_MAGScoT_cleanbin_000036.faa	/scratch/users/snarayanasamy/phage_uv_treatment/output/PRJEB79569/annotation/bakta/CBF3_MAGScoT_cleanbin_000036/CBF3_MAGScoT_cleanbin_000036.ffn	/scratch/users/snarayanasamy/phage_uv_treatment/output/PRJEB79569/annotation/bakta/CBF3_MAGScoT_cleanbin_000036/CBF3_MAGScoT_cleanbin_000036.json	/scratch/users/snarayanasamy/phage_uv_treatment/output/PRJEB79569/annotation/bakta/CBF3_MAGScoT_cleanbin_000036/CBF3_MAGScoT_cleanbin_000036.gbff	/scratch/users/snarayanasamy/phage_uv_treatment/output/PRJEB79569/annotation/bakta/CBF3_MAGScoT_cleanbin_000036/CBF3_MAGScoT_cleanbin_000036.hypotheticals.tsv	/scratch/users/snarayanasamy/phage_uv_treatment/output/PRJEB79569/annotation/bakta/CBF3_MAGScoT_cleanbin_000036/CBF3_MAGScoT_cleanbin_000036.inference.tsv
CBF3_MAGScoT_cleanbin_000039	/scratch/users/snarayanasamy/phage_uv_treatment/output/PRJEB79569/binning/dereplication/dereplicated_genomes/CBF3_MAGScoT_cleanbin_000039.fasta	/scratch/users/snarayanasamy/phage_uv_treatment/output/PRJEB79569/annotation/bakta/CBF3_MAGScoT_cleanbin_000039	/scratch/users/snarayanasamy/phage_uv_treatment/output/PRJEB79569/annotation/bakta/CBF3_MAGScoT_cleanbin_000039/bakta.done	/scratch/users/snarayanasamy/phage_uv_treatment/output/PRJEB79569/annotation/bakta/CBF3_MAGScoT_cleanbin_000039/CBF3_MAGScoT_cleanbin_000039.gff3	/scratch/users/snarayanasamy/phage_uv_treatment/output/PRJEB79569/annotation/bakta/CBF3_MAGScoT_cleanbin_000039/CBF3_MAGScoT_cleanbin_000039.tsv	/scratch/users/snarayanasamy/phage_uv_treatment/output/PRJEB79569/annotation/bakta/CBF3_MAGScoT_cleanbin_000039/CBF3_MAGScoT_cleanbin_000039.faa	/scratch/users/snarayanasamy/phage_uv_treatment/output/PRJEB79569/annotation/bakta/CBF3_MAGScoT_cleanbin_000039/CBF3_MAGScoT_cleanbin_000039.ffn	/scratch/users/snarayanasamy/phage_uv_treatment/output/PRJEB79569/annotation/bakta/CBF3_MAGScoT_cleanbin_000039/CBF3_MAGScoT_cleanbin_000039.json	/scratch/users/snarayanasamy/phage_uv_treatment/output/PRJEB79569/annotation/bakta/CBF3_MAGScoT_cleanbin_000039/CBF3_MAGScoT_cleanbin_000039.gbff	/scratch/users/snarayanasamy/phage_uv_treatment/output/PRJEB79569/annotation/bakta/CBF3_MAGScoT_cleanbin_000039/CBF3_MAGScoT_cleanbin_000039.hypotheticals.tsv	/scratch/users/snarayanasamy/phage_uv_treatment/output/PRJEB79569/annotation/bakta/CBF3_MAGScoT_cleanbin_000039/CBF3_MAGScoT_cleanbin_000039.inference.tsv
CBF3_MAGScoT_cleanbin_000041	/scratch/users/snarayanasamy/phage_uv_treatment/output/PRJEB79569/binning/dereplication/dereplicated_genomes/CBF3_MAGScoT_cleanbin_000041.fasta	/scratch/users/snarayanasamy/phage_uv_treatment/output/PRJEB79569/annotation/bakta/CBF3_MAGScoT_cleanbin_000041	/scratch/users/snarayanasamy/phage_uv_treatment/output/PRJEB79569/annotation/bakta/CBF3_MAGScoT_cleanbin_000041/bakta.done	/scratch/users/snarayanasamy/phage_uv_treatment/output/PRJEB79569/annotation/bakta/CBF3_MAGScoT_cleanbin_000041/CBF3_MAGScoT_cleanbin_000041.gff3	/scratch/users/snarayanasamy/phage_uv_treatment/output/PRJEB79569/annotation/bakta/CBF3_MAGScoT_cleanbin_000041/CBF3_MAGScoT_cleanbin_000041.tsv	/scratch/users/snarayanasamy/phage_uv_treatment/output/PRJEB79569/annotation/bakta/CBF3_MAGScoT_cleanbin_000041/CBF3_MAGScoT_cleanbin_000041.faa	/scratch/users/snarayanasamy/phage_uv_treatment/output/PRJEB79569/annotation/bakta/CBF3_MAGScoT_cleanbin_000041/CBF3_MAGScoT_cleanbin_000041.ffn	/scratch/users/snarayanasamy/phage_uv_treatment/output/PRJEB79569/annotation/bakta/CBF3_MAGScoT_cleanbin_000041/CBF3_MAGScoT_cleanbin_000041.json	/scratch/users/snarayanasamy/phage_uv_treatment/output/PRJEB79569/annotation/bakta/CBF3_MAGScoT_cleanbin_000041/CBF3_MAGScoT_cleanbin_000041.gbff	/scratch/users/snarayanasamy/phage_uv_treatment/output/PRJEB79569/annotation/bakta/CBF3_MAGScoT_cleanbin_000041/CBF3_MAGScoT_cleanbin_000041.hypotheticals.tsv	/scratch/users/snarayanasamy/phage_uv_treatment/output/PRJEB79569/annotation/bakta/CBF3_MAGScoT_cleanbin_000041/CBF3_MAGScoT_cleanbin_000041.inference.tsv
CBF3_MAGScoT_cleanbin_000042	/scratch/users/snarayanasamy/phage_uv_treatment/output/PRJEB79569/binning/dereplication/dereplicated_genomes/CBF3_MAGScoT_cleanbin_000042.fasta	/scratch/users/snarayanasamy/phage_uv_treatment/output/PRJEB79569/annotation/bakta/CBF3_MAGScoT_cleanbin_000042	/scratch/users/snarayanasamy/phage_uv_treatment/output/PRJEB79569/annotation/bakta/CBF3_MAGScoT_cleanbin_000042/bakta.done	/scratch/users/snarayanasamy/phage_uv_treatment/output/PRJEB79569/annotation/bakta/CBF3_MAGScoT_cleanbin_000042/CBF3_MAGScoT_cleanbin_000042.gff3	/scratch/users/snarayanasamy/phage_uv_treatment/output/PRJEB79569/annotation/bakta/CBF3_MAGScoT_cleanbin_000042/CBF3_MAGScoT_cleanbin_000042.tsv	/scratch/users/snarayanasamy/phage_uv_treatment/output/PRJEB79569/annotation/bakta/CBF3_MAGScoT_cleanbin_000042/CBF3_MAGScoT_cleanbin_000042.faa	/scratch/users/snarayanasamy/phage_uv_treatment/output/PRJEB79569/annotation/bakta/CBF3_MAGScoT_cleanbin_000042/CBF3_MAGScoT_cleanbin_000042.ffn	/scratch/users/snarayanasamy/phage_uv_treatment/output/PRJEB79569/annotation/bakta/CBF3_MAGScoT_cleanbin_000042/CBF3_MAGScoT_cleanbin_000042.json	/scratch/users/snarayanasamy/phage_uv_treatment/output/PRJEB79569/annotation/bakta/CBF3_MAGScoT_cleanbin_000042/CBF3_MAGScoT_cleanbin_000042.gbff	/scratch/users/snarayanasamy/phage_uv_treatment/output/PRJEB79569/annotation/bakta/CBF3_MAGScoT_cleanbin_000042/CBF3_MAGScoT_cleanbin_000042.hypotheticals.tsv	/scratch/users/snarayanasamy/phage_uv_treatment/output/PRJEB79569/annotation/bakta/CBF3_MAGScoT_cleanbin_000042/CBF3_MAGScoT_cleanbin_000042.inference.tsv
CBF3_MAGScoT_cleanbin_000045	/scratch/users/snarayanasamy/phage_uv_treatment/output/PRJEB79569/binning/dereplication/dereplicated_genomes/CBF3_MAGScoT_cleanbin_000045.fasta	/scratch/users/snarayanasamy/phage_uv_treatment/output/PRJEB79569/annotation/bakta/CBF3_MAGScoT_cleanbin_000045	/scratch/users/snarayanasamy/phage_uv_treatment/output/PRJEB79569/annotation/bakta/CBF3_MAGScoT_cleanbin_000045/bakta.done	/scratch/users/snarayanasamy/phage_uv_treatment/output/PRJEB79569/annotation/bakta/CBF3_MAGScoT_cleanbin_000045/CBF3_MAGScoT_cleanbin_000045.gff3	/scratch/users/snarayanasamy/phage_uv_treatment/output/PRJEB79569/annotation/bakta/CBF3_MAGScoT_cleanbin_000045/CBF3_MAGScoT_cleanbin_000045.tsv	/scratch/users/snarayanasamy/phage_uv_treatment/output/PRJEB79569/annotation/bakta/CBF3_MAGScoT_cleanbin_000045/CBF3_MAGScoT_cleanbin_000045.faa	/scratch/users/snarayanasamy/phage_uv_treatment/output/PRJEB79569/annotation/bakta/CBF3_MAGScoT_cleanbin_000045/CBF3_MAGScoT_cleanbin_000045.ffn	/scratch/users/snarayanasamy/phage_uv_treatment/output/PRJEB79569/annotation/bakta/CBF3_MAGScoT_cleanbin_000045/CBF3_MAGScoT_cleanbin_000045.json	/scratch/users/snarayanasamy/phage_uv_treatment/output/PRJEB79569/annotation/bakta/CBF3_MAGScoT_cleanbin_000045/CBF3_MAGScoT_cleanbin_000045.gbff	/scratch/users/snarayanasamy/phage_uv_treatment/output/PRJEB79569/annotation/bakta/CBF3_MAGScoT_cleanbin_000045/CBF3_MAGScoT_cleanbin_000045.hypotheticals.tsv	/scratch/users/snarayanasamy/phage_uv_treatment/output/PRJEB79569/annotation/bakta/CBF3_MAGScoT_cleanbin_000045/CBF3_MAGScoT_cleanbin_000045.inference.tsv
CBF3_MAGScoT_cleanbin_000062	/scratch/users/snarayanasamy/phage_uv_treatment/output/PRJEB79569/binning/dereplication/dereplicated_genomes/CBF3_MAGScoT_cleanbin_000062.fasta	/scratch/users/snarayanasamy/phage_uv_treatment/output/PRJEB79569/annotation/bakta/CBF3_MAGScoT_cleanbin_000062	/scratch/users/snarayanasamy/phage_uv_treatment/output/PRJEB79569/annotation/bakta/CBF3_MAGScoT_cleanbin_000062/bakta.done	/scratch/users/snarayanasamy/phage_uv_treatment/output/PRJEB79569/annotation/bakta/CBF3_MAGScoT_cleanbin_000062/CBF3_MAGScoT_cleanbin_000062.gff3	/scratch/users/snarayanasamy/phage_uv_treatment/output/PRJEB79569/annotation/bakta/CBF3_MAGScoT_cleanbin_000062/CBF3_MAGScoT_cleanbin_000062.tsv	/scratch/users/snarayanasamy/phage_uv_treatment/output/PRJEB79569/annotation/bakta/CBF3_MAGScoT_cleanbin_000062/CBF3_MAGScoT_cleanbin_000062.faa	/scratch/users/snarayanasamy/phage_uv_treatment/output/PRJEB79569/annotation/bakta/CBF3_MAGScoT_cleanbin_000062/CBF3_MAGScoT_cleanbin_000062.ffn	/scratch/users/snarayanasamy/phage_uv_treatment/output/PRJEB79569/annotation/bakta/CBF3_MAGScoT_cleanbin_000062/CBF3_MAGScoT_cleanbin_000062.json	/scratch/users/snarayanasamy/phage_uv_treatment/output/PRJEB79569/annotation/bakta/CBF3_MAGScoT_cleanbin_000062/CBF3_MAGScoT_cleanbin_000062.gbff	/scratch/users/snarayanasamy/phage_uv_treatment/output/PRJEB79569/annotation/bakta/CBF3_MAGScoT_cleanbin_000062/CBF3_MAGScoT_cleanbin_000062.hypotheticals.tsv	/scratch/users/snarayanasamy/phage_uv_treatment/output/PRJEB79569/annotation/bakta/CBF3_MAGScoT_cleanbin_000062/CBF3_MAGScoT_cleanbin_000062.inference.tsv
CBF3_MAGScoT_cleanbin_000063	/scratch/users/snarayanasamy/phage_uv_treatment/output/PRJEB79569/binning/dereplication/dereplicated_genomes/CBF3_MAGScoT_cleanbin_000063.fasta	/scratch/users/snarayanasamy/phage_uv_treatment/output/PRJEB79569/annotation/bakta/CBF3_MAGScoT_cleanbin_000063	/scratch/users/snarayanasamy/phage_uv_treatment/output/PRJEB79569/annotation/bakta/CBF3_MAGScoT_cleanbin_000063/bakta.done	/scratch/users/snarayanasamy/phage_uv_treatment/output/PRJEB79569/annotation/bakta/CBF3_MAGScoT_cleanbin_000063/CBF3_MAGScoT_cleanbin_000063.gff3	/scratch/users/snarayanasamy/phage_uv_treatment/output/PRJEB79569/annotation/bakta/CBF3_MAGScoT_cleanbin_000063/CBF3_MAGScoT_cleanbin_000063.tsv	/scratch/users/snarayanasamy/phage_uv_treatment/output/PRJEB79569/annotation/bakta/CBF3_MAGScoT_cleanbin_000063/CBF3_MAGScoT_cleanbin_000063.faa	/scratch/users/snarayanasamy/phage_uv_treatment/output/PRJEB79569/annotation/bakta/CBF3_MAGScoT_cleanbin_000063/CBF3_MAGScoT_cleanbin_000063.ffn	/scratch/users/snarayanasamy/phage_uv_treatment/output/PRJEB79569/annotation/bakta/CBF3_MAGScoT_cleanbin_000063/CBF3_MAGScoT_cleanbin_000063.json	/scratch/users/snarayanasamy/phage_uv_treatment/output/PRJEB79569/annotation/bakta/CBF3_MAGScoT_cleanbin_000063/CBF3_MAGScoT_cleanbin_000063.gbff	/scratch/users/snarayanasamy/phage_uv_treatment/output/PRJEB79569/annotation/bakta/CBF3_MAGScoT_cleanbin_000063/CBF3_MAGScoT_cleanbin_000063.hypotheticals.tsv	/scratch/users/snarayanasamy/phage_uv_treatment/output/PRJEB79569/annotation/bakta/CBF3_MAGScoT_cleanbin_000063/CBF3_MAGScoT_cleanbin_000063.inference.tsv
CBF3_MAGScoT_cleanbin_000064	/scratch/users/snarayanasamy/phage_uv_treatment/output/PRJEB79569/binning/dereplication/dereplicated_genomes/CBF3_MAGScoT_cleanbin_000064.fasta	/scratch/users/snarayanasamy/phage_uv_treatment/output/PRJEB79569/annotation/bakta/CBF3_MAGScoT_cleanbin_000064	/scratch/users/snarayanasamy/phage_uv_treatment/output/PRJEB79569/annotation/bakta/CBF3_MAGScoT_cleanbin_000064/bakta.done	/scratch/users/snarayanasamy/phage_uv_treatment/output/PRJEB79569/annotation/bakta/CBF3_MAGScoT_cleanbin_000064/CBF3_MAGScoT_cleanbin_000064.gff3	/scratch/users/snarayanasamy/phage_uv_treatment/output/PRJEB79569/annotation/bakta/CBF3_MAGScoT_cleanbin_000064/CBF3_MAGScoT_cleanbin_000064.tsv	/scratch/users/snarayanasamy/phage_uv_treatment/output/PRJEB79569/annotation/bakta/CBF3_MAGScoT_cleanbin_000064/CBF3_MAGScoT_cleanbin_000064.faa	/scratch/users/snarayanasamy/phage_uv_treatment/output/PRJEB79569/annotation/bakta/CBF3_MAGScoT_cleanbin_000064/CBF3_MAGScoT_cleanbin_000064.ffn	/scratch/users/snarayanasamy/phage_uv_treatment/output/PRJEB79569/annotation/bakta/CBF3_MAGScoT_cleanbin_000064/CBF3_MAGScoT_cleanbin_000064.json	/scratch/users/snarayanasamy/phage_uv_treatment/output/PRJEB79569/annotation/bakta/CBF3_MAGScoT_cleanbin_000064/CBF3_MAGScoT_cleanbin_000064.gbff	/scratch/users/snarayanasamy/phage_uv_treatment/output/PRJEB79569/annotation/bakta/CBF3_MAGScoT_cleanbin_000064/CBF3_MAGScoT_cleanbin_000064.hypotheticals.tsv	/scratch/users/snarayanasamy/phage_uv_treatment/output/PRJEB79569/annotation/bakta/CBF3_MAGScoT_cleanbin_000064/CBF3_MAGScoT_cleanbin_000064.inference.tsv
CBF3_MAGScoT_cleanbin_000069	/scratch/users/snarayanasamy/phage_uv_treatment/output/PRJEB79569/binning/dereplication/dereplicated_genomes/CBF3_MAGScoT_cleanbin_000069.fasta	/scratch/users/snarayanasamy/phage_uv_treatment/output/PRJEB79569/annotation/bakta/CBF3_MAGScoT_cleanbin_000069	/scratch/users/snarayanasamy/phage_uv_treatment/output/PRJEB79569/annotation/bakta/CBF3_MAGScoT_cleanbin_000069/bakta.done	/scratch/users/snarayanasamy/phage_uv_treatment/output/PRJEB79569/annotation/bakta/CBF3_MAGScoT_cleanbin_000069/CBF3_MAGScoT_cleanbin_000069.gff3	/scratch/users/snarayanasamy/phage_uv_treatment/output/PRJEB79569/annotation/bakta/CBF3_MAGScoT_cleanbin_000069/CBF3_MAGScoT_cleanbin_000069.tsv	/scratch/users/snarayanasamy/phage_uv_treatment/output/PRJEB79569/annotation/bakta/CBF3_MAGScoT_cleanbin_000069/CBF3_MAGScoT_cleanbin_000069.faa	/scratch/users/snarayanasamy/phage_uv_treatment/output/PRJEB79569/annotation/bakta/CBF3_MAGScoT_cleanbin_000069/CBF3_MAGScoT_cleanbin_000069.ffn	/scratch/users/snarayanasamy/phage_uv_treatment/output/PRJEB79569/annotation/bakta/CBF3_MAGScoT_cleanbin_000069/CBF3_MAGScoT_cleanbin_000069.json	/scratch/users/snarayanasamy/phage_uv_treatment/output/PRJEB79569/annotation/bakta/CBF3_MAGScoT_cleanbin_000069/CBF3_MAGScoT_cleanbin_000069.gbff	/scratch/users/snarayanasamy/phage_uv_treatment/output/PRJEB79569/annotation/bakta/CBF3_MAGScoT_cleanbin_000069/CBF3_MAGScoT_cleanbin_000069.hypotheticals.tsv	/scratch/users/snarayanasamy/phage_uv_treatment/output/PRJEB79569/annotation/bakta/CBF3_MAGScoT_cleanbin_000069/CBF3_MAGScoT_cleanbin_000069.inference.tsv
CBF3_MAGScoT_cleanbin_000071	/scratch/users/snarayanasamy/phage_uv_treatment/output/PRJEB79569/binning/dereplication/dereplicated_genomes/CBF3_MAGScoT_cleanbin_000071.fasta	/scratch/users/snarayanasamy/phage_uv_treatment/output/PRJEB79569/annotation/bakta/CBF3_MAGScoT_cleanbin_000071	/scratch/users/snarayanasamy/phage_uv_treatment/output/PRJEB79569/annotation/bakta/CBF3_MAGScoT_cleanbin_000071/bakta.done	/scratch/users/snarayanasamy/phage_uv_treatment/output/PRJEB79569/annotation/bakta/CBF3_MAGScoT_cleanbin_000071/CBF3_MAGScoT_cleanbin_000071.gff3	/scratch/users/snarayanasamy/phage_uv_treatment/output/PRJEB79569/annotation/bakta/CBF3_MAGScoT_cleanbin_000071/CBF3_MAGScoT_cleanbin_000071.tsv	/scratch/users/snarayanasamy/phage_uv_treatment/output/PRJEB79569/annotation/bakta/CBF3_MAGScoT_cleanbin_000071/CBF3_MAGScoT_cleanbin_000071.faa	/scratch/users/snarayanasamy/phage_uv_treatment/output/PRJEB79569/annotation/bakta/CBF3_MAGScoT_cleanbin_000071/CBF3_MAGScoT_cleanbin_000071.ffn	/scratch/users/snarayanasamy/phage_uv_treatment/output/PRJEB79569/annotation/bakta/CBF3_MAGScoT_cleanbin_000071/CBF3_MAGScoT_cleanbin_000071.json	/scratch/users/snarayanasamy/phage_uv_treatment/output/PRJEB79569/annotation/bakta/CBF3_MAGScoT_cleanbin_000071/CBF3_MAGScoT_cleanbin_000071.gbff	/scratch/users/snarayanasamy/phage_uv_treatment/output/PRJEB79569/annotation/bakta/CBF3_MAGScoT_cleanbin_000071/CBF3_MAGScoT_cleanbin_000071.hypotheticals.tsv	/scratch/users/snarayanasamy/phage_uv_treatment/output/PRJEB79569/annotation/bakta/CBF3_MAGScoT_cleanbin_000071/CBF3_MAGScoT_cleanbin_000071.inference.tsv
CBF3_MAGScoT_cleanbin_000072	/scratch/users/snarayanasamy/phage_uv_treatment/output/PRJEB79569/binning/dereplication/dereplicated_genomes/CBF3_MAGScoT_cleanbin_000072.fasta	/scratch/users/snarayanasamy/phage_uv_treatment/output/PRJEB79569/annotation/bakta/CBF3_MAGScoT_cleanbin_000072	/scratch/users/snarayanasamy/phage_uv_treatment/output/PRJEB79569/annotation/bakta/CBF3_MAGScoT_cleanbin_000072/bakta.done	/scratch/users/snarayanasamy/phage_uv_treatment/output/PRJEB79569/annotation/bakta/CBF3_MAGScoT_cleanbin_000072/CBF3_MAGScoT_cleanbin_000072.gff3	/scratch/users/snarayanasamy/phage_uv_treatment/output/PRJEB79569/annotation/bakta/CBF3_MAGScoT_cleanbin_000072/CBF3_MAGScoT_cleanbin_000072.tsv	/scratch/users/snarayanasamy/phage_uv_treatment/output/PRJEB79569/annotation/bakta/CBF3_MAGScoT_cleanbin_000072/CBF3_MAGScoT_cleanbin_000072.faa	/scratch/users/snarayanasamy/phage_uv_treatment/output/PRJEB79569/annotation/bakta/CBF3_MAGScoT_cleanbin_000072/CBF3_MAGScoT_cleanbin_000072.ffn	/scratch/users/snarayanasamy/phage_uv_treatment/output/PRJEB79569/annotation/bakta/CBF3_MAGScoT_cleanbin_000072/CBF3_MAGScoT_cleanbin_000072.json	/scratch/users/snarayanasamy/phage_uv_treatment/output/PRJEB79569/annotation/bakta/CBF3_MAGScoT_cleanbin_000072/CBF3_MAGScoT_cleanbin_000072.gbff	/scratch/users/snarayanasamy/phage_uv_treatment/output/PRJEB79569/annotation/bakta/CBF3_MAGScoT_cleanbin_000072/CBF3_MAGScoT_cleanbin_000072.hypotheticals.tsv	/scratch/users/snarayanasamy/phage_uv_treatment/output/PRJEB79569/annotation/bakta/CBF3_MAGScoT_cleanbin_000072/CBF3_MAGScoT_cleanbin_000072.inference.tsv
CBF3_MAGScoT_cleanbin_000074	/scratch/users/snarayanasamy/phage_uv_treatment/output/PRJEB79569/binning/dereplication/dereplicated_genomes/CBF3_MAGScoT_cleanbin_000074.fasta	/scratch/users/snarayanasamy/phage_uv_treatment/output/PRJEB79569/annotation/bakta/CBF3_MAGScoT_cleanbin_000074	/scratch/users/snarayanasamy/phage_uv_treatment/output/PRJEB79569/annotation/bakta/CBF3_MAGScoT_cleanbin_000074/bakta.done	/scratch/users/snarayanasamy/phage_uv_treatment/output/PRJEB79569/annotation/bakta/CBF3_MAGScoT_cleanbin_000074/CBF3_MAGScoT_cleanbin_000074.gff3	/scratch/users/snarayanasamy/phage_uv_treatment/output/PRJEB79569/annotation/bakta/CBF3_MAGScoT_cleanbin_000074/CBF3_MAGScoT_cleanbin_000074.tsv	/scratch/users/snarayanasamy/phage_uv_treatment/output/PRJEB79569/annotation/bakta/CBF3_MAGScoT_cleanbin_000074/CBF3_MAGScoT_cleanbin_000074.faa	/scratch/users/snarayanasamy/phage_uv_treatment/output/PRJEB79569/annotation/bakta/CBF3_MAGScoT_cleanbin_000074/CBF3_MAGScoT_cleanbin_000074.ffn	/scratch/users/snarayanasamy/phage_uv_treatment/output/PRJEB79569/annotation/bakta/CBF3_MAGScoT_cleanbin_000074/CBF3_MAGScoT_cleanbin_000074.json	/scratch/users/snarayanasamy/phage_uv_treatment/output/PRJEB79569/annotation/bakta/CBF3_MAGScoT_cleanbin_000074/CBF3_MAGScoT_cleanbin_000074.gbff	/scratch/users/snarayanasamy/phage_uv_treatment/output/PRJEB79569/annotation/bakta/CBF3_MAGScoT_cleanbin_000074/CBF3_MAGScoT_cleanbin_000074.hypotheticals.tsv	/scratch/users/snarayanasamy/phage_uv_treatment/output/PRJEB79569/annotation/bakta/CBF3_MAGScoT_cleanbin_000074/CBF3_MAGScoT_cleanbin_000074.inference.tsv
CBF3_MAGScoT_cleanbin_000077	/scratch/users/snarayanasamy/phage_uv_treatment/output/PRJEB79569/binning/dereplication/dereplicated_genomes/CBF3_MAGScoT_cleanbin_000077.fasta	/scratch/users/snarayanasamy/phage_uv_treatment/output/PRJEB79569/annotation/bakta/CBF3_MAGScoT_cleanbin_000077	/scratch/users/snarayanasamy/phage_uv_treatment/output/PRJEB79569/annotation/bakta/CBF3_MAGScoT_cleanbin_000077/bakta.done	/scratch/users/snarayanasamy/phage_uv_treatment/output/PRJEB79569/annotation/bakta/CBF3_MAGScoT_cleanbin_000077/CBF3_MAGScoT_cleanbin_000077.gff3	/scratch/users/snarayanasamy/phage_uv_treatment/output/PRJEB79569/annotation/bakta/CBF3_MAGScoT_cleanbin_000077/CBF3_MAGScoT_cleanbin_000077.tsv	/scratch/users/snarayanasamy/phage_uv_treatment/output/PRJEB79569/annotation/bakta/CBF3_MAGScoT_cleanbin_000077/CBF3_MAGScoT_cleanbin_000077.faa	/scratch/users/snarayanasamy/phage_uv_treatment/output/PRJEB79569/annotation/bakta/CBF3_MAGScoT_cleanbin_000077/CBF3_MAGScoT_cleanbin_000077.ffn	/scratch/users/snarayanasamy/phage_uv_treatment/output/PRJEB79569/annotation/bakta/CBF3_MAGScoT_cleanbin_000077/CBF3_MAGScoT_cleanbin_000077.json	/scratch/users/snarayanasamy/phage_uv_treatment/output/PRJEB79569/annotation/bakta/CBF3_MAGScoT_cleanbin_000077/CBF3_MAGScoT_cleanbin_000077.gbff	/scratch/users/snarayanasamy/phage_uv_treatment/output/PRJEB79569/annotation/bakta/CBF3_MAGScoT_cleanbin_000077/CBF3_MAGScoT_cleanbin_000077.hypotheticals.tsv	/scratch/users/snarayanasamy/phage_uv_treatment/output/PRJEB79569/annotation/bakta/CBF3_MAGScoT_cleanbin_000077/CBF3_MAGScoT_cleanbin_000077.inference.tsv
CBF3_MAGScoT_cleanbin_000078	/scratch/users/snarayanasamy/phage_uv_treatment/output/PRJEB79569/binning/dereplication/dereplicated_genomes/CBF3_MAGScoT_cleanbin_000078.fasta	/scratch/users/snarayanasamy/phage_uv_treatment/output/PRJEB79569/annotation/bakta/CBF3_MAGScoT_cleanbin_000078	/scratch/users/snarayanasamy/phage_uv_treatment/output/PRJEB79569/annotation/bakta/CBF3_MAGScoT_cleanbin_000078/bakta.done	/scratch/users/snarayanasamy/phage_uv_treatment/output/PRJEB79569/annotation/bakta/CBF3_MAGScoT_cleanbin_000078/CBF3_MAGScoT_cleanbin_000078.gff3	/scratch/users/snarayanasamy/phage_uv_treatment/output/PRJEB79569/annotation/bakta/CBF3_MAGScoT_cleanbin_000078/CBF3_MAGScoT_cleanbin_000078.tsv	/scratch/users/snarayanasamy/phage_uv_treatment/output/PRJEB79569/annotation/bakta/CBF3_MAGScoT_cleanbin_000078/CBF3_MAGScoT_cleanbin_000078.faa	/scratch/users/snarayanasamy/phage_uv_treatment/output/PRJEB79569/annotation/bakta/CBF3_MAGScoT_cleanbin_000078/CBF3_MAGScoT_cleanbin_000078.ffn	/scratch/users/snarayanasamy/phage_uv_treatment/output/PRJEB79569/annotation/bakta/CBF3_MAGScoT_cleanbin_000078/CBF3_MAGScoT_cleanbin_000078.json	/scratch/users/snarayanasamy/phage_uv_treatment/output/PRJEB79569/annotation/bakta/CBF3_MAGScoT_cleanbin_000078/CBF3_MAGScoT_cleanbin_000078.gbff	/scratch/users/snarayanasamy/phage_uv_treatment/output/PRJEB79569/annotation/bakta/CBF3_MAGScoT_cleanbin_000078/CBF3_MAGScoT_cleanbin_000078.hypotheticals.tsv	/scratch/users/snarayanasamy/phage_uv_treatment/output/PRJEB79569/annotation/bakta/CBF3_MAGScoT_cleanbin_000078/CBF3_MAGScoT_cleanbin_000078.inference.tsv
CBF3_MAGScoT_cleanbin_000080	/scratch/users/snarayanasamy/phage_uv_treatment/output/PRJEB79569/binning/dereplication/dereplicated_genomes/CBF3_MAGScoT_cleanbin_000080.fasta	/scratch/users/snarayanasamy/phage_uv_treatment/output/PRJEB79569/annotation/bakta/CBF3_MAGScoT_cleanbin_000080	/scratch/users/snarayanasamy/phage_uv_treatment/output/PRJEB79569/annotation/bakta/CBF3_MAGScoT_cleanbin_000080/bakta.done	/scratch/users/snarayanasamy/phage_uv_treatment/output/PRJEB79569/annotation/bakta/CBF3_MAGScoT_cleanbin_000080/CBF3_MAGScoT_cleanbin_000080.gff3	/scratch/users/snarayanasamy/phage_uv_treatment/output/PRJEB79569/annotation/bakta/CBF3_MAGScoT_cleanbin_000080/CBF3_MAGScoT_cleanbin_000080.tsv	/scratch/users/snarayanasamy/phage_uv_treatment/output/PRJEB79569/annotation/bakta/CBF3_MAGScoT_cleanbin_000080/CBF3_MAGScoT_cleanbin_000080.faa	/scratch/users/snarayanasamy/phage_uv_treatment/output/PRJEB79569/annotation/bakta/CBF3_MAGScoT_cleanbin_000080/CBF3_MAGScoT_cleanbin_000080.ffn	/scratch/users/snarayanasamy/phage_uv_treatment/output/PRJEB79569/annotation/bakta/CBF3_MAGScoT_cleanbin_000080/CBF3_MAGScoT_cleanbin_000080.json	/scratch/users/snarayanasamy/phage_uv_treatment/output/PRJEB79569/annotation/bakta/CBF3_MAGScoT_cleanbin_000080/CBF3_MAGScoT_cleanbin_000080.gbff	/scratch/users/snarayanasamy/phage_uv_treatment/output/PRJEB79569/annotation/bakta/CBF3_MAGScoT_cleanbin_000080/CBF3_MAGScoT_cleanbin_000080.hypotheticals.tsv	/scratch/users/snarayanasamy/phage_uv_treatment/output/PRJEB79569/annotation/bakta/CBF3_MAGScoT_cleanbin_000080/CBF3_MAGScoT_cleanbin_000080.inference.tsv
CBF3_MAGScoT_cleanbin_000082	/scratch/users/snarayanasamy/phage_uv_treatment/output/PRJEB79569/binning/dereplication/dereplicated_genomes/CBF3_MAGScoT_cleanbin_000082.fasta	/scratch/users/snarayanasamy/phage_uv_treatment/output/PRJEB79569/annotation/bakta/CBF3_MAGScoT_cleanbin_000082	/scratch/users/snarayanasamy/phage_uv_treatment/output/PRJEB79569/annotation/bakta/CBF3_MAGScoT_cleanbin_000082/bakta.done	/scratch/users/snarayanasamy/phage_uv_treatment/output/PRJEB79569/annotation/bakta/CBF3_MAGScoT_cleanbin_000082/CBF3_MAGScoT_cleanbin_000082.gff3	/scratch/users/snarayanasamy/phage_uv_treatment/output/PRJEB79569/annotation/bakta/CBF3_MAGScoT_cleanbin_000082/CBF3_MAGScoT_cleanbin_000082.tsv	/scratch/users/snarayanasamy/phage_uv_treatment/output/PRJEB79569/annotation/bakta/CBF3_MAGScoT_cleanbin_000082/CBF3_MAGScoT_cleanbin_000082.faa	/scratch/users/snarayanasamy/phage_uv_treatment/output/PRJEB79569/annotation/bakta/CBF3_MAGScoT_cleanbin_000082/CBF3_MAGScoT_cleanbin_000082.ffn	/scratch/users/snarayanasamy/phage_uv_treatment/output/PRJEB79569/annotation/bakta/CBF3_MAGScoT_cleanbin_000082/CBF3_MAGScoT_cleanbin_000082.json	/scratch/users/snarayanasamy/phage_uv_treatment/output/PRJEB79569/annotation/bakta/CBF3_MAGScoT_cleanbin_000082/CBF3_MAGScoT_cleanbin_000082.gbff	/scratch/users/snarayanasamy/phage_uv_treatment/output/PRJEB79569/annotation/bakta/CBF3_MAGScoT_cleanbin_000082/CBF3_MAGScoT_cleanbin_000082.hypotheticals.tsv	/scratch/users/snarayanasamy/phage_uv_treatment/output/PRJEB79569/annotation/bakta/CBF3_MAGScoT_cleanbin_000082/CBF3_MAGScoT_cleanbin_000082.inference.tsv
CBF3_MAGScoT_cleanbin_000083	/scratch/users/snarayanasamy/phage_uv_treatment/output/PRJEB79569/binning/dereplication/dereplicated_genomes/CBF3_MAGScoT_cleanbin_000083.fasta	/scratch/users/snarayanasamy/phage_uv_treatment/output/PRJEB79569/annotation/bakta/CBF3_MAGScoT_cleanbin_000083	/scratch/users/snarayanasamy/phage_uv_treatment/output/PRJEB79569/annotation/bakta/CBF3_MAGScoT_cleanbin_000083/bakta.done	/scratch/users/snarayanasamy/phage_uv_treatment/output/PRJEB79569/annotation/bakta/CBF3_MAGScoT_cleanbin_000083/CBF3_MAGScoT_cleanbin_000083.gff3	/scratch/users/snarayanasamy/phage_uv_treatment/output/PRJEB79569/annotation/bakta/CBF3_MAGScoT_cleanbin_000083/CBF3_MAGScoT_cleanbin_000083.tsv	/scratch/users/snarayanasamy/phage_uv_treatment/output/PRJEB79569/annotation/bakta/CBF3_MAGScoT_cleanbin_000083/CBF3_MAGScoT_cleanbin_000083.faa	/scratch/users/snarayanasamy/phage_uv_treatment/output/PRJEB79569/annotation/bakta/CBF3_MAGScoT_cleanbin_000083/CBF3_MAGScoT_cleanbin_000083.ffn	/scratch/users/snarayanasamy/phage_uv_treatment/output/PRJEB79569/annotation/bakta/CBF3_MAGScoT_cleanbin_000083/CBF3_MAGScoT_cleanbin_000083.json	/scratch/users/snarayanasamy/phage_uv_treatment/output/PRJEB79569/annotation/bakta/CBF3_MAGScoT_cleanbin_000083/CBF3_MAGScoT_cleanbin_000083.gbff	/scratch/users/snarayanasamy/phage_uv_treatment/output/PRJEB79569/annotation/bakta/CBF3_MAGScoT_cleanbin_000083/CBF3_MAGScoT_cleanbin_000083.hypotheticals.tsv	/scratch/users/snarayanasamy/phage_uv_treatment/output/PRJEB79569/annotation/bakta/CBF3_MAGScoT_cleanbin_000083/CBF3_MAGScoT_cleanbin_000083.inference.tsv
CBF3_MAGScoT_cleanbin_000085	/scratch/users/snarayanasamy/phage_uv_treatment/output/PRJEB79569/binning/dereplication/dereplicated_genomes/CBF3_MAGScoT_cleanbin_000085.fasta	/scratch/users/snarayanasamy/phage_uv_treatment/output/PRJEB79569/annotation/bakta/CBF3_MAGScoT_cleanbin_000085	/scratch/users/snarayanasamy/phage_uv_treatment/output/PRJEB79569/annotation/bakta/CBF3_MAGScoT_cleanbin_000085/bakta.done	/scratch/users/snarayanasamy/phage_uv_treatment/output/PRJEB79569/annotation/bakta/CBF3_MAGScoT_cleanbin_000085/CBF3_MAGScoT_cleanbin_000085.gff3	/scratch/users/snarayanasamy/phage_uv_treatment/output/PRJEB79569/annotation/bakta/CBF3_MAGScoT_cleanbin_000085/CBF3_MAGScoT_cleanbin_000085.tsv	/scratch/users/snarayanasamy/phage_uv_treatment/output/PRJEB79569/annotation/bakta/CBF3_MAGScoT_cleanbin_000085/CBF3_MAGScoT_cleanbin_000085.faa	/scratch/users/snarayanasamy/phage_uv_treatment/output/PRJEB79569/annotation/bakta/CBF3_MAGScoT_cleanbin_000085/CBF3_MAGScoT_cleanbin_000085.ffn	/scratch/users/snarayanasamy/phage_uv_treatment/output/PRJEB79569/annotation/bakta/CBF3_MAGScoT_cleanbin_000085/CBF3_MAGScoT_cleanbin_000085.json	/scratch/users/snarayanasamy/phage_uv_treatment/output/PRJEB79569/annotation/bakta/CBF3_MAGScoT_cleanbin_000085/CBF3_MAGScoT_cleanbin_000085.gbff	/scratch/users/snarayanasamy/phage_uv_treatment/output/PRJEB79569/annotation/bakta/CBF3_MAGScoT_cleanbin_000085/CBF3_MAGScoT_cleanbin_000085.hypotheticals.tsv	/scratch/users/snarayanasamy/phage_uv_treatment/output/PRJEB79569/annotation/bakta/CBF3_MAGScoT_cleanbin_000085/CBF3_MAGScoT_cleanbin_000085.inference.tsv
CBF3_MAGScoT_cleanbin_000086	/scratch/users/snarayanasamy/phage_uv_treatment/output/PRJEB79569/binning/dereplication/dereplicated_genomes/CBF3_MAGScoT_cleanbin_000086.fasta	/scratch/users/snarayanasamy/phage_uv_treatment/output/PRJEB79569/annotation/bakta/CBF3_MAGScoT_cleanbin_000086	/scratch/users/snarayanasamy/phage_uv_treatment/output/PRJEB79569/annotation/bakta/CBF3_MAGScoT_cleanbin_000086/bakta.done	/scratch/users/snarayanasamy/phage_uv_treatment/output/PRJEB79569/annotation/bakta/CBF3_MAGScoT_cleanbin_000086/CBF3_MAGScoT_cleanbin_000086.gff3	/scratch/users/snarayanasamy/phage_uv_treatment/output/PRJEB79569/annotation/bakta/CBF3_MAGScoT_cleanbin_000086/CBF3_MAGScoT_cleanbin_000086.tsv	/scratch/users/snarayanasamy/phage_uv_treatment/output/PRJEB79569/annotation/bakta/CBF3_MAGScoT_cleanbin_000086/CBF3_MAGScoT_cleanbin_000086.faa	/scratch/users/snarayanasamy/phage_uv_treatment/output/PRJEB79569/annotation/bakta/CBF3_MAGScoT_cleanbin_000086/CBF3_MAGScoT_cleanbin_000086.ffn	/scratch/users/snarayanasamy/phage_uv_treatment/output/PRJEB79569/annotation/bakta/CBF3_MAGScoT_cleanbin_000086/CBF3_MAGScoT_cleanbin_000086.json	/scratch/users/snarayanasamy/phage_uv_treatment/output/PRJEB79569/annotation/bakta/CBF3_MAGScoT_cleanbin_000086/CBF3_MAGScoT_cleanbin_000086.gbff	/scratch/users/snarayanasamy/phage_uv_treatment/output/PRJEB79569/annotation/bakta/CBF3_MAGScoT_cleanbin_000086/CBF3_MAGScoT_cleanbin_000086.hypotheticals.tsv	/scratch/users/snarayanasamy/phage_uv_treatment/output/PRJEB79569/annotation/bakta/CBF3_MAGScoT_cleanbin_000086/CBF3_MAGScoT_cleanbin_000086.inference.tsv
CBF3_MAGScoT_cleanbin_000089	/scratch/users/snarayanasamy/phage_uv_treatment/output/PRJEB79569/binning/dereplication/dereplicated_genomes/CBF3_MAGScoT_cleanbin_000089.fasta	/scratch/users/snarayanasamy/phage_uv_treatment/output/PRJEB79569/annotation/bakta/CBF3_MAGScoT_cleanbin_000089	/scratch/users/snarayanasamy/phage_uv_treatment/output/PRJEB79569/annotation/bakta/CBF3_MAGScoT_cleanbin_000089/bakta.done	/scratch/users/snarayanasamy/phage_uv_treatment/output/PRJEB79569/annotation/bakta/CBF3_MAGScoT_cleanbin_000089/CBF3_MAGScoT_cleanbin_000089.gff3	/scratch/users/snarayanasamy/phage_uv_treatment/output/PRJEB79569/annotation/bakta/CBF3_MAGScoT_cleanbin_000089/CBF3_MAGScoT_cleanbin_000089.tsv	/scratch/users/snarayanasamy/phage_uv_treatment/output/PRJEB79569/annotation/bakta/CBF3_MAGScoT_cleanbin_000089/CBF3_MAGScoT_cleanbin_000089.faa	/scratch/users/snarayanasamy/phage_uv_treatment/output/PRJEB79569/annotation/bakta/CBF3_MAGScoT_cleanbin_000089/CBF3_MAGScoT_cleanbin_000089.ffn	/scratch/users/snarayanasamy/phage_uv_treatment/output/PRJEB79569/annotation/bakta/CBF3_MAGScoT_cleanbin_000089/CBF3_MAGScoT_cleanbin_000089.json	/scratch/users/snarayanasamy/phage_uv_treatment/output/PRJEB79569/annotation/bakta/CBF3_MAGScoT_cleanbin_000089/CBF3_MAGScoT_cleanbin_000089.gbff	/scratch/users/snarayanasamy/phage_uv_treatment/output/PRJEB79569/annotation/bakta/CBF3_MAGScoT_cleanbin_000089/CBF3_MAGScoT_cleanbin_000089.hypotheticals.tsv	/scratch/users/snarayanasamy/phage_uv_treatment/output/PRJEB79569/annotation/bakta/CBF3_MAGScoT_cleanbin_000089/CBF3_MAGScoT_cleanbin_000089.inference.tsv
CBF3_MAGScoT_cleanbin_000090	/scratch/users/snarayanasamy/phage_uv_treatment/output/PRJEB79569/binning/dereplication/dereplicated_genomes/CBF3_MAGScoT_cleanbin_000090.fasta	/scratch/users/snarayanasamy/phage_uv_treatment/output/PRJEB79569/annotation/bakta/CBF3_MAGScoT_cleanbin_000090	/scratch/users/snarayanasamy/phage_uv_treatment/output/PRJEB79569/annotation/bakta/CBF3_MAGScoT_cleanbin_000090/bakta.done	/scratch/users/snarayanasamy/phage_uv_treatment/output/PRJEB79569/annotation/bakta/CBF3_MAGScoT_cleanbin_000090/CBF3_MAGScoT_cleanbin_000090.gff3	/scratch/users/snarayanasamy/phage_uv_treatment/output/PRJEB79569/annotation/bakta/CBF3_MAGScoT_cleanbin_000090/CBF3_MAGScoT_cleanbin_000090.tsv	/scratch/users/snarayanasamy/phage_uv_treatment/output/PRJEB79569/annotation/bakta/CBF3_MAGScoT_cleanbin_000090/CBF3_MAGScoT_cleanbin_000090.faa	/scratch/users/snarayanasamy/phage_uv_treatment/output/PRJEB79569/annotation/bakta/CBF3_MAGScoT_cleanbin_000090/CBF3_MAGScoT_cleanbin_000090.ffn	/scratch/users/snarayanasamy/phage_uv_treatment/output/PRJEB79569/annotation/bakta/CBF3_MAGScoT_cleanbin_000090/CBF3_MAGScoT_cleanbin_000090.json	/scratch/users/snarayanasamy/phage_uv_treatment/output/PRJEB79569/annotation/bakta/CBF3_MAGScoT_cleanbin_000090/CBF3_MAGScoT_cleanbin_000090.gbff	/scratch/users/snarayanasamy/phage_uv_treatment/output/PRJEB79569/annotation/bakta/CBF3_MAGScoT_cleanbin_000090/CBF3_MAGScoT_cleanbin_000090.hypotheticals.tsv	/scratch/users/snarayanasamy/phage_uv_treatment/output/PRJEB79569/annotation/bakta/CBF3_MAGScoT_cleanbin_000090/CBF3_MAGScoT_cleanbin_000090.inference.tsv
CBF3_MAGScoT_cleanbin_000099	/scratch/users/snarayanasamy/phage_uv_treatment/output/PRJEB79569/binning/dereplication/dereplicated_genomes/CBF3_MAGScoT_cleanbin_000099.fasta	/scratch/users/snarayanasamy/phage_uv_treatment/output/PRJEB79569/annotation/bakta/CBF3_MAGScoT_cleanbin_000099	/scratch/users/snarayanasamy/phage_uv_treatment/output/PRJEB79569/annotation/bakta/CBF3_MAGScoT_cleanbin_000099/bakta.done	/scratch/users/snarayanasamy/phage_uv_treatment/output/PRJEB79569/annotation/bakta/CBF3_MAGScoT_cleanbin_000099/CBF3_MAGScoT_cleanbin_000099.gff3	/scratch/users/snarayanasamy/phage_uv_treatment/output/PRJEB79569/annotation/bakta/CBF3_MAGScoT_cleanbin_000099/CBF3_MAGScoT_cleanbin_000099.tsv	/scratch/users/snarayanasamy/phage_uv_treatment/output/PRJEB79569/annotation/bakta/CBF3_MAGScoT_cleanbin_000099/CBF3_MAGScoT_cleanbin_000099.faa	/scratch/users/snarayanasamy/phage_uv_treatment/output/PRJEB79569/annotation/bakta/CBF3_MAGScoT_cleanbin_000099/CBF3_MAGScoT_cleanbin_000099.ffn	/scratch/users/snarayanasamy/phage_uv_treatment/output/PRJEB79569/annotation/bakta/CBF3_MAGScoT_cleanbin_000099/CBF3_MAGScoT_cleanbin_000099.json	/scratch/users/snarayanasamy/phage_uv_treatment/output/PRJEB79569/annotation/bakta/CBF3_MAGScoT_cleanbin_000099/CBF3_MAGScoT_cleanbin_000099.gbff	/scratch/users/snarayanasamy/phage_uv_treatment/output/PRJEB79569/annotation/bakta/CBF3_MAGScoT_cleanbin_000099/CBF3_MAGScoT_cleanbin_000099.hypotheticals.tsv	/scratch/users/snarayanasamy/phage_uv_treatment/output/PRJEB79569/annotation/bakta/CBF3_MAGScoT_cleanbin_000099/CBF3_MAGScoT_cleanbin_000099.inference.tsv
CBF3_MAGScoT_cleanbin_000102	/scratch/users/snarayanasamy/phage_uv_treatment/output/PRJEB79569/binning/dereplication/dereplicated_genomes/CBF3_MAGScoT_cleanbin_000102.fasta	/scratch/users/snarayanasamy/phage_uv_treatment/output/PRJEB79569/annotation/bakta/CBF3_MAGScoT_cleanbin_000102	/scratch/users/snarayanasamy/phage_uv_treatment/output/PRJEB79569/annotation/bakta/CBF3_MAGScoT_cleanbin_000102/bakta.done	/scratch/users/snarayanasamy/phage_uv_treatment/output/PRJEB79569/annotation/bakta/CBF3_MAGScoT_cleanbin_000102/CBF3_MAGScoT_cleanbin_000102.gff3	/scratch/users/snarayanasamy/phage_uv_treatment/output/PRJEB79569/annotation/bakta/CBF3_MAGScoT_cleanbin_000102/CBF3_MAGScoT_cleanbin_000102.tsv	/scratch/users/snarayanasamy/phage_uv_treatment/output/PRJEB79569/annotation/bakta/CBF3_MAGScoT_cleanbin_000102/CBF3_MAGScoT_cleanbin_000102.faa	/scratch/users/snarayanasamy/phage_uv_treatment/output/PRJEB79569/annotation/bakta/CBF3_MAGScoT_cleanbin_000102/CBF3_MAGScoT_cleanbin_000102.ffn	/scratch/users/snarayanasamy/phage_uv_treatment/output/PRJEB79569/annotation/bakta/CBF3_MAGScoT_cleanbin_000102/CBF3_MAGScoT_cleanbin_000102.json	/scratch/users/snarayanasamy/phage_uv_treatment/output/PRJEB79569/annotation/bakta/CBF3_MAGScoT_cleanbin_000102/CBF3_MAGScoT_cleanbin_000102.gbff	/scratch/users/snarayanasamy/phage_uv_treatment/output/PRJEB79569/annotation/bakta/CBF3_MAGScoT_cleanbin_000102/CBF3_MAGScoT_cleanbin_000102.hypotheticals.tsv	/scratch/users/snarayanasamy/phage_uv_treatment/output/PRJEB79569/annotation/bakta/CBF3_MAGScoT_cleanbin_000102/CBF3_MAGScoT_cleanbin_000102.inference.tsv
CBF3_MAGScoT_cleanbin_000105	/scratch/users/snarayanasamy/phage_uv_treatment/output/PRJEB79569/binning/dereplication/dereplicated_genomes/CBF3_MAGScoT_cleanbin_000105.fasta	/scratch/users/snarayanasamy/phage_uv_treatment/output/PRJEB79569/annotation/bakta/CBF3_MAGScoT_cleanbin_000105	/scratch/users/snarayanasamy/phage_uv_treatment/output/PRJEB79569/annotation/bakta/CBF3_MAGScoT_cleanbin_000105/bakta.done	/scratch/users/snarayanasamy/phage_uv_treatment/output/PRJEB79569/annotation/bakta/CBF3_MAGScoT_cleanbin_000105/CBF3_MAGScoT_cleanbin_000105.gff3	/scratch/users/snarayanasamy/phage_uv_treatment/output/PRJEB79569/annotation/bakta/CBF3_MAGScoT_cleanbin_000105/CBF3_MAGScoT_cleanbin_000105.tsv	/scratch/users/snarayanasamy/phage_uv_treatment/output/PRJEB79569/annotation/bakta/CBF3_MAGScoT_cleanbin_000105/CBF3_MAGScoT_cleanbin_000105.faa	/scratch/users/snarayanasamy/phage_uv_treatment/output/PRJEB79569/annotation/bakta/CBF3_MAGScoT_cleanbin_000105/CBF3_MAGScoT_cleanbin_000105.ffn	/scratch/users/snarayanasamy/phage_uv_treatment/output/PRJEB79569/annotation/bakta/CBF3_MAGScoT_cleanbin_000105/CBF3_MAGScoT_cleanbin_000105.json	/scratch/users/snarayanasamy/phage_uv_treatment/output/PRJEB79569/annotation/bakta/CBF3_MAGScoT_cleanbin_000105/CBF3_MAGScoT_cleanbin_000105.gbff	/scratch/users/snarayanasamy/phage_uv_treatment/output/PRJEB79569/annotation/bakta/CBF3_MAGScoT_cleanbin_000105/CBF3_MAGScoT_cleanbin_000105.hypotheticals.tsv	/scratch/users/snarayanasamy/phage_uv_treatment/output/PRJEB79569/annotation/bakta/CBF3_MAGScoT_cleanbin_000105/CBF3_MAGScoT_cleanbin_000105.inference.tsv
CBF3_MAGScoT_cleanbin_000107	/scratch/users/snarayanasamy/phage_uv_treatment/output/PRJEB79569/binning/dereplication/dereplicated_genomes/CBF3_MAGScoT_cleanbin_000107.fasta	/scratch/users/snarayanasamy/phage_uv_treatment/output/PRJEB79569/annotation/bakta/CBF3_MAGScoT_cleanbin_000107	/scratch/users/snarayanasamy/phage_uv_treatment/output/PRJEB79569/annotation/bakta/CBF3_MAGScoT_cleanbin_000107/bakta.done	/scratch/users/snarayanasamy/phage_uv_treatment/output/PRJEB79569/annotation/bakta/CBF3_MAGScoT_cleanbin_000107/CBF3_MAGScoT_cleanbin_000107.gff3	/scratch/users/snarayanasamy/phage_uv_treatment/output/PRJEB79569/annotation/bakta/CBF3_MAGScoT_cleanbin_000107/CBF3_MAGScoT_cleanbin_000107.tsv	/scratch/users/snarayanasamy/phage_uv_treatment/output/PRJEB79569/annotation/bakta/CBF3_MAGScoT_cleanbin_000107/CBF3_MAGScoT_cleanbin_000107.faa	/scratch/users/snarayanasamy/phage_uv_treatment/output/PRJEB79569/annotation/bakta/CBF3_MAGScoT_cleanbin_000107/CBF3_MAGScoT_cleanbin_000107.ffn	/scratch/users/snarayanasamy/phage_uv_treatment/output/PRJEB79569/annotation/bakta/CBF3_MAGScoT_cleanbin_000107/CBF3_MAGScoT_cleanbin_000107.json	/scratch/users/snarayanasamy/phage_uv_treatment/output/PRJEB79569/annotation/bakta/CBF3_MAGScoT_cleanbin_000107/CBF3_MAGScoT_cleanbin_000107.gbff	/scratch/users/snarayanasamy/phage_uv_treatment/output/PRJEB79569/annotation/bakta/CBF3_MAGScoT_cleanbin_000107/CBF3_MAGScoT_cleanbin_000107.hypotheticals.tsv	/scratch/users/snarayanasamy/phage_uv_treatment/output/PRJEB79569/annotation/bakta/CBF3_MAGScoT_cleanbin_000107/CBF3_MAGScoT_cleanbin_000107.inference.tsv
CBF3_MAGScoT_cleanbin_000108	/scratch/users/snarayanasamy/phage_uv_treatment/output/PRJEB79569/binning/dereplication/dereplicated_genomes/CBF3_MAGScoT_cleanbin_000108.fasta	/scratch/users/snarayanasamy/phage_uv_treatment/output/PRJEB79569/annotation/bakta/CBF3_MAGScoT_cleanbin_000108	/scratch/users/snarayanasamy/phage_uv_treatment/output/PRJEB79569/annotation/bakta/CBF3_MAGScoT_cleanbin_000108/bakta.done	/scratch/users/snarayanasamy/phage_uv_treatment/output/PRJEB79569/annotation/bakta/CBF3_MAGScoT_cleanbin_000108/CBF3_MAGScoT_cleanbin_000108.gff3	/scratch/users/snarayanasamy/phage_uv_treatment/output/PRJEB79569/annotation/bakta/CBF3_MAGScoT_cleanbin_000108/CBF3_MAGScoT_cleanbin_000108.tsv	/scratch/users/snarayanasamy/phage_uv_treatment/output/PRJEB79569/annotation/bakta/CBF3_MAGScoT_cleanbin_000108/CBF3_MAGScoT_cleanbin_000108.faa	/scratch/users/snarayanasamy/phage_uv_treatment/output/PRJEB79569/annotation/bakta/CBF3_MAGScoT_cleanbin_000108/CBF3_MAGScoT_cleanbin_000108.ffn	/scratch/users/snarayanasamy/phage_uv_treatment/output/PRJEB79569/annotation/bakta/CBF3_MAGScoT_cleanbin_000108/CBF3_MAGScoT_cleanbin_000108.json	/scratch/users/snarayanasamy/phage_uv_treatment/output/PRJEB79569/annotation/bakta/CBF3_MAGScoT_cleanbin_000108/CBF3_MAGScoT_cleanbin_000108.gbff	/scratch/users/snarayanasamy/phage_uv_treatment/output/PRJEB79569/annotation/bakta/CBF3_MAGScoT_cleanbin_000108/CBF3_MAGScoT_cleanbin_000108.hypotheticals.tsv	/scratch/users/snarayanasamy/phage_uv_treatment/output/PRJEB79569/annotation/bakta/CBF3_MAGScoT_cleanbin_000108/CBF3_MAGScoT_cleanbin_000108.inference.tsv
CBF3_MAGScoT_cleanbin_000111	/scratch/users/snarayanasamy/phage_uv_treatment/output/PRJEB79569/binning/dereplication/dereplicated_genomes/CBF3_MAGScoT_cleanbin_000111.fasta	/scratch/users/snarayanasamy/phage_uv_treatment/output/PRJEB79569/annotation/bakta/CBF3_MAGScoT_cleanbin_000111	/scratch/users/snarayanasamy/phage_uv_treatment/output/PRJEB79569/annotation/bakta/CBF3_MAGScoT_cleanbin_000111/bakta.done	/scratch/users/snarayanasamy/phage_uv_treatment/output/PRJEB79569/annotation/bakta/CBF3_MAGScoT_cleanbin_000111/CBF3_MAGScoT_cleanbin_000111.gff3	/scratch/users/snarayanasamy/phage_uv_treatment/output/PRJEB79569/annotation/bakta/CBF3_MAGScoT_cleanbin_000111/CBF3_MAGScoT_cleanbin_000111.tsv	/scratch/users/snarayanasamy/phage_uv_treatment/output/PRJEB79569/annotation/bakta/CBF3_MAGScoT_cleanbin_000111/CBF3_MAGScoT_cleanbin_000111.faa	/scratch/users/snarayanasamy/phage_uv_treatment/output/PRJEB79569/annotation/bakta/CBF3_MAGScoT_cleanbin_000111/CBF3_MAGScoT_cleanbin_000111.ffn	/scratch/users/snarayanasamy/phage_uv_treatment/output/PRJEB79569/annotation/bakta/CBF3_MAGScoT_cleanbin_000111/CBF3_MAGScoT_cleanbin_000111.json	/scratch/users/snarayanasamy/phage_uv_treatment/output/PRJEB79569/annotation/bakta/CBF3_MAGScoT_cleanbin_000111/CBF3_MAGScoT_cleanbin_000111.gbff	/scratch/users/snarayanasamy/phage_uv_treatment/output/PRJEB79569/annotation/bakta/CBF3_MAGScoT_cleanbin_000111/CBF3_MAGScoT_cleanbin_000111.hypotheticals.tsv	/scratch/users/snarayanasamy/phage_uv_treatment/output/PRJEB79569/annotation/bakta/CBF3_MAGScoT_cleanbin_000111/CBF3_MAGScoT_cleanbin_000111.inference.tsv
CBF3_MAGScoT_cleanbin_000114	/scratch/users/snarayanasamy/phage_uv_treatment/output/PRJEB79569/binning/dereplication/dereplicated_genomes/CBF3_MAGScoT_cleanbin_000114.fasta	/scratch/users/snarayanasamy/phage_uv_treatment/output/PRJEB79569/annotation/bakta/CBF3_MAGScoT_cleanbin_000114	/scratch/users/snarayanasamy/phage_uv_treatment/output/PRJEB79569/annotation/bakta/CBF3_MAGScoT_cleanbin_000114/bakta.done	/scratch/users/snarayanasamy/phage_uv_treatment/output/PRJEB79569/annotation/bakta/CBF3_MAGScoT_cleanbin_000114/CBF3_MAGScoT_cleanbin_000114.gff3	/scratch/users/snarayanasamy/phage_uv_treatment/output/PRJEB79569/annotation/bakta/CBF3_MAGScoT_cleanbin_000114/CBF3_MAGScoT_cleanbin_000114.tsv	/scratch/users/snarayanasamy/phage_uv_treatment/output/PRJEB79569/annotation/bakta/CBF3_MAGScoT_cleanbin_000114/CBF3_MAGScoT_cleanbin_000114.faa	/scratch/users/snarayanasamy/phage_uv_treatment/output/PRJEB79569/annotation/bakta/CBF3_MAGScoT_cleanbin_000114/CBF3_MAGScoT_cleanbin_000114.ffn	/scratch/users/snarayanasamy/phage_uv_treatment/output/PRJEB79569/annotation/bakta/CBF3_MAGScoT_cleanbin_000114/CBF3_MAGScoT_cleanbin_000114.json	/scratch/users/snarayanasamy/phage_uv_treatment/output/PRJEB79569/annotation/bakta/CBF3_MAGScoT_cleanbin_000114/CBF3_MAGScoT_cleanbin_000114.gbff	/scratch/users/snarayanasamy/phage_uv_treatment/output/PRJEB79569/annotation/bakta/CBF3_MAGScoT_cleanbin_000114/CBF3_MAGScoT_cleanbin_000114.hypotheticals.tsv	/scratch/users/snarayanasamy/phage_uv_treatment/output/PRJEB79569/annotation/bakta/CBF3_MAGScoT_cleanbin_000114/CBF3_MAGScoT_cleanbin_000114.inference.tsv
CBF3_MAGScoT_cleanbin_000120	/scratch/users/snarayanasamy/phage_uv_treatment/output/PRJEB79569/binning/dereplication/dereplicated_genomes/CBF3_MAGScoT_cleanbin_000120.fasta	/scratch/users/snarayanasamy/phage_uv_treatment/output/PRJEB79569/annotation/bakta/CBF3_MAGScoT_cleanbin_000120	/scratch/users/snarayanasamy/phage_uv_treatment/output/PRJEB79569/annotation/bakta/CBF3_MAGScoT_cleanbin_000120/bakta.done	/scratch/users/snarayanasamy/phage_uv_treatment/output/PRJEB79569/annotation/bakta/CBF3_MAGScoT_cleanbin_000120/CBF3_MAGScoT_cleanbin_000120.gff3	/scratch/users/snarayanasamy/phage_uv_treatment/output/PRJEB79569/annotation/bakta/CBF3_MAGScoT_cleanbin_000120/CBF3_MAGScoT_cleanbin_000120.tsv	/scratch/users/snarayanasamy/phage_uv_treatment/output/PRJEB79569/annotation/bakta/CBF3_MAGScoT_cleanbin_000120/CBF3_MAGScoT_cleanbin_000120.faa	/scratch/users/snarayanasamy/phage_uv_treatment/output/PRJEB79569/annotation/bakta/CBF3_MAGScoT_cleanbin_000120/CBF3_MAGScoT_cleanbin_000120.ffn	/scratch/users/snarayanasamy/phage_uv_treatment/output/PRJEB79569/annotation/bakta/CBF3_MAGScoT_cleanbin_000120/CBF3_MAGScoT_cleanbin_000120.json	/scratch/users/snarayanasamy/phage_uv_treatment/output/PRJEB79569/annotation/bakta/CBF3_MAGScoT_cleanbin_000120/CBF3_MAGScoT_cleanbin_000120.gbff	/scratch/users/snarayanasamy/phage_uv_treatment/output/PRJEB79569/annotation/bakta/CBF3_MAGScoT_cleanbin_000120/CBF3_MAGScoT_cleanbin_000120.hypotheticals.tsv	/scratch/users/snarayanasamy/phage_uv_treatment/output/PRJEB79569/annotation/bakta/CBF3_MAGScoT_cleanbin_000120/CBF3_MAGScoT_cleanbin_000120.inference.tsv
CBF3_MAGScoT_cleanbin_000148	/scratch/users/snarayanasamy/phage_uv_treatment/output/PRJEB79569/binning/dereplication/dereplicated_genomes/CBF3_MAGScoT_cleanbin_000148.fasta	/scratch/users/snarayanasamy/phage_uv_treatment/output/PRJEB79569/annotation/bakta/CBF3_MAGScoT_cleanbin_000148	/scratch/users/snarayanasamy/phage_uv_treatment/output/PRJEB79569/annotation/bakta/CBF3_MAGScoT_cleanbin_000148/bakta.done	/scratch/users/snarayanasamy/phage_uv_treatment/output/PRJEB79569/annotation/bakta/CBF3_MAGScoT_cleanbin_000148/CBF3_MAGScoT_cleanbin_000148.gff3	/scratch/users/snarayanasamy/phage_uv_treatment/output/PRJEB79569/annotation/bakta/CBF3_MAGScoT_cleanbin_000148/CBF3_MAGScoT_cleanbin_000148.tsv	/scratch/users/snarayanasamy/phage_uv_treatment/output/PRJEB79569/annotation/bakta/CBF3_MAGScoT_cleanbin_000148/CBF3_MAGScoT_cleanbin_000148.faa	/scratch/users/snarayanasamy/phage_uv_treatment/output/PRJEB79569/annotation/bakta/CBF3_MAGScoT_cleanbin_000148/CBF3_MAGScoT_cleanbin_000148.ffn	/scratch/users/snarayanasamy/phage_uv_treatment/output/PRJEB79569/annotation/bakta/CBF3_MAGScoT_cleanbin_000148/CBF3_MAGScoT_cleanbin_000148.json	/scratch/users/snarayanasamy/phage_uv_treatment/output/PRJEB79569/annotation/bakta/CBF3_MAGScoT_cleanbin_000148/CBF3_MAGScoT_cleanbin_000148.gbff	/scratch/users/snarayanasamy/phage_uv_treatment/output/PRJEB79569/annotation/bakta/CBF3_MAGScoT_cleanbin_000148/CBF3_MAGScoT_cleanbin_000148.hypotheticals.tsv	/scratch/users/snarayanasamy/phage_uv_treatment/output/PRJEB79569/annotation/bakta/CBF3_MAGScoT_cleanbin_000148/CBF3_MAGScoT_cleanbin_000148.inference.tsv
CBF3_MAGScoT_cleanbin_000151	/scratch/users/snarayanasamy/phage_uv_treatment/output/PRJEB79569/binning/dereplication/dereplicated_genomes/CBF3_MAGScoT_cleanbin_000151.fasta	/scratch/users/snarayanasamy/phage_uv_treatment/output/PRJEB79569/annotation/bakta/CBF3_MAGScoT_cleanbin_000151	/scratch/users/snarayanasamy/phage_uv_treatment/output/PRJEB79569/annotation/bakta/CBF3_MAGScoT_cleanbin_000151/bakta.done	/scratch/users/snarayanasamy/phage_uv_treatment/output/PRJEB79569/annotation/bakta/CBF3_MAGScoT_cleanbin_000151/CBF3_MAGScoT_cleanbin_000151.gff3	/scratch/users/snarayanasamy/phage_uv_treatment/output/PRJEB79569/annotation/bakta/CBF3_MAGScoT_cleanbin_000151/CBF3_MAGScoT_cleanbin_000151.tsv	/scratch/users/snarayanasamy/phage_uv_treatment/output/PRJEB79569/annotation/bakta/CBF3_MAGScoT_cleanbin_000151/CBF3_MAGScoT_cleanbin_000151.faa	/scratch/users/snarayanasamy/phage_uv_treatment/output/PRJEB79569/annotation/bakta/CBF3_MAGScoT_cleanbin_000151/CBF3_MAGScoT_cleanbin_000151.ffn	/scratch/users/snarayanasamy/phage_uv_treatment/output/PRJEB79569/annotation/bakta/CBF3_MAGScoT_cleanbin_000151/CBF3_MAGScoT_cleanbin_000151.json	/scratch/users/snarayanasamy/phage_uv_treatment/output/PRJEB79569/annotation/bakta/CBF3_MAGScoT_cleanbin_000151/CBF3_MAGScoT_cleanbin_000151.gbff	/scratch/users/snarayanasamy/phage_uv_treatment/output/PRJEB79569/annotation/bakta/CBF3_MAGScoT_cleanbin_000151/CBF3_MAGScoT_cleanbin_000151.hypotheticals.tsv	/scratch/users/snarayanasamy/phage_uv_treatment/output/PRJEB79569/annotation/bakta/CBF3_MAGScoT_cleanbin_000151/CBF3_MAGScoT_cleanbin_000151.inference.tsv
CBF3_MAGScoT_cleanbin_000162	/scratch/users/snarayanasamy/phage_uv_treatment/output/PRJEB79569/binning/dereplication/dereplicated_genomes/CBF3_MAGScoT_cleanbin_000162.fasta	/scratch/users/snarayanasamy/phage_uv_treatment/output/PRJEB79569/annotation/bakta/CBF3_MAGScoT_cleanbin_000162	/scratch/users/snarayanasamy/phage_uv_treatment/output/PRJEB79569/annotation/bakta/CBF3_MAGScoT_cleanbin_000162/bakta.done	/scratch/users/snarayanasamy/phage_uv_treatment/output/PRJEB79569/annotation/bakta/CBF3_MAGScoT_cleanbin_000162/CBF3_MAGScoT_cleanbin_000162.gff3	/scratch/users/snarayanasamy/phage_uv_treatment/output/PRJEB79569/annotation/bakta/CBF3_MAGScoT_cleanbin_000162/CBF3_MAGScoT_cleanbin_000162.tsv	/scratch/users/snarayanasamy/phage_uv_treatment/output/PRJEB79569/annotation/bakta/CBF3_MAGScoT_cleanbin_000162/CBF3_MAGScoT_cleanbin_000162.faa	/scratch/users/snarayanasamy/phage_uv_treatment/output/PRJEB79569/annotation/bakta/CBF3_MAGScoT_cleanbin_000162/CBF3_MAGScoT_cleanbin_000162.ffn	/scratch/users/snarayanasamy/phage_uv_treatment/output/PRJEB79569/annotation/bakta/CBF3_MAGScoT_cleanbin_000162/CBF3_MAGScoT_cleanbin_000162.json	/scratch/users/snarayanasamy/phage_uv_treatment/output/PRJEB79569/annotation/bakta/CBF3_MAGScoT_cleanbin_000162/CBF3_MAGScoT_cleanbin_000162.gbff	/scratch/users/snarayanasamy/phage_uv_treatment/output/PRJEB79569/annotation/bakta/CBF3_MAGScoT_cleanbin_000162/CBF3_MAGScoT_cleanbin_000162.hypotheticals.tsv	/scratch/users/snarayanasamy/phage_uv_treatment/output/PRJEB79569/annotation/bakta/CBF3_MAGScoT_cleanbin_000162/CBF3_MAGScoT_cleanbin_000162.inference.tsv
CI1_MAGScoT_cleanbin_000001	/scratch/users/snarayanasamy/phage_uv_treatment/output/PRJEB79569/binning/dereplication/dereplicated_genomes/CI1_MAGScoT_cleanbin_000001.fasta	/scratch/users/snarayanasamy/phage_uv_treatment/output/PRJEB79569/annotation/bakta/CI1_MAGScoT_cleanbin_000001	/scratch/users/snarayanasamy/phage_uv_treatment/output/PRJEB79569/annotation/bakta/CI1_MAGScoT_cleanbin_000001/bakta.done	/scratch/users/snarayanasamy/phage_uv_treatment/output/PRJEB79569/annotation/bakta/CI1_MAGScoT_cleanbin_000001/CI1_MAGScoT_cleanbin_000001.gff3	/scratch/users/snarayanasamy/phage_uv_treatment/output/PRJEB79569/annotation/bakta/CI1_MAGScoT_cleanbin_000001/CI1_MAGScoT_cleanbin_000001.tsv	/scratch/users/snarayanasamy/phage_uv_treatment/output/PRJEB79569/annotation/bakta/CI1_MAGScoT_cleanbin_000001/CI1_MAGScoT_cleanbin_000001.faa	/scratch/users/snarayanasamy/phage_uv_treatment/output/PRJEB79569/annotation/bakta/CI1_MAGScoT_cleanbin_000001/CI1_MAGScoT_cleanbin_000001.ffn	/scratch/users/snarayanasamy/phage_uv_treatment/output/PRJEB79569/annotation/bakta/CI1_MAGScoT_cleanbin_000001/CI1_MAGScoT_cleanbin_000001.json	/scratch/users/snarayanasamy/phage_uv_treatment/output/PRJEB79569/annotation/bakta/CI1_MAGScoT_cleanbin_000001/CI1_MAGScoT_cleanbin_000001.gbff	/scratch/users/snarayanasamy/phage_uv_treatment/output/PRJEB79569/annotation/bakta/CI1_MAGScoT_cleanbin_000001/CI1_MAGScoT_cleanbin_000001.hypotheticals.tsv	/scratch/users/snarayanasamy/phage_uv_treatment/output/PRJEB79569/annotation/bakta/CI1_MAGScoT_cleanbin_000001/CI1_MAGScoT_cleanbin_000001.inference.tsv
CI1_MAGScoT_cleanbin_000013	/scratch/users/snarayanasamy/phage_uv_treatment/output/PRJEB79569/binning/dereplication/dereplicated_genomes/CI1_MAGScoT_cleanbin_000013.fasta	/scratch/users/snarayanasamy/phage_uv_treatment/output/PRJEB79569/annotation/bakta/CI1_MAGScoT_cleanbin_000013	/scratch/users/snarayanasamy/phage_uv_treatment/output/PRJEB79569/annotation/bakta/CI1_MAGScoT_cleanbin_000013/bakta.done	/scratch/users/snarayanasamy/phage_uv_treatment/output/PRJEB79569/annotation/bakta/CI1_MAGScoT_cleanbin_000013/CI1_MAGScoT_cleanbin_000013.gff3	/scratch/users/snarayanasamy/phage_uv_treatment/output/PRJEB79569/annotation/bakta/CI1_MAGScoT_cleanbin_000013/CI1_MAGScoT_cleanbin_000013.tsv	/scratch/users/snarayanasamy/phage_uv_treatment/output/PRJEB79569/annotation/bakta/CI1_MAGScoT_cleanbin_000013/CI1_MAGScoT_cleanbin_000013.faa	/scratch/users/snarayanasamy/phage_uv_treatment/output/PRJEB79569/annotation/bakta/CI1_MAGScoT_cleanbin_000013/CI1_MAGScoT_cleanbin_000013.ffn	/scratch/users/snarayanasamy/phage_uv_treatment/output/PRJEB79569/annotation/bakta/CI1_MAGScoT_cleanbin_000013/CI1_MAGScoT_cleanbin_000013.json	/scratch/users/snarayanasamy/phage_uv_treatment/output/PRJEB79569/annotation/bakta/CI1_MAGScoT_cleanbin_000013/CI1_MAGScoT_cleanbin_000013.gbff	/scratch/users/snarayanasamy/phage_uv_treatment/output/PRJEB79569/annotation/bakta/CI1_MAGScoT_cleanbin_000013/CI1_MAGScoT_cleanbin_000013.hypotheticals.tsv	/scratch/users/snarayanasamy/phage_uv_treatment/output/PRJEB79569/annotation/bakta/CI1_MAGScoT_cleanbin_000013/CI1_MAGScoT_cleanbin_000013.inference.tsv
CI1_MAGScoT_cleanbin_000020	/scratch/users/snarayanasamy/phage_uv_treatment/output/PRJEB79569/binning/dereplication/dereplicated_genomes/CI1_MAGScoT_cleanbin_000020.fasta	/scratch/users/snarayanasamy/phage_uv_treatment/output/PRJEB79569/annotation/bakta/CI1_MAGScoT_cleanbin_000020	/scratch/users/snarayanasamy/phage_uv_treatment/output/PRJEB79569/annotation/bakta/CI1_MAGScoT_cleanbin_000020/bakta.done	/scratch/users/snarayanasamy/phage_uv_treatment/output/PRJEB79569/annotation/bakta/CI1_MAGScoT_cleanbin_000020/CI1_MAGScoT_cleanbin_000020.gff3	/scratch/users/snarayanasamy/phage_uv_treatment/output/PRJEB79569/annotation/bakta/CI1_MAGScoT_cleanbin_000020/CI1_MAGScoT_cleanbin_000020.tsv	/scratch/users/snarayanasamy/phage_uv_treatment/output/PRJEB79569/annotation/bakta/CI1_MAGScoT_cleanbin_000020/CI1_MAGScoT_cleanbin_000020.faa	/scratch/users/snarayanasamy/phage_uv_treatment/output/PRJEB79569/annotation/bakta/CI1_MAGScoT_cleanbin_000020/CI1_MAGScoT_cleanbin_000020.ffn	/scratch/users/snarayanasamy/phage_uv_treatment/output/PRJEB79569/annotation/bakta/CI1_MAGScoT_cleanbin_000020/CI1_MAGScoT_cleanbin_000020.json	/scratch/users/snarayanasamy/phage_uv_treatment/output/PRJEB79569/annotation/bakta/CI1_MAGScoT_cleanbin_000020/CI1_MAGScoT_cleanbin_000020.gbff	/scratch/users/snarayanasamy/phage_uv_treatment/output/PRJEB79569/annotation/bakta/CI1_MAGScoT_cleanbin_000020/CI1_MAGScoT_cleanbin_000020.hypotheticals.tsv	/scratch/users/snarayanasamy/phage_uv_treatment/output/PRJEB79569/annotation/bakta/CI1_MAGScoT_cleanbin_000020/CI1_MAGScoT_cleanbin_000020.inference.tsv
CI1_MAGScoT_cleanbin_000022	/scratch/users/snarayanasamy/phage_uv_treatment/output/PRJEB79569/binning/dereplication/dereplicated_genomes/CI1_MAGScoT_cleanbin_000022.fasta	/scratch/users/snarayanasamy/phage_uv_treatment/output/PRJEB79569/annotation/bakta/CI1_MAGScoT_cleanbin_000022	/scratch/users/snarayanasamy/phage_uv_treatment/output/PRJEB79569/annotation/bakta/CI1_MAGScoT_cleanbin_000022/bakta.done	/scratch/users/snarayanasamy/phage_uv_treatment/output/PRJEB79569/annotation/bakta/CI1_MAGScoT_cleanbin_000022/CI1_MAGScoT_cleanbin_000022.gff3	/scratch/users/snarayanasamy/phage_uv_treatment/output/PRJEB79569/annotation/bakta/CI1_MAGScoT_cleanbin_000022/CI1_MAGScoT_cleanbin_000022.tsv	/scratch/users/snarayanasamy/phage_uv_treatment/output/PRJEB79569/annotation/bakta/CI1_MAGScoT_cleanbin_000022/CI1_MAGScoT_cleanbin_000022.faa	/scratch/users/snarayanasamy/phage_uv_treatment/output/PRJEB79569/annotation/bakta/CI1_MAGScoT_cleanbin_000022/CI1_MAGScoT_cleanbin_000022.ffn	/scratch/users/snarayanasamy/phage_uv_treatment/output/PRJEB79569/annotation/bakta/CI1_MAGScoT_cleanbin_000022/CI1_MAGScoT_cleanbin_000022.json	/scratch/users/snarayanasamy/phage_uv_treatment/output/PRJEB79569/annotation/bakta/CI1_MAGScoT_cleanbin_000022/CI1_MAGScoT_cleanbin_000022.gbff	/scratch/users/snarayanasamy/phage_uv_treatment/output/PRJEB79569/annotation/bakta/CI1_MAGScoT_cleanbin_000022/CI1_MAGScoT_cleanbin_000022.hypotheticals.tsv	/scratch/users/snarayanasamy/phage_uv_treatment/output/PRJEB79569/annotation/bakta/CI1_MAGScoT_cleanbin_000022/CI1_MAGScoT_cleanbin_000022.inference.tsv
CI1_MAGScoT_cleanbin_000033	/scratch/users/snarayanasamy/phage_uv_treatment/output/PRJEB79569/binning/dereplication/dereplicated_genomes/CI1_MAGScoT_cleanbin_000033.fasta	/scratch/users/snarayanasamy/phage_uv_treatment/output/PRJEB79569/annotation/bakta/CI1_MAGScoT_cleanbin_000033	/scratch/users/snarayanasamy/phage_uv_treatment/output/PRJEB79569/annotation/bakta/CI1_MAGScoT_cleanbin_000033/bakta.done	/scratch/users/snarayanasamy/phage_uv_treatment/output/PRJEB79569/annotation/bakta/CI1_MAGScoT_cleanbin_000033/CI1_MAGScoT_cleanbin_000033.gff3	/scratch/users/snarayanasamy/phage_uv_treatment/output/PRJEB79569/annotation/bakta/CI1_MAGScoT_cleanbin_000033/CI1_MAGScoT_cleanbin_000033.tsv	/scratch/users/snarayanasamy/phage_uv_treatment/output/PRJEB79569/annotation/bakta/CI1_MAGScoT_cleanbin_000033/CI1_MAGScoT_cleanbin_000033.faa	/scratch/users/snarayanasamy/phage_uv_treatment/output/PRJEB79569/annotation/bakta/CI1_MAGScoT_cleanbin_000033/CI1_MAGScoT_cleanbin_000033.ffn	/scratch/users/snarayanasamy/phage_uv_treatment/output/PRJEB79569/annotation/bakta/CI1_MAGScoT_cleanbin_000033/CI1_MAGScoT_cleanbin_000033.json	/scratch/users/snarayanasamy/phage_uv_treatment/output/PRJEB79569/annotation/bakta/CI1_MAGScoT_cleanbin_000033/CI1_MAGScoT_cleanbin_000033.gbff	/scratch/users/snarayanasamy/phage_uv_treatment/output/PRJEB79569/annotation/bakta/CI1_MAGScoT_cleanbin_000033/CI1_MAGScoT_cleanbin_000033.hypotheticals.tsv	/scratch/users/snarayanasamy/phage_uv_treatment/output/PRJEB79569/annotation/bakta/CI1_MAGScoT_cleanbin_000033/CI1_MAGScoT_cleanbin_000033.inference.tsv
CI1_MAGScoT_cleanbin_000034	/scratch/users/snarayanasamy/phage_uv_treatment/output/PRJEB79569/binning/dereplication/dereplicated_genomes/CI1_MAGScoT_cleanbin_000034.fasta	/scratch/users/snarayanasamy/phage_uv_treatment/output/PRJEB79569/annotation/bakta/CI1_MAGScoT_cleanbin_000034	/scratch/users/snarayanasamy/phage_uv_treatment/output/PRJEB79569/annotation/bakta/CI1_MAGScoT_cleanbin_000034/bakta.done	/scratch/users/snarayanasamy/phage_uv_treatment/output/PRJEB79569/annotation/bakta/CI1_MAGScoT_cleanbin_000034/CI1_MAGScoT_cleanbin_000034.gff3	/scratch/users/snarayanasamy/phage_uv_treatment/output/PRJEB79569/annotation/bakta/CI1_MAGScoT_cleanbin_000034/CI1_MAGScoT_cleanbin_000034.tsv	/scratch/users/snarayanasamy/phage_uv_treatment/output/PRJEB79569/annotation/bakta/CI1_MAGScoT_cleanbin_000034/CI1_MAGScoT_cleanbin_000034.faa	/scratch/users/snarayanasamy/phage_uv_treatment/output/PRJEB79569/annotation/bakta/CI1_MAGScoT_cleanbin_000034/CI1_MAGScoT_cleanbin_000034.ffn	/scratch/users/snarayanasamy/phage_uv_treatment/output/PRJEB79569/annotation/bakta/CI1_MAGScoT_cleanbin_000034/CI1_MAGScoT_cleanbin_000034.json	/scratch/users/snarayanasamy/phage_uv_treatment/output/PRJEB79569/annotation/bakta/CI1_MAGScoT_cleanbin_000034/CI1_MAGScoT_cleanbin_000034.gbff	/scratch/users/snarayanasamy/phage_uv_treatment/output/PRJEB79569/annotation/bakta/CI1_MAGScoT_cleanbin_000034/CI1_MAGScoT_cleanbin_000034.hypotheticals.tsv	/scratch/users/snarayanasamy/phage_uv_treatment/output/PRJEB79569/annotation/bakta/CI1_MAGScoT_cleanbin_000034/CI1_MAGScoT_cleanbin_000034.inference.tsv
CI1_MAGScoT_cleanbin_000061	/scratch/users/snarayanasamy/phage_uv_treatment/output/PRJEB79569/binning/dereplication/dereplicated_genomes/CI1_MAGScoT_cleanbin_000061.fasta	/scratch/users/snarayanasamy/phage_uv_treatment/output/PRJEB79569/annotation/bakta/CI1_MAGScoT_cleanbin_000061	/scratch/users/snarayanasamy/phage_uv_treatment/output/PRJEB79569/annotation/bakta/CI1_MAGScoT_cleanbin_000061/bakta.done	/scratch/users/snarayanasamy/phage_uv_treatment/output/PRJEB79569/annotation/bakta/CI1_MAGScoT_cleanbin_000061/CI1_MAGScoT_cleanbin_000061.gff3	/scratch/users/snarayanasamy/phage_uv_treatment/output/PRJEB79569/annotation/bakta/CI1_MAGScoT_cleanbin_000061/CI1_MAGScoT_cleanbin_000061.tsv	/scratch/users/snarayanasamy/phage_uv_treatment/output/PRJEB79569/annotation/bakta/CI1_MAGScoT_cleanbin_000061/CI1_MAGScoT_cleanbin_000061.faa	/scratch/users/snarayanasamy/phage_uv_treatment/output/PRJEB79569/annotation/bakta/CI1_MAGScoT_cleanbin_000061/CI1_MAGScoT_cleanbin_000061.ffn	/scratch/users/snarayanasamy/phage_uv_treatment/output/PRJEB79569/annotation/bakta/CI1_MAGScoT_cleanbin_000061/CI1_MAGScoT_cleanbin_000061.json	/scratch/users/snarayanasamy/phage_uv_treatment/output/PRJEB79569/annotation/bakta/CI1_MAGScoT_cleanbin_000061/CI1_MAGScoT_cleanbin_000061.gbff	/scratch/users/snarayanasamy/phage_uv_treatment/output/PRJEB79569/annotation/bakta/CI1_MAGScoT_cleanbin_000061/CI1_MAGScoT_cleanbin_000061.hypotheticals.tsv	/scratch/users/snarayanasamy/phage_uv_treatment/output/PRJEB79569/annotation/bakta/CI1_MAGScoT_cleanbin_000061/CI1_MAGScoT_cleanbin_000061.inference.tsv
CI1_MAGScoT_cleanbin_000066	/scratch/users/snarayanasamy/phage_uv_treatment/output/PRJEB79569/binning/dereplication/dereplicated_genomes/CI1_MAGScoT_cleanbin_000066.fasta	/scratch/users/snarayanasamy/phage_uv_treatment/output/PRJEB79569/annotation/bakta/CI1_MAGScoT_cleanbin_000066	/scratch/users/snarayanasamy/phage_uv_treatment/output/PRJEB79569/annotation/bakta/CI1_MAGScoT_cleanbin_000066/bakta.done	/scratch/users/snarayanasamy/phage_uv_treatment/output/PRJEB79569/annotation/bakta/CI1_MAGScoT_cleanbin_000066/CI1_MAGScoT_cleanbin_000066.gff3	/scratch/users/snarayanasamy/phage_uv_treatment/output/PRJEB79569/annotation/bakta/CI1_MAGScoT_cleanbin_000066/CI1_MAGScoT_cleanbin_000066.tsv	/scratch/users/snarayanasamy/phage_uv_treatment/output/PRJEB79569/annotation/bakta/CI1_MAGScoT_cleanbin_000066/CI1_MAGScoT_cleanbin_000066.faa	/scratch/users/snarayanasamy/phage_uv_treatment/output/PRJEB79569/annotation/bakta/CI1_MAGScoT_cleanbin_000066/CI1_MAGScoT_cleanbin_000066.ffn	/scratch/users/snarayanasamy/phage_uv_treatment/output/PRJEB79569/annotation/bakta/CI1_MAGScoT_cleanbin_000066/CI1_MAGScoT_cleanbin_000066.json	/scratch/users/snarayanasamy/phage_uv_treatment/output/PRJEB79569/annotation/bakta/CI1_MAGScoT_cleanbin_000066/CI1_MAGScoT_cleanbin_000066.gbff	/scratch/users/snarayanasamy/phage_uv_treatment/output/PRJEB79569/annotation/bakta/CI1_MAGScoT_cleanbin_000066/CI1_MAGScoT_cleanbin_000066.hypotheticals.tsv	/scratch/users/snarayanasamy/phage_uv_treatment/output/PRJEB79569/annotation/bakta/CI1_MAGScoT_cleanbin_000066/CI1_MAGScoT_cleanbin_000066.inference.tsv
CI1_MAGScoT_cleanbin_000067	/scratch/users/snarayanasamy/phage_uv_treatment/output/PRJEB79569/binning/dereplication/dereplicated_genomes/CI1_MAGScoT_cleanbin_000067.fasta	/scratch/users/snarayanasamy/phage_uv_treatment/output/PRJEB79569/annotation/bakta/CI1_MAGScoT_cleanbin_000067	/scratch/users/snarayanasamy/phage_uv_treatment/output/PRJEB79569/annotation/bakta/CI1_MAGScoT_cleanbin_000067/bakta.done	/scratch/users/snarayanasamy/phage_uv_treatment/output/PRJEB79569/annotation/bakta/CI1_MAGScoT_cleanbin_000067/CI1_MAGScoT_cleanbin_000067.gff3	/scratch/users/snarayanasamy/phage_uv_treatment/output/PRJEB79569/annotation/bakta/CI1_MAGScoT_cleanbin_000067/CI1_MAGScoT_cleanbin_000067.tsv	/scratch/users/snarayanasamy/phage_uv_treatment/output/PRJEB79569/annotation/bakta/CI1_MAGScoT_cleanbin_000067/CI1_MAGScoT_cleanbin_000067.faa	/scratch/users/snarayanasamy/phage_uv_treatment/output/PRJEB79569/annotation/bakta/CI1_MAGScoT_cleanbin_000067/CI1_MAGScoT_cleanbin_000067.ffn	/scratch/users/snarayanasamy/phage_uv_treatment/output/PRJEB79569/annotation/bakta/CI1_MAGScoT_cleanbin_000067/CI1_MAGScoT_cleanbin_000067.json	/scratch/users/snarayanasamy/phage_uv_treatment/output/PRJEB79569/annotation/bakta/CI1_MAGScoT_cleanbin_000067/CI1_MAGScoT_cleanbin_000067.gbff	/scratch/users/snarayanasamy/phage_uv_treatment/output/PRJEB79569/annotation/bakta/CI1_MAGScoT_cleanbin_000067/CI1_MAGScoT_cleanbin_000067.hypotheticals.tsv	/scratch/users/snarayanasamy/phage_uv_treatment/output/PRJEB79569/annotation/bakta/CI1_MAGScoT_cleanbin_000067/CI1_MAGScoT_cleanbin_000067.inference.tsv
CI1_MAGScoT_cleanbin_000068	/scratch/users/snarayanasamy/phage_uv_treatment/output/PRJEB79569/binning/dereplication/dereplicated_genomes/CI1_MAGScoT_cleanbin_000068.fasta	/scratch/users/snarayanasamy/phage_uv_treatment/output/PRJEB79569/annotation/bakta/CI1_MAGScoT_cleanbin_000068	/scratch/users/snarayanasamy/phage_uv_treatment/output/PRJEB79569/annotation/bakta/CI1_MAGScoT_cleanbin_000068/bakta.done	/scratch/users/snarayanasamy/phage_uv_treatment/output/PRJEB79569/annotation/bakta/CI1_MAGScoT_cleanbin_000068/CI1_MAGScoT_cleanbin_000068.gff3	/scratch/users/snarayanasamy/phage_uv_treatment/output/PRJEB79569/annotation/bakta/CI1_MAGScoT_cleanbin_000068/CI1_MAGScoT_cleanbin_000068.tsv	/scratch/users/snarayanasamy/phage_uv_treatment/output/PRJEB79569/annotation/bakta/CI1_MAGScoT_cleanbin_000068/CI1_MAGScoT_cleanbin_000068.faa	/scratch/users/snarayanasamy/phage_uv_treatment/output/PRJEB79569/annotation/bakta/CI1_MAGScoT_cleanbin_000068/CI1_MAGScoT_cleanbin_000068.ffn	/scratch/users/snarayanasamy/phage_uv_treatment/output/PRJEB79569/annotation/bakta/CI1_MAGScoT_cleanbin_000068/CI1_MAGScoT_cleanbin_000068.json	/scratch/users/snarayanasamy/phage_uv_treatment/output/PRJEB79569/annotation/bakta/CI1_MAGScoT_cleanbin_000068/CI1_MAGScoT_cleanbin_000068.gbff	/scratch/users/snarayanasamy/phage_uv_treatment/output/PRJEB79569/annotation/bakta/CI1_MAGScoT_cleanbin_000068/CI1_MAGScoT_cleanbin_000068.hypotheticals.tsv	/scratch/users/snarayanasamy/phage_uv_treatment/output/PRJEB79569/annotation/bakta/CI1_MAGScoT_cleanbin_000068/CI1_MAGScoT_cleanbin_000068.inference.tsv
CI2_MAGScoT_cleanbin_000005	/scratch/users/snarayanasamy/phage_uv_treatment/output/PRJEB79569/binning/dereplication/dereplicated_genomes/CI2_MAGScoT_cleanbin_000005.fasta	/scratch/users/snarayanasamy/phage_uv_treatment/output/PRJEB79569/annotation/bakta/CI2_MAGScoT_cleanbin_000005	/scratch/users/snarayanasamy/phage_uv_treatment/output/PRJEB79569/annotation/bakta/CI2_MAGScoT_cleanbin_000005/bakta.done	/scratch/users/snarayanasamy/phage_uv_treatment/output/PRJEB79569/annotation/bakta/CI2_MAGScoT_cleanbin_000005/CI2_MAGScoT_cleanbin_000005.gff3	/scratch/users/snarayanasamy/phage_uv_treatment/output/PRJEB79569/annotation/bakta/CI2_MAGScoT_cleanbin_000005/CI2_MAGScoT_cleanbin_000005.tsv	/scratch/users/snarayanasamy/phage_uv_treatment/output/PRJEB79569/annotation/bakta/CI2_MAGScoT_cleanbin_000005/CI2_MAGScoT_cleanbin_000005.faa	/scratch/users/snarayanasamy/phage_uv_treatment/output/PRJEB79569/annotation/bakta/CI2_MAGScoT_cleanbin_000005/CI2_MAGScoT_cleanbin_000005.ffn	/scratch/users/snarayanasamy/phage_uv_treatment/output/PRJEB79569/annotation/bakta/CI2_MAGScoT_cleanbin_000005/CI2_MAGScoT_cleanbin_000005.json	/scratch/users/snarayanasamy/phage_uv_treatment/output/PRJEB79569/annotation/bakta/CI2_MAGScoT_cleanbin_000005/CI2_MAGScoT_cleanbin_000005.gbff	/scratch/users/snarayanasamy/phage_uv_treatment/output/PRJEB79569/annotation/bakta/CI2_MAGScoT_cleanbin_000005/CI2_MAGScoT_cleanbin_000005.hypotheticals.tsv	/scratch/users/snarayanasamy/phage_uv_treatment/output/PRJEB79569/annotation/bakta/CI2_MAGScoT_cleanbin_000005/CI2_MAGScoT_cleanbin_000005.inference.tsv
CI2_MAGScoT_cleanbin_000010	/scratch/users/snarayanasamy/phage_uv_treatment/output/PRJEB79569/binning/dereplication/dereplicated_genomes/CI2_MAGScoT_cleanbin_000010.fasta	/scratch/users/snarayanasamy/phage_uv_treatment/output/PRJEB79569/annotation/bakta/CI2_MAGScoT_cleanbin_000010	/scratch/users/snarayanasamy/phage_uv_treatment/output/PRJEB79569/annotation/bakta/CI2_MAGScoT_cleanbin_000010/bakta.done	/scratch/users/snarayanasamy/phage_uv_treatment/output/PRJEB79569/annotation/bakta/CI2_MAGScoT_cleanbin_000010/CI2_MAGScoT_cleanbin_000010.gff3	/scratch/users/snarayanasamy/phage_uv_treatment/output/PRJEB79569/annotation/bakta/CI2_MAGScoT_cleanbin_000010/CI2_MAGScoT_cleanbin_000010.tsv	/scratch/users/snarayanasamy/phage_uv_treatment/output/PRJEB79569/annotation/bakta/CI2_MAGScoT_cleanbin_000010/CI2_MAGScoT_cleanbin_000010.faa	/scratch/users/snarayanasamy/phage_uv_treatment/output/PRJEB79569/annotation/bakta/CI2_MAGScoT_cleanbin_000010/CI2_MAGScoT_cleanbin_000010.ffn	/scratch/users/snarayanasamy/phage_uv_treatment/output/PRJEB79569/annotation/bakta/CI2_MAGScoT_cleanbin_000010/CI2_MAGScoT_cleanbin_000010.json	/scratch/users/snarayanasamy/phage_uv_treatment/output/PRJEB79569/annotation/bakta/CI2_MAGScoT_cleanbin_000010/CI2_MAGScoT_cleanbin_000010.gbff	/scratch/users/snarayanasamy/phage_uv_treatment/output/PRJEB79569/annotation/bakta/CI2_MAGScoT_cleanbin_000010/CI2_MAGScoT_cleanbin_000010.hypotheticals.tsv	/scratch/users/snarayanasamy/phage_uv_treatment/output/PRJEB79569/annotation/bakta/CI2_MAGScoT_cleanbin_000010/CI2_MAGScoT_cleanbin_000010.inference.tsv
CI2_MAGScoT_cleanbin_000013	/scratch/users/snarayanasamy/phage_uv_treatment/output/PRJEB79569/binning/dereplication/dereplicated_genomes/CI2_MAGScoT_cleanbin_000013.fasta	/scratch/users/snarayanasamy/phage_uv_treatment/output/PRJEB79569/annotation/bakta/CI2_MAGScoT_cleanbin_000013	/scratch/users/snarayanasamy/phage_uv_treatment/output/PRJEB79569/annotation/bakta/CI2_MAGScoT_cleanbin_000013/bakta.done	/scratch/users/snarayanasamy/phage_uv_treatment/output/PRJEB79569/annotation/bakta/CI2_MAGScoT_cleanbin_000013/CI2_MAGScoT_cleanbin_000013.gff3	/scratch/users/snarayanasamy/phage_uv_treatment/output/PRJEB79569/annotation/bakta/CI2_MAGScoT_cleanbin_000013/CI2_MAGScoT_cleanbin_000013.tsv	/scratch/users/snarayanasamy/phage_uv_treatment/output/PRJEB79569/annotation/bakta/CI2_MAGScoT_cleanbin_000013/CI2_MAGScoT_cleanbin_000013.faa	/scratch/users/snarayanasamy/phage_uv_treatment/output/PRJEB79569/annotation/bakta/CI2_MAGScoT_cleanbin_000013/CI2_MAGScoT_cleanbin_000013.ffn	/scratch/users/snarayanasamy/phage_uv_treatment/output/PRJEB79569/annotation/bakta/CI2_MAGScoT_cleanbin_000013/CI2_MAGScoT_cleanbin_000013.json	/scratch/users/snarayanasamy/phage_uv_treatment/output/PRJEB79569/annotation/bakta/CI2_MAGScoT_cleanbin_000013/CI2_MAGScoT_cleanbin_000013.gbff	/scratch/users/snarayanasamy/phage_uv_treatment/output/PRJEB79569/annotation/bakta/CI2_MAGScoT_cleanbin_000013/CI2_MAGScoT_cleanbin_000013.hypotheticals.tsv	/scratch/users/snarayanasamy/phage_uv_treatment/output/PRJEB79569/annotation/bakta/CI2_MAGScoT_cleanbin_000013/CI2_MAGScoT_cleanbin_000013.inference.tsv
CI2_MAGScoT_cleanbin_000014	/scratch/users/snarayanasamy/phage_uv_treatment/output/PRJEB79569/binning/dereplication/dereplicated_genomes/CI2_MAGScoT_cleanbin_000014.fasta	/scratch/users/snarayanasamy/phage_uv_treatment/output/PRJEB79569/annotation/bakta/CI2_MAGScoT_cleanbin_000014	/scratch/users/snarayanasamy/phage_uv_treatment/output/PRJEB79569/annotation/bakta/CI2_MAGScoT_cleanbin_000014/bakta.done	/scratch/users/snarayanasamy/phage_uv_treatment/output/PRJEB79569/annotation/bakta/CI2_MAGScoT_cleanbin_000014/CI2_MAGScoT_cleanbin_000014.gff3	/scratch/users/snarayanasamy/phage_uv_treatment/output/PRJEB79569/annotation/bakta/CI2_MAGScoT_cleanbin_000014/CI2_MAGScoT_cleanbin_000014.tsv	/scratch/users/snarayanasamy/phage_uv_treatment/output/PRJEB79569/annotation/bakta/CI2_MAGScoT_cleanbin_000014/CI2_MAGScoT_cleanbin_000014.faa	/scratch/users/snarayanasamy/phage_uv_treatment/output/PRJEB79569/annotation/bakta/CI2_MAGScoT_cleanbin_000014/CI2_MAGScoT_cleanbin_000014.ffn	/scratch/users/snarayanasamy/phage_uv_treatment/output/PRJEB79569/annotation/bakta/CI2_MAGScoT_cleanbin_000014/CI2_MAGScoT_cleanbin_000014.json	/scratch/users/snarayanasamy/phage_uv_treatment/output/PRJEB79569/annotation/bakta/CI2_MAGScoT_cleanbin_000014/CI2_MAGScoT_cleanbin_000014.gbff	/scratch/users/snarayanasamy/phage_uv_treatment/output/PRJEB79569/annotation/bakta/CI2_MAGScoT_cleanbin_000014/CI2_MAGScoT_cleanbin_000014.hypotheticals.tsv	/scratch/users/snarayanasamy/phage_uv_treatment/output/PRJEB79569/annotation/bakta/CI2_MAGScoT_cleanbin_000014/CI2_MAGScoT_cleanbin_000014.inference.tsv
CI2_MAGScoT_cleanbin_000017	/scratch/users/snarayanasamy/phage_uv_treatment/output/PRJEB79569/binning/dereplication/dereplicated_genomes/CI2_MAGScoT_cleanbin_000017.fasta	/scratch/users/snarayanasamy/phage_uv_treatment/output/PRJEB79569/annotation/bakta/CI2_MAGScoT_cleanbin_000017	/scratch/users/snarayanasamy/phage_uv_treatment/output/PRJEB79569/annotation/bakta/CI2_MAGScoT_cleanbin_000017/bakta.done	/scratch/users/snarayanasamy/phage_uv_treatment/output/PRJEB79569/annotation/bakta/CI2_MAGScoT_cleanbin_000017/CI2_MAGScoT_cleanbin_000017.gff3	/scratch/users/snarayanasamy/phage_uv_treatment/output/PRJEB79569/annotation/bakta/CI2_MAGScoT_cleanbin_000017/CI2_MAGScoT_cleanbin_000017.tsv	/scratch/users/snarayanasamy/phage_uv_treatment/output/PRJEB79569/annotation/bakta/CI2_MAGScoT_cleanbin_000017/CI2_MAGScoT_cleanbin_000017.faa	/scratch/users/snarayanasamy/phage_uv_treatment/output/PRJEB79569/annotation/bakta/CI2_MAGScoT_cleanbin_000017/CI2_MAGScoT_cleanbin_000017.ffn	/scratch/users/snarayanasamy/phage_uv_treatment/output/PRJEB79569/annotation/bakta/CI2_MAGScoT_cleanbin_000017/CI2_MAGScoT_cleanbin_000017.json	/scratch/users/snarayanasamy/phage_uv_treatment/output/PRJEB79569/annotation/bakta/CI2_MAGScoT_cleanbin_000017/CI2_MAGScoT_cleanbin_000017.gbff	/scratch/users/snarayanasamy/phage_uv_treatment/output/PRJEB79569/annotation/bakta/CI2_MAGScoT_cleanbin_000017/CI2_MAGScoT_cleanbin_000017.hypotheticals.tsv	/scratch/users/snarayanasamy/phage_uv_treatment/output/PRJEB79569/annotation/bakta/CI2_MAGScoT_cleanbin_000017/CI2_MAGScoT_cleanbin_000017.inference.tsv
CI2_MAGScoT_cleanbin_000030	/scratch/users/snarayanasamy/phage_uv_treatment/output/PRJEB79569/binning/dereplication/dereplicated_genomes/CI2_MAGScoT_cleanbin_000030.fasta	/scratch/users/snarayanasamy/phage_uv_treatment/output/PRJEB79569/annotation/bakta/CI2_MAGScoT_cleanbin_000030	/scratch/users/snarayanasamy/phage_uv_treatment/output/PRJEB79569/annotation/bakta/CI2_MAGScoT_cleanbin_000030/bakta.done	/scratch/users/snarayanasamy/phage_uv_treatment/output/PRJEB79569/annotation/bakta/CI2_MAGScoT_cleanbin_000030/CI2_MAGScoT_cleanbin_000030.gff3	/scratch/users/snarayanasamy/phage_uv_treatment/output/PRJEB79569/annotation/bakta/CI2_MAGScoT_cleanbin_000030/CI2_MAGScoT_cleanbin_000030.tsv	/scratch/users/snarayanasamy/phage_uv_treatment/output/PRJEB79569/annotation/bakta/CI2_MAGScoT_cleanbin_000030/CI2_MAGScoT_cleanbin_000030.faa	/scratch/users/snarayanasamy/phage_uv_treatment/output/PRJEB79569/annotation/bakta/CI2_MAGScoT_cleanbin_000030/CI2_MAGScoT_cleanbin_000030.ffn	/scratch/users/snarayanasamy/phage_uv_treatment/output/PRJEB79569/annotation/bakta/CI2_MAGScoT_cleanbin_000030/CI2_MAGScoT_cleanbin_000030.json	/scratch/users/snarayanasamy/phage_uv_treatment/output/PRJEB79569/annotation/bakta/CI2_MAGScoT_cleanbin_000030/CI2_MAGScoT_cleanbin_000030.gbff	/scratch/users/snarayanasamy/phage_uv_treatment/output/PRJEB79569/annotation/bakta/CI2_MAGScoT_cleanbin_000030/CI2_MAGScoT_cleanbin_000030.hypotheticals.tsv	/scratch/users/snarayanasamy/phage_uv_treatment/output/PRJEB79569/annotation/bakta/CI2_MAGScoT_cleanbin_000030/CI2_MAGScoT_cleanbin_000030.inference.tsv
CI2_MAGScoT_cleanbin_000035	/scratch/users/snarayanasamy/phage_uv_treatment/output/PRJEB79569/binning/dereplication/dereplicated_genomes/CI2_MAGScoT_cleanbin_000035.fasta	/scratch/users/snarayanasamy/phage_uv_treatment/output/PRJEB79569/annotation/bakta/CI2_MAGScoT_cleanbin_000035	/scratch/users/snarayanasamy/phage_uv_treatment/output/PRJEB79569/annotation/bakta/CI2_MAGScoT_cleanbin_000035/bakta.done	/scratch/users/snarayanasamy/phage_uv_treatment/output/PRJEB79569/annotation/bakta/CI2_MAGScoT_cleanbin_000035/CI2_MAGScoT_cleanbin_000035.gff3	/scratch/users/snarayanasamy/phage_uv_treatment/output/PRJEB79569/annotation/bakta/CI2_MAGScoT_cleanbin_000035/CI2_MAGScoT_cleanbin_000035.tsv	/scratch/users/snarayanasamy/phage_uv_treatment/output/PRJEB79569/annotation/bakta/CI2_MAGScoT_cleanbin_000035/CI2_MAGScoT_cleanbin_000035.faa	/scratch/users/snarayanasamy/phage_uv_treatment/output/PRJEB79569/annotation/bakta/CI2_MAGScoT_cleanbin_000035/CI2_MAGScoT_cleanbin_000035.ffn	/scratch/users/snarayanasamy/phage_uv_treatment/output/PRJEB79569/annotation/bakta/CI2_MAGScoT_cleanbin_000035/CI2_MAGScoT_cleanbin_000035.json	/scratch/users/snarayanasamy/phage_uv_treatment/output/PRJEB79569/annotation/bakta/CI2_MAGScoT_cleanbin_000035/CI2_MAGScoT_cleanbin_000035.gbff	/scratch/users/snarayanasamy/phage_uv_treatment/output/PRJEB79569/annotation/bakta/CI2_MAGScoT_cleanbin_000035/CI2_MAGScoT_cleanbin_000035.hypotheticals.tsv	/scratch/users/snarayanasamy/phage_uv_treatment/output/PRJEB79569/annotation/bakta/CI2_MAGScoT_cleanbin_000035/CI2_MAGScoT_cleanbin_000035.inference.tsv
CI2_MAGScoT_cleanbin_000036	/scratch/users/snarayanasamy/phage_uv_treatment/output/PRJEB79569/binning/dereplication/dereplicated_genomes/CI2_MAGScoT_cleanbin_000036.fasta	/scratch/users/snarayanasamy/phage_uv_treatment/output/PRJEB79569/annotation/bakta/CI2_MAGScoT_cleanbin_000036	/scratch/users/snarayanasamy/phage_uv_treatment/output/PRJEB79569/annotation/bakta/CI2_MAGScoT_cleanbin_000036/bakta.done	/scratch/users/snarayanasamy/phage_uv_treatment/output/PRJEB79569/annotation/bakta/CI2_MAGScoT_cleanbin_000036/CI2_MAGScoT_cleanbin_000036.gff3	/scratch/users/snarayanasamy/phage_uv_treatment/output/PRJEB79569/annotation/bakta/CI2_MAGScoT_cleanbin_000036/CI2_MAGScoT_cleanbin_000036.tsv	/scratch/users/snarayanasamy/phage_uv_treatment/output/PRJEB79569/annotation/bakta/CI2_MAGScoT_cleanbin_000036/CI2_MAGScoT_cleanbin_000036.faa	/scratch/users/snarayanasamy/phage_uv_treatment/output/PRJEB79569/annotation/bakta/CI2_MAGScoT_cleanbin_000036/CI2_MAGScoT_cleanbin_000036.ffn	/scratch/users/snarayanasamy/phage_uv_treatment/output/PRJEB79569/annotation/bakta/CI2_MAGScoT_cleanbin_000036/CI2_MAGScoT_cleanbin_000036.json	/scratch/users/snarayanasamy/phage_uv_treatment/output/PRJEB79569/annotation/bakta/CI2_MAGScoT_cleanbin_000036/CI2_MAGScoT_cleanbin_000036.gbff	/scratch/users/snarayanasamy/phage_uv_treatment/output/PRJEB79569/annotation/bakta/CI2_MAGScoT_cleanbin_000036/CI2_MAGScoT_cleanbin_000036.hypotheticals.tsv	/scratch/users/snarayanasamy/phage_uv_treatment/output/PRJEB79569/annotation/bakta/CI2_MAGScoT_cleanbin_000036/CI2_MAGScoT_cleanbin_000036.inference.tsv
CI2_MAGScoT_cleanbin_000038	/scratch/users/snarayanasamy/phage_uv_treatment/output/PRJEB79569/binning/dereplication/dereplicated_genomes/CI2_MAGScoT_cleanbin_000038.fasta	/scratch/users/snarayanasamy/phage_uv_treatment/output/PRJEB79569/annotation/bakta/CI2_MAGScoT_cleanbin_000038	/scratch/users/snarayanasamy/phage_uv_treatment/output/PRJEB79569/annotation/bakta/CI2_MAGScoT_cleanbin_000038/bakta.done	/scratch/users/snarayanasamy/phage_uv_treatment/output/PRJEB79569/annotation/bakta/CI2_MAGScoT_cleanbin_000038/CI2_MAGScoT_cleanbin_000038.gff3	/scratch/users/snarayanasamy/phage_uv_treatment/output/PRJEB79569/annotation/bakta/CI2_MAGScoT_cleanbin_000038/CI2_MAGScoT_cleanbin_000038.tsv	/scratch/users/snarayanasamy/phage_uv_treatment/output/PRJEB79569/annotation/bakta/CI2_MAGScoT_cleanbin_000038/CI2_MAGScoT_cleanbin_000038.faa	/scratch/users/snarayanasamy/phage_uv_treatment/output/PRJEB79569/annotation/bakta/CI2_MAGScoT_cleanbin_000038/CI2_MAGScoT_cleanbin_000038.ffn	/scratch/users/snarayanasamy/phage_uv_treatment/output/PRJEB79569/annotation/bakta/CI2_MAGScoT_cleanbin_000038/CI2_MAGScoT_cleanbin_000038.json	/scratch/users/snarayanasamy/phage_uv_treatment/output/PRJEB79569/annotation/bakta/CI2_MAGScoT_cleanbin_000038/CI2_MAGScoT_cleanbin_000038.gbff	/scratch/users/snarayanasamy/phage_uv_treatment/output/PRJEB79569/annotation/bakta/CI2_MAGScoT_cleanbin_000038/CI2_MAGScoT_cleanbin_000038.hypotheticals.tsv	/scratch/users/snarayanasamy/phage_uv_treatment/output/PRJEB79569/annotation/bakta/CI2_MAGScoT_cleanbin_000038/CI2_MAGScoT_cleanbin_000038.inference.tsv
CI2_MAGScoT_cleanbin_000046	/scratch/users/snarayanasamy/phage_uv_treatment/output/PRJEB79569/binning/dereplication/dereplicated_genomes/CI2_MAGScoT_cleanbin_000046.fasta	/scratch/users/snarayanasamy/phage_uv_treatment/output/PRJEB79569/annotation/bakta/CI2_MAGScoT_cleanbin_000046	/scratch/users/snarayanasamy/phage_uv_treatment/output/PRJEB79569/annotation/bakta/CI2_MAGScoT_cleanbin_000046/bakta.done	/scratch/users/snarayanasamy/phage_uv_treatment/output/PRJEB79569/annotation/bakta/CI2_MAGScoT_cleanbin_000046/CI2_MAGScoT_cleanbin_000046.gff3	/scratch/users/snarayanasamy/phage_uv_treatment/output/PRJEB79569/annotation/bakta/CI2_MAGScoT_cleanbin_000046/CI2_MAGScoT_cleanbin_000046.tsv	/scratch/users/snarayanasamy/phage_uv_treatment/output/PRJEB79569/annotation/bakta/CI2_MAGScoT_cleanbin_000046/CI2_MAGScoT_cleanbin_000046.faa	/scratch/users/snarayanasamy/phage_uv_treatment/output/PRJEB79569/annotation/bakta/CI2_MAGScoT_cleanbin_000046/CI2_MAGScoT_cleanbin_000046.ffn	/scratch/users/snarayanasamy/phage_uv_treatment/output/PRJEB79569/annotation/bakta/CI2_MAGScoT_cleanbin_000046/CI2_MAGScoT_cleanbin_000046.json	/scratch/users/snarayanasamy/phage_uv_treatment/output/PRJEB79569/annotation/bakta/CI2_MAGScoT_cleanbin_000046/CI2_MAGScoT_cleanbin_000046.gbff	/scratch/users/snarayanasamy/phage_uv_treatment/output/PRJEB79569/annotation/bakta/CI2_MAGScoT_cleanbin_000046/CI2_MAGScoT_cleanbin_000046.hypotheticals.tsv	/scratch/users/snarayanasamy/phage_uv_treatment/output/PRJEB79569/annotation/bakta/CI2_MAGScoT_cleanbin_000046/CI2_MAGScoT_cleanbin_000046.inference.tsv
CI2_MAGScoT_cleanbin_000050	/scratch/users/snarayanasamy/phage_uv_treatment/output/PRJEB79569/binning/dereplication/dereplicated_genomes/CI2_MAGScoT_cleanbin_000050.fasta	/scratch/users/snarayanasamy/phage_uv_treatment/output/PRJEB79569/annotation/bakta/CI2_MAGScoT_cleanbin_000050	/scratch/users/snarayanasamy/phage_uv_treatment/output/PRJEB79569/annotation/bakta/CI2_MAGScoT_cleanbin_000050/bakta.done	/scratch/users/snarayanasamy/phage_uv_treatment/output/PRJEB79569/annotation/bakta/CI2_MAGScoT_cleanbin_000050/CI2_MAGScoT_cleanbin_000050.gff3	/scratch/users/snarayanasamy/phage_uv_treatment/output/PRJEB79569/annotation/bakta/CI2_MAGScoT_cleanbin_000050/CI2_MAGScoT_cleanbin_000050.tsv	/scratch/users/snarayanasamy/phage_uv_treatment/output/PRJEB79569/annotation/bakta/CI2_MAGScoT_cleanbin_000050/CI2_MAGScoT_cleanbin_000050.faa	/scratch/users/snarayanasamy/phage_uv_treatment/output/PRJEB79569/annotation/bakta/CI2_MAGScoT_cleanbin_000050/CI2_MAGScoT_cleanbin_000050.ffn	/scratch/users/snarayanasamy/phage_uv_treatment/output/PRJEB79569/annotation/bakta/CI2_MAGScoT_cleanbin_000050/CI2_MAGScoT_cleanbin_000050.json	/scratch/users/snarayanasamy/phage_uv_treatment/output/PRJEB79569/annotation/bakta/CI2_MAGScoT_cleanbin_000050/CI2_MAGScoT_cleanbin_000050.gbff	/scratch/users/snarayanasamy/phage_uv_treatment/output/PRJEB79569/annotation/bakta/CI2_MAGScoT_cleanbin_000050/CI2_MAGScoT_cleanbin_000050.hypotheticals.tsv	/scratch/users/snarayanasamy/phage_uv_treatment/output/PRJEB79569/annotation/bakta/CI2_MAGScoT_cleanbin_000050/CI2_MAGScoT_cleanbin_000050.inference.tsv
CI2_MAGScoT_cleanbin_000071	/scratch/users/snarayanasamy/phage_uv_treatment/output/PRJEB79569/binning/dereplication/dereplicated_genomes/CI2_MAGScoT_cleanbin_000071.fasta	/scratch/users/snarayanasamy/phage_uv_treatment/output/PRJEB79569/annotation/bakta/CI2_MAGScoT_cleanbin_000071	/scratch/users/snarayanasamy/phage_uv_treatment/output/PRJEB79569/annotation/bakta/CI2_MAGScoT_cleanbin_000071/bakta.done	/scratch/users/snarayanasamy/phage_uv_treatment/output/PRJEB79569/annotation/bakta/CI2_MAGScoT_cleanbin_000071/CI2_MAGScoT_cleanbin_000071.gff3	/scratch/users/snarayanasamy/phage_uv_treatment/output/PRJEB79569/annotation/bakta/CI2_MAGScoT_cleanbin_000071/CI2_MAGScoT_cleanbin_000071.tsv	/scratch/users/snarayanasamy/phage_uv_treatment/output/PRJEB79569/annotation/bakta/CI2_MAGScoT_cleanbin_000071/CI2_MAGScoT_cleanbin_000071.faa	/scratch/users/snarayanasamy/phage_uv_treatment/output/PRJEB79569/annotation/bakta/CI2_MAGScoT_cleanbin_000071/CI2_MAGScoT_cleanbin_000071.ffn	/scratch/users/snarayanasamy/phage_uv_treatment/output/PRJEB79569/annotation/bakta/CI2_MAGScoT_cleanbin_000071/CI2_MAGScoT_cleanbin_000071.json	/scratch/users/snarayanasamy/phage_uv_treatment/output/PRJEB79569/annotation/bakta/CI2_MAGScoT_cleanbin_000071/CI2_MAGScoT_cleanbin_000071.gbff	/scratch/users/snarayanasamy/phage_uv_treatment/output/PRJEB79569/annotation/bakta/CI2_MAGScoT_cleanbin_000071/CI2_MAGScoT_cleanbin_000071.hypotheticals.tsv	/scratch/users/snarayanasamy/phage_uv_treatment/output/PRJEB79569/annotation/bakta/CI2_MAGScoT_cleanbin_000071/CI2_MAGScoT_cleanbin_000071.inference.tsv
CI2_MAGScoT_cleanbin_000076	/scratch/users/snarayanasamy/phage_uv_treatment/output/PRJEB79569/binning/dereplication/dereplicated_genomes/CI2_MAGScoT_cleanbin_000076.fasta	/scratch/users/snarayanasamy/phage_uv_treatment/output/PRJEB79569/annotation/bakta/CI2_MAGScoT_cleanbin_000076	/scratch/users/snarayanasamy/phage_uv_treatment/output/PRJEB79569/annotation/bakta/CI2_MAGScoT_cleanbin_000076/bakta.done	/scratch/users/snarayanasamy/phage_uv_treatment/output/PRJEB79569/annotation/bakta/CI2_MAGScoT_cleanbin_000076/CI2_MAGScoT_cleanbin_000076.gff3	/scratch/users/snarayanasamy/phage_uv_treatment/output/PRJEB79569/annotation/bakta/CI2_MAGScoT_cleanbin_000076/CI2_MAGScoT_cleanbin_000076.tsv	/scratch/users/snarayanasamy/phage_uv_treatment/output/PRJEB79569/annotation/bakta/CI2_MAGScoT_cleanbin_000076/CI2_MAGScoT_cleanbin_000076.faa	/scratch/users/snarayanasamy/phage_uv_treatment/output/PRJEB79569/annotation/bakta/CI2_MAGScoT_cleanbin_000076/CI2_MAGScoT_cleanbin_000076.ffn	/scratch/users/snarayanasamy/phage_uv_treatment/output/PRJEB79569/annotation/bakta/CI2_MAGScoT_cleanbin_000076/CI2_MAGScoT_cleanbin_000076.json	/scratch/users/snarayanasamy/phage_uv_treatment/output/PRJEB79569/annotation/bakta/CI2_MAGScoT_cleanbin_000076/CI2_MAGScoT_cleanbin_000076.gbff	/scratch/users/snarayanasamy/phage_uv_treatment/output/PRJEB79569/annotation/bakta/CI2_MAGScoT_cleanbin_000076/CI2_MAGScoT_cleanbin_000076.hypotheticals.tsv	/scratch/users/snarayanasamy/phage_uv_treatment/output/PRJEB79569/annotation/bakta/CI2_MAGScoT_cleanbin_000076/CI2_MAGScoT_cleanbin_000076.inference.tsv
CI3_MAGScoT_cleanbin_000003	/scratch/users/snarayanasamy/phage_uv_treatment/output/PRJEB79569/binning/dereplication/dereplicated_genomes/CI3_MAGScoT_cleanbin_000003.fasta	/scratch/users/snarayanasamy/phage_uv_treatment/output/PRJEB79569/annotation/bakta/CI3_MAGScoT_cleanbin_000003	/scratch/users/snarayanasamy/phage_uv_treatment/output/PRJEB79569/annotation/bakta/CI3_MAGScoT_cleanbin_000003/bakta.done	/scratch/users/snarayanasamy/phage_uv_treatment/output/PRJEB79569/annotation/bakta/CI3_MAGScoT_cleanbin_000003/CI3_MAGScoT_cleanbin_000003.gff3	/scratch/users/snarayanasamy/phage_uv_treatment/output/PRJEB79569/annotation/bakta/CI3_MAGScoT_cleanbin_000003/CI3_MAGScoT_cleanbin_000003.tsv	/scratch/users/snarayanasamy/phage_uv_treatment/output/PRJEB79569/annotation/bakta/CI3_MAGScoT_cleanbin_000003/CI3_MAGScoT_cleanbin_000003.faa	/scratch/users/snarayanasamy/phage_uv_treatment/output/PRJEB79569/annotation/bakta/CI3_MAGScoT_cleanbin_000003/CI3_MAGScoT_cleanbin_000003.ffn	/scratch/users/snarayanasamy/phage_uv_treatment/output/PRJEB79569/annotation/bakta/CI3_MAGScoT_cleanbin_000003/CI3_MAGScoT_cleanbin_000003.json	/scratch/users/snarayanasamy/phage_uv_treatment/output/PRJEB79569/annotation/bakta/CI3_MAGScoT_cleanbin_000003/CI3_MAGScoT_cleanbin_000003.gbff	/scratch/users/snarayanasamy/phage_uv_treatment/output/PRJEB79569/annotation/bakta/CI3_MAGScoT_cleanbin_000003/CI3_MAGScoT_cleanbin_000003.hypotheticals.tsv	/scratch/users/snarayanasamy/phage_uv_treatment/output/PRJEB79569/annotation/bakta/CI3_MAGScoT_cleanbin_000003/CI3_MAGScoT_cleanbin_000003.inference.tsv
CI3_MAGScoT_cleanbin_000005	/scratch/users/snarayanasamy/phage_uv_treatment/output/PRJEB79569/binning/dereplication/dereplicated_genomes/CI3_MAGScoT_cleanbin_000005.fasta	/scratch/users/snarayanasamy/phage_uv_treatment/output/PRJEB79569/annotation/bakta/CI3_MAGScoT_cleanbin_000005	/scratch/users/snarayanasamy/phage_uv_treatment/output/PRJEB79569/annotation/bakta/CI3_MAGScoT_cleanbin_000005/bakta.done	/scratch/users/snarayanasamy/phage_uv_treatment/output/PRJEB79569/annotation/bakta/CI3_MAGScoT_cleanbin_000005/CI3_MAGScoT_cleanbin_000005.gff3	/scratch/users/snarayanasamy/phage_uv_treatment/output/PRJEB79569/annotation/bakta/CI3_MAGScoT_cleanbin_000005/CI3_MAGScoT_cleanbin_000005.tsv	/scratch/users/snarayanasamy/phage_uv_treatment/output/PRJEB79569/annotation/bakta/CI3_MAGScoT_cleanbin_000005/CI3_MAGScoT_cleanbin_000005.faa	/scratch/users/snarayanasamy/phage_uv_treatment/output/PRJEB79569/annotation/bakta/CI3_MAGScoT_cleanbin_000005/CI3_MAGScoT_cleanbin_000005.ffn	/scratch/users/snarayanasamy/phage_uv_treatment/output/PRJEB79569/annotation/bakta/CI3_MAGScoT_cleanbin_000005/CI3_MAGScoT_cleanbin_000005.json	/scratch/users/snarayanasamy/phage_uv_treatment/output/PRJEB79569/annotation/bakta/CI3_MAGScoT_cleanbin_000005/CI3_MAGScoT_cleanbin_000005.gbff	/scratch/users/snarayanasamy/phage_uv_treatment/output/PRJEB79569/annotation/bakta/CI3_MAGScoT_cleanbin_000005/CI3_MAGScoT_cleanbin_000005.hypotheticals.tsv	/scratch/users/snarayanasamy/phage_uv_treatment/output/PRJEB79569/annotation/bakta/CI3_MAGScoT_cleanbin_000005/CI3_MAGScoT_cleanbin_000005.inference.tsv
CI3_MAGScoT_cleanbin_000009	/scratch/users/snarayanasamy/phage_uv_treatment/output/PRJEB79569/binning/dereplication/dereplicated_genomes/CI3_MAGScoT_cleanbin_000009.fasta	/scratch/users/snarayanasamy/phage_uv_treatment/output/PRJEB79569/annotation/bakta/CI3_MAGScoT_cleanbin_000009	/scratch/users/snarayanasamy/phage_uv_treatment/output/PRJEB79569/annotation/bakta/CI3_MAGScoT_cleanbin_000009/bakta.done	/scratch/users/snarayanasamy/phage_uv_treatment/output/PRJEB79569/annotation/bakta/CI3_MAGScoT_cleanbin_000009/CI3_MAGScoT_cleanbin_000009.gff3	/scratch/users/snarayanasamy/phage_uv_treatment/output/PRJEB79569/annotation/bakta/CI3_MAGScoT_cleanbin_000009/CI3_MAGScoT_cleanbin_000009.tsv	/scratch/users/snarayanasamy/phage_uv_treatment/output/PRJEB79569/annotation/bakta/CI3_MAGScoT_cleanbin_000009/CI3_MAGScoT_cleanbin_000009.faa	/scratch/users/snarayanasamy/phage_uv_treatment/output/PRJEB79569/annotation/bakta/CI3_MAGScoT_cleanbin_000009/CI3_MAGScoT_cleanbin_000009.ffn	/scratch/users/snarayanasamy/phage_uv_treatment/output/PRJEB79569/annotation/bakta/CI3_MAGScoT_cleanbin_000009/CI3_MAGScoT_cleanbin_000009.json	/scratch/users/snarayanasamy/phage_uv_treatment/output/PRJEB79569/annotation/bakta/CI3_MAGScoT_cleanbin_000009/CI3_MAGScoT_cleanbin_000009.gbff	/scratch/users/snarayanasamy/phage_uv_treatment/output/PRJEB79569/annotation/bakta/CI3_MAGScoT_cleanbin_000009/CI3_MAGScoT_cleanbin_000009.hypotheticals.tsv	/scratch/users/snarayanasamy/phage_uv_treatment/output/PRJEB79569/annotation/bakta/CI3_MAGScoT_cleanbin_000009/CI3_MAGScoT_cleanbin_000009.inference.tsv
CI3_MAGScoT_cleanbin_000010	/scratch/users/snarayanasamy/phage_uv_treatment/output/PRJEB79569/binning/dereplication/dereplicated_genomes/CI3_MAGScoT_cleanbin_000010.fasta	/scratch/users/snarayanasamy/phage_uv_treatment/output/PRJEB79569/annotation/bakta/CI3_MAGScoT_cleanbin_000010	/scratch/users/snarayanasamy/phage_uv_treatment/output/PRJEB79569/annotation/bakta/CI3_MAGScoT_cleanbin_000010/bakta.done	/scratch/users/snarayanasamy/phage_uv_treatment/output/PRJEB79569/annotation/bakta/CI3_MAGScoT_cleanbin_000010/CI3_MAGScoT_cleanbin_000010.gff3	/scratch/users/snarayanasamy/phage_uv_treatment/output/PRJEB79569/annotation/bakta/CI3_MAGScoT_cleanbin_000010/CI3_MAGScoT_cleanbin_000010.tsv	/scratch/users/snarayanasamy/phage_uv_treatment/output/PRJEB79569/annotation/bakta/CI3_MAGScoT_cleanbin_000010/CI3_MAGScoT_cleanbin_000010.faa	/scratch/users/snarayanasamy/phage_uv_treatment/output/PRJEB79569/annotation/bakta/CI3_MAGScoT_cleanbin_000010/CI3_MAGScoT_cleanbin_000010.ffn	/scratch/users/snarayanasamy/phage_uv_treatment/output/PRJEB79569/annotation/bakta/CI3_MAGScoT_cleanbin_000010/CI3_MAGScoT_cleanbin_000010.json	/scratch/users/snarayanasamy/phage_uv_treatment/output/PRJEB79569/annotation/bakta/CI3_MAGScoT_cleanbin_000010/CI3_MAGScoT_cleanbin_000010.gbff	/scratch/users/snarayanasamy/phage_uv_treatment/output/PRJEB79569/annotation/bakta/CI3_MAGScoT_cleanbin_000010/CI3_MAGScoT_cleanbin_000010.hypotheticals.tsv	/scratch/users/snarayanasamy/phage_uv_treatment/output/PRJEB79569/annotation/bakta/CI3_MAGScoT_cleanbin_000010/CI3_MAGScoT_cleanbin_000010.inference.tsv
CI3_MAGScoT_cleanbin_000011	/scratch/users/snarayanasamy/phage_uv_treatment/output/PRJEB79569/binning/dereplication/dereplicated_genomes/CI3_MAGScoT_cleanbin_000011.fasta	/scratch/users/snarayanasamy/phage_uv_treatment/output/PRJEB79569/annotation/bakta/CI3_MAGScoT_cleanbin_000011	/scratch/users/snarayanasamy/phage_uv_treatment/output/PRJEB79569/annotation/bakta/CI3_MAGScoT_cleanbin_000011/bakta.done	/scratch/users/snarayanasamy/phage_uv_treatment/output/PRJEB79569/annotation/bakta/CI3_MAGScoT_cleanbin_000011/CI3_MAGScoT_cleanbin_000011.gff3	/scratch/users/snarayanasamy/phage_uv_treatment/output/PRJEB79569/annotation/bakta/CI3_MAGScoT_cleanbin_000011/CI3_MAGScoT_cleanbin_000011.tsv	/scratch/users/snarayanasamy/phage_uv_treatment/output/PRJEB79569/annotation/bakta/CI3_MAGScoT_cleanbin_000011/CI3_MAGScoT_cleanbin_000011.faa	/scratch/users/snarayanasamy/phage_uv_treatment/output/PRJEB79569/annotation/bakta/CI3_MAGScoT_cleanbin_000011/CI3_MAGScoT_cleanbin_000011.ffn	/scratch/users/snarayanasamy/phage_uv_treatment/output/PRJEB79569/annotation/bakta/CI3_MAGScoT_cleanbin_000011/CI3_MAGScoT_cleanbin_000011.json	/scratch/users/snarayanasamy/phage_uv_treatment/output/PRJEB79569/annotation/bakta/CI3_MAGScoT_cleanbin_000011/CI3_MAGScoT_cleanbin_000011.gbff	/scratch/users/snarayanasamy/phage_uv_treatment/output/PRJEB79569/annotation/bakta/CI3_MAGScoT_cleanbin_000011/CI3_MAGScoT_cleanbin_000011.hypotheticals.tsv	/scratch/users/snarayanasamy/phage_uv_treatment/output/PRJEB79569/annotation/bakta/CI3_MAGScoT_cleanbin_000011/CI3_MAGScoT_cleanbin_000011.inference.tsv
CI3_MAGScoT_cleanbin_000013	/scratch/users/snarayanasamy/phage_uv_treatment/output/PRJEB79569/binning/dereplication/dereplicated_genomes/CI3_MAGScoT_cleanbin_000013.fasta	/scratch/users/snarayanasamy/phage_uv_treatment/output/PRJEB79569/annotation/bakta/CI3_MAGScoT_cleanbin_000013	/scratch/users/snarayanasamy/phage_uv_treatment/output/PRJEB79569/annotation/bakta/CI3_MAGScoT_cleanbin_000013/bakta.done	/scratch/users/snarayanasamy/phage_uv_treatment/output/PRJEB79569/annotation/bakta/CI3_MAGScoT_cleanbin_000013/CI3_MAGScoT_cleanbin_000013.gff3	/scratch/users/snarayanasamy/phage_uv_treatment/output/PRJEB79569/annotation/bakta/CI3_MAGScoT_cleanbin_000013/CI3_MAGScoT_cleanbin_000013.tsv	/scratch/users/snarayanasamy/phage_uv_treatment/output/PRJEB79569/annotation/bakta/CI3_MAGScoT_cleanbin_000013/CI3_MAGScoT_cleanbin_000013.faa	/scratch/users/snarayanasamy/phage_uv_treatment/output/PRJEB79569/annotation/bakta/CI3_MAGScoT_cleanbin_000013/CI3_MAGScoT_cleanbin_000013.ffn	/scratch/users/snarayanasamy/phage_uv_treatment/output/PRJEB79569/annotation/bakta/CI3_MAGScoT_cleanbin_000013/CI3_MAGScoT_cleanbin_000013.json	/scratch/users/snarayanasamy/phage_uv_treatment/output/PRJEB79569/annotation/bakta/CI3_MAGScoT_cleanbin_000013/CI3_MAGScoT_cleanbin_000013.gbff	/scratch/users/snarayanasamy/phage_uv_treatment/output/PRJEB79569/annotation/bakta/CI3_MAGScoT_cleanbin_000013/CI3_MAGScoT_cleanbin_000013.hypotheticals.tsv	/scratch/users/snarayanasamy/phage_uv_treatment/output/PRJEB79569/annotation/bakta/CI3_MAGScoT_cleanbin_000013/CI3_MAGScoT_cleanbin_000013.inference.tsv
CI3_MAGScoT_cleanbin_000015	/scratch/users/snarayanasamy/phage_uv_treatment/output/PRJEB79569/binning/dereplication/dereplicated_genomes/CI3_MAGScoT_cleanbin_000015.fasta	/scratch/users/snarayanasamy/phage_uv_treatment/output/PRJEB79569/annotation/bakta/CI3_MAGScoT_cleanbin_000015	/scratch/users/snarayanasamy/phage_uv_treatment/output/PRJEB79569/annotation/bakta/CI3_MAGScoT_cleanbin_000015/bakta.done	/scratch/users/snarayanasamy/phage_uv_treatment/output/PRJEB79569/annotation/bakta/CI3_MAGScoT_cleanbin_000015/CI3_MAGScoT_cleanbin_000015.gff3	/scratch/users/snarayanasamy/phage_uv_treatment/output/PRJEB79569/annotation/bakta/CI3_MAGScoT_cleanbin_000015/CI3_MAGScoT_cleanbin_000015.tsv	/scratch/users/snarayanasamy/phage_uv_treatment/output/PRJEB79569/annotation/bakta/CI3_MAGScoT_cleanbin_000015/CI3_MAGScoT_cleanbin_000015.faa	/scratch/users/snarayanasamy/phage_uv_treatment/output/PRJEB79569/annotation/bakta/CI3_MAGScoT_cleanbin_000015/CI3_MAGScoT_cleanbin_000015.ffn	/scratch/users/snarayanasamy/phage_uv_treatment/output/PRJEB79569/annotation/bakta/CI3_MAGScoT_cleanbin_000015/CI3_MAGScoT_cleanbin_000015.json	/scratch/users/snarayanasamy/phage_uv_treatment/output/PRJEB79569/annotation/bakta/CI3_MAGScoT_cleanbin_000015/CI3_MAGScoT_cleanbin_000015.gbff	/scratch/users/snarayanasamy/phage_uv_treatment/output/PRJEB79569/annotation/bakta/CI3_MAGScoT_cleanbin_000015/CI3_MAGScoT_cleanbin_000015.hypotheticals.tsv	/scratch/users/snarayanasamy/phage_uv_treatment/output/PRJEB79569/annotation/bakta/CI3_MAGScoT_cleanbin_000015/CI3_MAGScoT_cleanbin_000015.inference.tsv
CI3_MAGScoT_cleanbin_000016	/scratch/users/snarayanasamy/phage_uv_treatment/output/PRJEB79569/binning/dereplication/dereplicated_genomes/CI3_MAGScoT_cleanbin_000016.fasta	/scratch/users/snarayanasamy/phage_uv_treatment/output/PRJEB79569/annotation/bakta/CI3_MAGScoT_cleanbin_000016	/scratch/users/snarayanasamy/phage_uv_treatment/output/PRJEB79569/annotation/bakta/CI3_MAGScoT_cleanbin_000016/bakta.done	/scratch/users/snarayanasamy/phage_uv_treatment/output/PRJEB79569/annotation/bakta/CI3_MAGScoT_cleanbin_000016/CI3_MAGScoT_cleanbin_000016.gff3	/scratch/users/snarayanasamy/phage_uv_treatment/output/PRJEB79569/annotation/bakta/CI3_MAGScoT_cleanbin_000016/CI3_MAGScoT_cleanbin_000016.tsv	/scratch/users/snarayanasamy/phage_uv_treatment/output/PRJEB79569/annotation/bakta/CI3_MAGScoT_cleanbin_000016/CI3_MAGScoT_cleanbin_000016.faa	/scratch/users/snarayanasamy/phage_uv_treatment/output/PRJEB79569/annotation/bakta/CI3_MAGScoT_cleanbin_000016/CI3_MAGScoT_cleanbin_000016.ffn	/scratch/users/snarayanasamy/phage_uv_treatment/output/PRJEB79569/annotation/bakta/CI3_MAGScoT_cleanbin_000016/CI3_MAGScoT_cleanbin_000016.json	/scratch/users/snarayanasamy/phage_uv_treatment/output/PRJEB79569/annotation/bakta/CI3_MAGScoT_cleanbin_000016/CI3_MAGScoT_cleanbin_000016.gbff	/scratch/users/snarayanasamy/phage_uv_treatment/output/PRJEB79569/annotation/bakta/CI3_MAGScoT_cleanbin_000016/CI3_MAGScoT_cleanbin_000016.hypotheticals.tsv	/scratch/users/snarayanasamy/phage_uv_treatment/output/PRJEB79569/annotation/bakta/CI3_MAGScoT_cleanbin_000016/CI3_MAGScoT_cleanbin_000016.inference.tsv
CI3_MAGScoT_cleanbin_000018	/scratch/users/snarayanasamy/phage_uv_treatment/output/PRJEB79569/binning/dereplication/dereplicated_genomes/CI3_MAGScoT_cleanbin_000018.fasta	/scratch/users/snarayanasamy/phage_uv_treatment/output/PRJEB79569/annotation/bakta/CI3_MAGScoT_cleanbin_000018	/scratch/users/snarayanasamy/phage_uv_treatment/output/PRJEB79569/annotation/bakta/CI3_MAGScoT_cleanbin_000018/bakta.done	/scratch/users/snarayanasamy/phage_uv_treatment/output/PRJEB79569/annotation/bakta/CI3_MAGScoT_cleanbin_000018/CI3_MAGScoT_cleanbin_000018.gff3	/scratch/users/snarayanasamy/phage_uv_treatment/output/PRJEB79569/annotation/bakta/CI3_MAGScoT_cleanbin_000018/CI3_MAGScoT_cleanbin_000018.tsv	/scratch/users/snarayanasamy/phage_uv_treatment/output/PRJEB79569/annotation/bakta/CI3_MAGScoT_cleanbin_000018/CI3_MAGScoT_cleanbin_000018.faa	/scratch/users/snarayanasamy/phage_uv_treatment/output/PRJEB79569/annotation/bakta/CI3_MAGScoT_cleanbin_000018/CI3_MAGScoT_cleanbin_000018.ffn	/scratch/users/snarayanasamy/phage_uv_treatment/output/PRJEB79569/annotation/bakta/CI3_MAGScoT_cleanbin_000018/CI3_MAGScoT_cleanbin_000018.json	/scratch/users/snarayanasamy/phage_uv_treatment/output/PRJEB79569/annotation/bakta/CI3_MAGScoT_cleanbin_000018/CI3_MAGScoT_cleanbin_000018.gbff	/scratch/users/snarayanasamy/phage_uv_treatment/output/PRJEB79569/annotation/bakta/CI3_MAGScoT_cleanbin_000018/CI3_MAGScoT_cleanbin_000018.hypotheticals.tsv	/scratch/users/snarayanasamy/phage_uv_treatment/output/PRJEB79569/annotation/bakta/CI3_MAGScoT_cleanbin_000018/CI3_MAGScoT_cleanbin_000018.inference.tsv
CI3_MAGScoT_cleanbin_000021	/scratch/users/snarayanasamy/phage_uv_treatment/output/PRJEB79569/binning/dereplication/dereplicated_genomes/CI3_MAGScoT_cleanbin_000021.fasta	/scratch/users/snarayanasamy/phage_uv_treatment/output/PRJEB79569/annotation/bakta/CI3_MAGScoT_cleanbin_000021	/scratch/users/snarayanasamy/phage_uv_treatment/output/PRJEB79569/annotation/bakta/CI3_MAGScoT_cleanbin_000021/bakta.done	/scratch/users/snarayanasamy/phage_uv_treatment/output/PRJEB79569/annotation/bakta/CI3_MAGScoT_cleanbin_000021/CI3_MAGScoT_cleanbin_000021.gff3	/scratch/users/snarayanasamy/phage_uv_treatment/output/PRJEB79569/annotation/bakta/CI3_MAGScoT_cleanbin_000021/CI3_MAGScoT_cleanbin_000021.tsv	/scratch/users/snarayanasamy/phage_uv_treatment/output/PRJEB79569/annotation/bakta/CI3_MAGScoT_cleanbin_000021/CI3_MAGScoT_cleanbin_000021.faa	/scratch/users/snarayanasamy/phage_uv_treatment/output/PRJEB79569/annotation/bakta/CI3_MAGScoT_cleanbin_000021/CI3_MAGScoT_cleanbin_000021.ffn	/scratch/users/snarayanasamy/phage_uv_treatment/output/PRJEB79569/annotation/bakta/CI3_MAGScoT_cleanbin_000021/CI3_MAGScoT_cleanbin_000021.json	/scratch/users/snarayanasamy/phage_uv_treatment/output/PRJEB79569/annotation/bakta/CI3_MAGScoT_cleanbin_000021/CI3_MAGScoT_cleanbin_000021.gbff	/scratch/users/snarayanasamy/phage_uv_treatment/output/PRJEB79569/annotation/bakta/CI3_MAGScoT_cleanbin_000021/CI3_MAGScoT_cleanbin_000021.hypotheticals.tsv	/scratch/users/snarayanasamy/phage_uv_treatment/output/PRJEB79569/annotation/bakta/CI3_MAGScoT_cleanbin_000021/CI3_MAGScoT_cleanbin_000021.inference.tsv
CI3_MAGScoT_cleanbin_000022	/scratch/users/snarayanasamy/phage_uv_treatment/output/PRJEB79569/binning/dereplication/dereplicated_genomes/CI3_MAGScoT_cleanbin_000022.fasta	/scratch/users/snarayanasamy/phage_uv_treatment/output/PRJEB79569/annotation/bakta/CI3_MAGScoT_cleanbin_000022	/scratch/users/snarayanasamy/phage_uv_treatment/output/PRJEB79569/annotation/bakta/CI3_MAGScoT_cleanbin_000022/bakta.done	/scratch/users/snarayanasamy/phage_uv_treatment/output/PRJEB79569/annotation/bakta/CI3_MAGScoT_cleanbin_000022/CI3_MAGScoT_cleanbin_000022.gff3	/scratch/users/snarayanasamy/phage_uv_treatment/output/PRJEB79569/annotation/bakta/CI3_MAGScoT_cleanbin_000022/CI3_MAGScoT_cleanbin_000022.tsv	/scratch/users/snarayanasamy/phage_uv_treatment/output/PRJEB79569/annotation/bakta/CI3_MAGScoT_cleanbin_000022/CI3_MAGScoT_cleanbin_000022.faa	/scratch/users/snarayanasamy/phage_uv_treatment/output/PRJEB79569/annotation/bakta/CI3_MAGScoT_cleanbin_000022/CI3_MAGScoT_cleanbin_000022.ffn	/scratch/users/snarayanasamy/phage_uv_treatment/output/PRJEB79569/annotation/bakta/CI3_MAGScoT_cleanbin_000022/CI3_MAGScoT_cleanbin_000022.json	/scratch/users/snarayanasamy/phage_uv_treatment/output/PRJEB79569/annotation/bakta/CI3_MAGScoT_cleanbin_000022/CI3_MAGScoT_cleanbin_000022.gbff	/scratch/users/snarayanasamy/phage_uv_treatment/output/PRJEB79569/annotation/bakta/CI3_MAGScoT_cleanbin_000022/CI3_MAGScoT_cleanbin_000022.hypotheticals.tsv	/scratch/users/snarayanasamy/phage_uv_treatment/output/PRJEB79569/annotation/bakta/CI3_MAGScoT_cleanbin_000022/CI3_MAGScoT_cleanbin_000022.inference.tsv
CI3_MAGScoT_cleanbin_000023	/scratch/users/snarayanasamy/phage_uv_treatment/output/PRJEB79569/binning/dereplication/dereplicated_genomes/CI3_MAGScoT_cleanbin_000023.fasta	/scratch/users/snarayanasamy/phage_uv_treatment/output/PRJEB79569/annotation/bakta/CI3_MAGScoT_cleanbin_000023	/scratch/users/snarayanasamy/phage_uv_treatment/output/PRJEB79569/annotation/bakta/CI3_MAGScoT_cleanbin_000023/bakta.done	/scratch/users/snarayanasamy/phage_uv_treatment/output/PRJEB79569/annotation/bakta/CI3_MAGScoT_cleanbin_000023/CI3_MAGScoT_cleanbin_000023.gff3	/scratch/users/snarayanasamy/phage_uv_treatment/output/PRJEB79569/annotation/bakta/CI3_MAGScoT_cleanbin_000023/CI3_MAGScoT_cleanbin_000023.tsv	/scratch/users/snarayanasamy/phage_uv_treatment/output/PRJEB79569/annotation/bakta/CI3_MAGScoT_cleanbin_000023/CI3_MAGScoT_cleanbin_000023.faa	/scratch/users/snarayanasamy/phage_uv_treatment/output/PRJEB79569/annotation/bakta/CI3_MAGScoT_cleanbin_000023/CI3_MAGScoT_cleanbin_000023.ffn	/scratch/users/snarayanasamy/phage_uv_treatment/output/PRJEB79569/annotation/bakta/CI3_MAGScoT_cleanbin_000023/CI3_MAGScoT_cleanbin_000023.json	/scratch/users/snarayanasamy/phage_uv_treatment/output/PRJEB79569/annotation/bakta/CI3_MAGScoT_cleanbin_000023/CI3_MAGScoT_cleanbin_000023.gbff	/scratch/users/snarayanasamy/phage_uv_treatment/output/PRJEB79569/annotation/bakta/CI3_MAGScoT_cleanbin_000023/CI3_MAGScoT_cleanbin_000023.hypotheticals.tsv	/scratch/users/snarayanasamy/phage_uv_treatment/output/PRJEB79569/annotation/bakta/CI3_MAGScoT_cleanbin_000023/CI3_MAGScoT_cleanbin_000023.inference.tsv
CI3_MAGScoT_cleanbin_000025	/scratch/users/snarayanasamy/phage_uv_treatment/output/PRJEB79569/binning/dereplication/dereplicated_genomes/CI3_MAGScoT_cleanbin_000025.fasta	/scratch/users/snarayanasamy/phage_uv_treatment/output/PRJEB79569/annotation/bakta/CI3_MAGScoT_cleanbin_000025	/scratch/users/snarayanasamy/phage_uv_treatment/output/PRJEB79569/annotation/bakta/CI3_MAGScoT_cleanbin_000025/bakta.done	/scratch/users/snarayanasamy/phage_uv_treatment/output/PRJEB79569/annotation/bakta/CI3_MAGScoT_cleanbin_000025/CI3_MAGScoT_cleanbin_000025.gff3	/scratch/users/snarayanasamy/phage_uv_treatment/output/PRJEB79569/annotation/bakta/CI3_MAGScoT_cleanbin_000025/CI3_MAGScoT_cleanbin_000025.tsv	/scratch/users/snarayanasamy/phage_uv_treatment/output/PRJEB79569/annotation/bakta/CI3_MAGScoT_cleanbin_000025/CI3_MAGScoT_cleanbin_000025.faa	/scratch/users/snarayanasamy/phage_uv_treatment/output/PRJEB79569/annotation/bakta/CI3_MAGScoT_cleanbin_000025/CI3_MAGScoT_cleanbin_000025.ffn	/scratch/users/snarayanasamy/phage_uv_treatment/output/PRJEB79569/annotation/bakta/CI3_MAGScoT_cleanbin_000025/CI3_MAGScoT_cleanbin_000025.json	/scratch/users/snarayanasamy/phage_uv_treatment/output/PRJEB79569/annotation/bakta/CI3_MAGScoT_cleanbin_000025/CI3_MAGScoT_cleanbin_000025.gbff	/scratch/users/snarayanasamy/phage_uv_treatment/output/PRJEB79569/annotation/bakta/CI3_MAGScoT_cleanbin_000025/CI3_MAGScoT_cleanbin_000025.hypotheticals.tsv	/scratch/users/snarayanasamy/phage_uv_treatment/output/PRJEB79569/annotation/bakta/CI3_MAGScoT_cleanbin_000025/CI3_MAGScoT_cleanbin_000025.inference.tsv
CI3_MAGScoT_cleanbin_000027	/scratch/users/snarayanasamy/phage_uv_treatment/output/PRJEB79569/binning/dereplication/dereplicated_genomes/CI3_MAGScoT_cleanbin_000027.fasta	/scratch/users/snarayanasamy/phage_uv_treatment/output/PRJEB79569/annotation/bakta/CI3_MAGScoT_cleanbin_000027	/scratch/users/snarayanasamy/phage_uv_treatment/output/PRJEB79569/annotation/bakta/CI3_MAGScoT_cleanbin_000027/bakta.done	/scratch/users/snarayanasamy/phage_uv_treatment/output/PRJEB79569/annotation/bakta/CI3_MAGScoT_cleanbin_000027/CI3_MAGScoT_cleanbin_000027.gff3	/scratch/users/snarayanasamy/phage_uv_treatment/output/PRJEB79569/annotation/bakta/CI3_MAGScoT_cleanbin_000027/CI3_MAGScoT_cleanbin_000027.tsv	/scratch/users/snarayanasamy/phage_uv_treatment/output/PRJEB79569/annotation/bakta/CI3_MAGScoT_cleanbin_000027/CI3_MAGScoT_cleanbin_000027.faa	/scratch/users/snarayanasamy/phage_uv_treatment/output/PRJEB79569/annotation/bakta/CI3_MAGScoT_cleanbin_000027/CI3_MAGScoT_cleanbin_000027.ffn	/scratch/users/snarayanasamy/phage_uv_treatment/output/PRJEB79569/annotation/bakta/CI3_MAGScoT_cleanbin_000027/CI3_MAGScoT_cleanbin_000027.json	/scratch/users/snarayanasamy/phage_uv_treatment/output/PRJEB79569/annotation/bakta/CI3_MAGScoT_cleanbin_000027/CI3_MAGScoT_cleanbin_000027.gbff	/scratch/users/snarayanasamy/phage_uv_treatment/output/PRJEB79569/annotation/bakta/CI3_MAGScoT_cleanbin_000027/CI3_MAGScoT_cleanbin_000027.hypotheticals.tsv	/scratch/users/snarayanasamy/phage_uv_treatment/output/PRJEB79569/annotation/bakta/CI3_MAGScoT_cleanbin_000027/CI3_MAGScoT_cleanbin_000027.inference.tsv
CI3_MAGScoT_cleanbin_000032	/scratch/users/snarayanasamy/phage_uv_treatment/output/PRJEB79569/binning/dereplication/dereplicated_genomes/CI3_MAGScoT_cleanbin_000032.fasta	/scratch/users/snarayanasamy/phage_uv_treatment/output/PRJEB79569/annotation/bakta/CI3_MAGScoT_cleanbin_000032	/scratch/users/snarayanasamy/phage_uv_treatment/output/PRJEB79569/annotation/bakta/CI3_MAGScoT_cleanbin_000032/bakta.done	/scratch/users/snarayanasamy/phage_uv_treatment/output/PRJEB79569/annotation/bakta/CI3_MAGScoT_cleanbin_000032/CI3_MAGScoT_cleanbin_000032.gff3	/scratch/users/snarayanasamy/phage_uv_treatment/output/PRJEB79569/annotation/bakta/CI3_MAGScoT_cleanbin_000032/CI3_MAGScoT_cleanbin_000032.tsv	/scratch/users/snarayanasamy/phage_uv_treatment/output/PRJEB79569/annotation/bakta/CI3_MAGScoT_cleanbin_000032/CI3_MAGScoT_cleanbin_000032.faa	/scratch/users/snarayanasamy/phage_uv_treatment/output/PRJEB79569/annotation/bakta/CI3_MAGScoT_cleanbin_000032/CI3_MAGScoT_cleanbin_000032.ffn	/scratch/users/snarayanasamy/phage_uv_treatment/output/PRJEB79569/annotation/bakta/CI3_MAGScoT_cleanbin_000032/CI3_MAGScoT_cleanbin_000032.json	/scratch/users/snarayanasamy/phage_uv_treatment/output/PRJEB79569/annotation/bakta/CI3_MAGScoT_cleanbin_000032/CI3_MAGScoT_cleanbin_000032.gbff	/scratch/users/snarayanasamy/phage_uv_treatment/output/PRJEB79569/annotation/bakta/CI3_MAGScoT_cleanbin_000032/CI3_MAGScoT_cleanbin_000032.hypotheticals.tsv	/scratch/users/snarayanasamy/phage_uv_treatment/output/PRJEB79569/annotation/bakta/CI3_MAGScoT_cleanbin_000032/CI3_MAGScoT_cleanbin_000032.inference.tsv
CI3_MAGScoT_cleanbin_000034	/scratch/users/snarayanasamy/phage_uv_treatment/output/PRJEB79569/binning/dereplication/dereplicated_genomes/CI3_MAGScoT_cleanbin_000034.fasta	/scratch/users/snarayanasamy/phage_uv_treatment/output/PRJEB79569/annotation/bakta/CI3_MAGScoT_cleanbin_000034	/scratch/users/snarayanasamy/phage_uv_treatment/output/PRJEB79569/annotation/bakta/CI3_MAGScoT_cleanbin_000034/bakta.done	/scratch/users/snarayanasamy/phage_uv_treatment/output/PRJEB79569/annotation/bakta/CI3_MAGScoT_cleanbin_000034/CI3_MAGScoT_cleanbin_000034.gff3	/scratch/users/snarayanasamy/phage_uv_treatment/output/PRJEB79569/annotation/bakta/CI3_MAGScoT_cleanbin_000034/CI3_MAGScoT_cleanbin_000034.tsv	/scratch/users/snarayanasamy/phage_uv_treatment/output/PRJEB79569/annotation/bakta/CI3_MAGScoT_cleanbin_000034/CI3_MAGScoT_cleanbin_000034.faa	/scratch/users/snarayanasamy/phage_uv_treatment/output/PRJEB79569/annotation/bakta/CI3_MAGScoT_cleanbin_000034/CI3_MAGScoT_cleanbin_000034.ffn	/scratch/users/snarayanasamy/phage_uv_treatment/output/PRJEB79569/annotation/bakta/CI3_MAGScoT_cleanbin_000034/CI3_MAGScoT_cleanbin_000034.json	/scratch/users/snarayanasamy/phage_uv_treatment/output/PRJEB79569/annotation/bakta/CI3_MAGScoT_cleanbin_000034/CI3_MAGScoT_cleanbin_000034.gbff	/scratch/users/snarayanasamy/phage_uv_treatment/output/PRJEB79569/annotation/bakta/CI3_MAGScoT_cleanbin_000034/CI3_MAGScoT_cleanbin_000034.hypotheticals.tsv	/scratch/users/snarayanasamy/phage_uv_treatment/output/PRJEB79569/annotation/bakta/CI3_MAGScoT_cleanbin_000034/CI3_MAGScoT_cleanbin_000034.inference.tsv
CI3_MAGScoT_cleanbin_000040	/scratch/users/snarayanasamy/phage_uv_treatment/output/PRJEB79569/binning/dereplication/dereplicated_genomes/CI3_MAGScoT_cleanbin_000040.fasta	/scratch/users/snarayanasamy/phage_uv_treatment/output/PRJEB79569/annotation/bakta/CI3_MAGScoT_cleanbin_000040	/scratch/users/snarayanasamy/phage_uv_treatment/output/PRJEB79569/annotation/bakta/CI3_MAGScoT_cleanbin_000040/bakta.done	/scratch/users/snarayanasamy/phage_uv_treatment/output/PRJEB79569/annotation/bakta/CI3_MAGScoT_cleanbin_000040/CI3_MAGScoT_cleanbin_000040.gff3	/scratch/users/snarayanasamy/phage_uv_treatment/output/PRJEB79569/annotation/bakta/CI3_MAGScoT_cleanbin_000040/CI3_MAGScoT_cleanbin_000040.tsv	/scratch/users/snarayanasamy/phage_uv_treatment/output/PRJEB79569/annotation/bakta/CI3_MAGScoT_cleanbin_000040/CI3_MAGScoT_cleanbin_000040.faa	/scratch/users/snarayanasamy/phage_uv_treatment/output/PRJEB79569/annotation/bakta/CI3_MAGScoT_cleanbin_000040/CI3_MAGScoT_cleanbin_000040.ffn	/scratch/users/snarayanasamy/phage_uv_treatment/output/PRJEB79569/annotation/bakta/CI3_MAGScoT_cleanbin_000040/CI3_MAGScoT_cleanbin_000040.json	/scratch/users/snarayanasamy/phage_uv_treatment/output/PRJEB79569/annotation/bakta/CI3_MAGScoT_cleanbin_000040/CI3_MAGScoT_cleanbin_000040.gbff	/scratch/users/snarayanasamy/phage_uv_treatment/output/PRJEB79569/annotation/bakta/CI3_MAGScoT_cleanbin_000040/CI3_MAGScoT_cleanbin_000040.hypotheticals.tsv	/scratch/users/snarayanasamy/phage_uv_treatment/output/PRJEB79569/annotation/bakta/CI3_MAGScoT_cleanbin_000040/CI3_MAGScoT_cleanbin_000040.inference.tsv
CI3_MAGScoT_cleanbin_000045	/scratch/users/snarayanasamy/phage_uv_treatment/output/PRJEB79569/binning/dereplication/dereplicated_genomes/CI3_MAGScoT_cleanbin_000045.fasta	/scratch/users/snarayanasamy/phage_uv_treatment/output/PRJEB79569/annotation/bakta/CI3_MAGScoT_cleanbin_000045	/scratch/users/snarayanasamy/phage_uv_treatment/output/PRJEB79569/annotation/bakta/CI3_MAGScoT_cleanbin_000045/bakta.done	/scratch/users/snarayanasamy/phage_uv_treatment/output/PRJEB79569/annotation/bakta/CI3_MAGScoT_cleanbin_000045/CI3_MAGScoT_cleanbin_000045.gff3	/scratch/users/snarayanasamy/phage_uv_treatment/output/PRJEB79569/annotation/bakta/CI3_MAGScoT_cleanbin_000045/CI3_MAGScoT_cleanbin_000045.tsv	/scratch/users/snarayanasamy/phage_uv_treatment/output/PRJEB79569/annotation/bakta/CI3_MAGScoT_cleanbin_000045/CI3_MAGScoT_cleanbin_000045.faa	/scratch/users/snarayanasamy/phage_uv_treatment/output/PRJEB79569/annotation/bakta/CI3_MAGScoT_cleanbin_000045/CI3_MAGScoT_cleanbin_000045.ffn	/scratch/users/snarayanasamy/phage_uv_treatment/output/PRJEB79569/annotation/bakta/CI3_MAGScoT_cleanbin_000045/CI3_MAGScoT_cleanbin_000045.json	/scratch/users/snarayanasamy/phage_uv_treatment/output/PRJEB79569/annotation/bakta/CI3_MAGScoT_cleanbin_000045/CI3_MAGScoT_cleanbin_000045.gbff	/scratch/users/snarayanasamy/phage_uv_treatment/output/PRJEB79569/annotation/bakta/CI3_MAGScoT_cleanbin_000045/CI3_MAGScoT_cleanbin_000045.hypotheticals.tsv	/scratch/users/snarayanasamy/phage_uv_treatment/output/PRJEB79569/annotation/bakta/CI3_MAGScoT_cleanbin_000045/CI3_MAGScoT_cleanbin_000045.inference.tsv
CI3_MAGScoT_cleanbin_000049	/scratch/users/snarayanasamy/phage_uv_treatment/output/PRJEB79569/binning/dereplication/dereplicated_genomes/CI3_MAGScoT_cleanbin_000049.fasta	/scratch/users/snarayanasamy/phage_uv_treatment/output/PRJEB79569/annotation/bakta/CI3_MAGScoT_cleanbin_000049	/scratch/users/snarayanasamy/phage_uv_treatment/output/PRJEB79569/annotation/bakta/CI3_MAGScoT_cleanbin_000049/bakta.done	/scratch/users/snarayanasamy/phage_uv_treatment/output/PRJEB79569/annotation/bakta/CI3_MAGScoT_cleanbin_000049/CI3_MAGScoT_cleanbin_000049.gff3	/scratch/users/snarayanasamy/phage_uv_treatment/output/PRJEB79569/annotation/bakta/CI3_MAGScoT_cleanbin_000049/CI3_MAGScoT_cleanbin_000049.tsv	/scratch/users/snarayanasamy/phage_uv_treatment/output/PRJEB79569/annotation/bakta/CI3_MAGScoT_cleanbin_000049/CI3_MAGScoT_cleanbin_000049.faa	/scratch/users/snarayanasamy/phage_uv_treatment/output/PRJEB79569/annotation/bakta/CI3_MAGScoT_cleanbin_000049/CI3_MAGScoT_cleanbin_000049.ffn	/scratch/users/snarayanasamy/phage_uv_treatment/output/PRJEB79569/annotation/bakta/CI3_MAGScoT_cleanbin_000049/CI3_MAGScoT_cleanbin_000049.json	/scratch/users/snarayanasamy/phage_uv_treatment/output/PRJEB79569/annotation/bakta/CI3_MAGScoT_cleanbin_000049/CI3_MAGScoT_cleanbin_000049.gbff	/scratch/users/snarayanasamy/phage_uv_treatment/output/PRJEB79569/annotation/bakta/CI3_MAGScoT_cleanbin_000049/CI3_MAGScoT_cleanbin_000049.hypotheticals.tsv	/scratch/users/snarayanasamy/phage_uv_treatment/output/PRJEB79569/annotation/bakta/CI3_MAGScoT_cleanbin_000049/CI3_MAGScoT_cleanbin_000049.inference.tsv
CI3_MAGScoT_cleanbin_000054	/scratch/users/snarayanasamy/phage_uv_treatment/output/PRJEB79569/binning/dereplication/dereplicated_genomes/CI3_MAGScoT_cleanbin_000054.fasta	/scratch/users/snarayanasamy/phage_uv_treatment/output/PRJEB79569/annotation/bakta/CI3_MAGScoT_cleanbin_000054	/scratch/users/snarayanasamy/phage_uv_treatment/output/PRJEB79569/annotation/bakta/CI3_MAGScoT_cleanbin_000054/bakta.done	/scratch/users/snarayanasamy/phage_uv_treatment/output/PRJEB79569/annotation/bakta/CI3_MAGScoT_cleanbin_000054/CI3_MAGScoT_cleanbin_000054.gff3	/scratch/users/snarayanasamy/phage_uv_treatment/output/PRJEB79569/annotation/bakta/CI3_MAGScoT_cleanbin_000054/CI3_MAGScoT_cleanbin_000054.tsv	/scratch/users/snarayanasamy/phage_uv_treatment/output/PRJEB79569/annotation/bakta/CI3_MAGScoT_cleanbin_000054/CI3_MAGScoT_cleanbin_000054.faa	/scratch/users/snarayanasamy/phage_uv_treatment/output/PRJEB79569/annotation/bakta/CI3_MAGScoT_cleanbin_000054/CI3_MAGScoT_cleanbin_000054.ffn	/scratch/users/snarayanasamy/phage_uv_treatment/output/PRJEB79569/annotation/bakta/CI3_MAGScoT_cleanbin_000054/CI3_MAGScoT_cleanbin_000054.json	/scratch/users/snarayanasamy/phage_uv_treatment/output/PRJEB79569/annotation/bakta/CI3_MAGScoT_cleanbin_000054/CI3_MAGScoT_cleanbin_000054.gbff	/scratch/users/snarayanasamy/phage_uv_treatment/output/PRJEB79569/annotation/bakta/CI3_MAGScoT_cleanbin_000054/CI3_MAGScoT_cleanbin_000054.hypotheticals.tsv	/scratch/users/snarayanasamy/phage_uv_treatment/output/PRJEB79569/annotation/bakta/CI3_MAGScoT_cleanbin_000054/CI3_MAGScoT_cleanbin_000054.inference.tsv
CI3_MAGScoT_cleanbin_000056	/scratch/users/snarayanasamy/phage_uv_treatment/output/PRJEB79569/binning/dereplication/dereplicated_genomes/CI3_MAGScoT_cleanbin_000056.fasta	/scratch/users/snarayanasamy/phage_uv_treatment/output/PRJEB79569/annotation/bakta/CI3_MAGScoT_cleanbin_000056	/scratch/users/snarayanasamy/phage_uv_treatment/output/PRJEB79569/annotation/bakta/CI3_MAGScoT_cleanbin_000056/bakta.done	/scratch/users/snarayanasamy/phage_uv_treatment/output/PRJEB79569/annotation/bakta/CI3_MAGScoT_cleanbin_000056/CI3_MAGScoT_cleanbin_000056.gff3	/scratch/users/snarayanasamy/phage_uv_treatment/output/PRJEB79569/annotation/bakta/CI3_MAGScoT_cleanbin_000056/CI3_MAGScoT_cleanbin_000056.tsv	/scratch/users/snarayanasamy/phage_uv_treatment/output/PRJEB79569/annotation/bakta/CI3_MAGScoT_cleanbin_000056/CI3_MAGScoT_cleanbin_000056.faa	/scratch/users/snarayanasamy/phage_uv_treatment/output/PRJEB79569/annotation/bakta/CI3_MAGScoT_cleanbin_000056/CI3_MAGScoT_cleanbin_000056.ffn	/scratch/users/snarayanasamy/phage_uv_treatment/output/PRJEB79569/annotation/bakta/CI3_MAGScoT_cleanbin_000056/CI3_MAGScoT_cleanbin_000056.json	/scratch/users/snarayanasamy/phage_uv_treatment/output/PRJEB79569/annotation/bakta/CI3_MAGScoT_cleanbin_000056/CI3_MAGScoT_cleanbin_000056.gbff	/scratch/users/snarayanasamy/phage_uv_treatment/output/PRJEB79569/annotation/bakta/CI3_MAGScoT_cleanbin_000056/CI3_MAGScoT_cleanbin_000056.hypotheticals.tsv	/scratch/users/snarayanasamy/phage_uv_treatment/output/PRJEB79569/annotation/bakta/CI3_MAGScoT_cleanbin_000056/CI3_MAGScoT_cleanbin_000056.inference.tsv
CI3_MAGScoT_cleanbin_000064	/scratch/users/snarayanasamy/phage_uv_treatment/output/PRJEB79569/binning/dereplication/dereplicated_genomes/CI3_MAGScoT_cleanbin_000064.fasta	/scratch/users/snarayanasamy/phage_uv_treatment/output/PRJEB79569/annotation/bakta/CI3_MAGScoT_cleanbin_000064	/scratch/users/snarayanasamy/phage_uv_treatment/output/PRJEB79569/annotation/bakta/CI3_MAGScoT_cleanbin_000064/bakta.done	/scratch/users/snarayanasamy/phage_uv_treatment/output/PRJEB79569/annotation/bakta/CI3_MAGScoT_cleanbin_000064/CI3_MAGScoT_cleanbin_000064.gff3	/scratch/users/snarayanasamy/phage_uv_treatment/output/PRJEB79569/annotation/bakta/CI3_MAGScoT_cleanbin_000064/CI3_MAGScoT_cleanbin_000064.tsv	/scratch/users/snarayanasamy/phage_uv_treatment/output/PRJEB79569/annotation/bakta/CI3_MAGScoT_cleanbin_000064/CI3_MAGScoT_cleanbin_000064.faa	/scratch/users/snarayanasamy/phage_uv_treatment/output/PRJEB79569/annotation/bakta/CI3_MAGScoT_cleanbin_000064/CI3_MAGScoT_cleanbin_000064.ffn	/scratch/users/snarayanasamy/phage_uv_treatment/output/PRJEB79569/annotation/bakta/CI3_MAGScoT_cleanbin_000064/CI3_MAGScoT_cleanbin_000064.json	/scratch/users/snarayanasamy/phage_uv_treatment/output/PRJEB79569/annotation/bakta/CI3_MAGScoT_cleanbin_000064/CI3_MAGScoT_cleanbin_000064.gbff	/scratch/users/snarayanasamy/phage_uv_treatment/output/PRJEB79569/annotation/bakta/CI3_MAGScoT_cleanbin_000064/CI3_MAGScoT_cleanbin_000064.hypotheticals.tsv	/scratch/users/snarayanasamy/phage_uv_treatment/output/PRJEB79569/annotation/bakta/CI3_MAGScoT_cleanbin_000064/CI3_MAGScoT_cleanbin_000064.inference.tsv
CI3_MAGScoT_cleanbin_000065	/scratch/users/snarayanasamy/phage_uv_treatment/output/PRJEB79569/binning/dereplication/dereplicated_genomes/CI3_MAGScoT_cleanbin_000065.fasta	/scratch/users/snarayanasamy/phage_uv_treatment/output/PRJEB79569/annotation/bakta/CI3_MAGScoT_cleanbin_000065	/scratch/users/snarayanasamy/phage_uv_treatment/output/PRJEB79569/annotation/bakta/CI3_MAGScoT_cleanbin_000065/bakta.done	/scratch/users/snarayanasamy/phage_uv_treatment/output/PRJEB79569/annotation/bakta/CI3_MAGScoT_cleanbin_000065/CI3_MAGScoT_cleanbin_000065.gff3	/scratch/users/snarayanasamy/phage_uv_treatment/output/PRJEB79569/annotation/bakta/CI3_MAGScoT_cleanbin_000065/CI3_MAGScoT_cleanbin_000065.tsv	/scratch/users/snarayanasamy/phage_uv_treatment/output/PRJEB79569/annotation/bakta/CI3_MAGScoT_cleanbin_000065/CI3_MAGScoT_cleanbin_000065.faa	/scratch/users/snarayanasamy/phage_uv_treatment/output/PRJEB79569/annotation/bakta/CI3_MAGScoT_cleanbin_000065/CI3_MAGScoT_cleanbin_000065.ffn	/scratch/users/snarayanasamy/phage_uv_treatment/output/PRJEB79569/annotation/bakta/CI3_MAGScoT_cleanbin_000065/CI3_MAGScoT_cleanbin_000065.json	/scratch/users/snarayanasamy/phage_uv_treatment/output/PRJEB79569/annotation/bakta/CI3_MAGScoT_cleanbin_000065/CI3_MAGScoT_cleanbin_000065.gbff	/scratch/users/snarayanasamy/phage_uv_treatment/output/PRJEB79569/annotation/bakta/CI3_MAGScoT_cleanbin_000065/CI3_MAGScoT_cleanbin_000065.hypotheticals.tsv	/scratch/users/snarayanasamy/phage_uv_treatment/output/PRJEB79569/annotation/bakta/CI3_MAGScoT_cleanbin_000065/CI3_MAGScoT_cleanbin_000065.inference.tsv
CI3_MAGScoT_cleanbin_000066	/scratch/users/snarayanasamy/phage_uv_treatment/output/PRJEB79569/binning/dereplication/dereplicated_genomes/CI3_MAGScoT_cleanbin_000066.fasta	/scratch/users/snarayanasamy/phage_uv_treatment/output/PRJEB79569/annotation/bakta/CI3_MAGScoT_cleanbin_000066	/scratch/users/snarayanasamy/phage_uv_treatment/output/PRJEB79569/annotation/bakta/CI3_MAGScoT_cleanbin_000066/bakta.done	/scratch/users/snarayanasamy/phage_uv_treatment/output/PRJEB79569/annotation/bakta/CI3_MAGScoT_cleanbin_000066/CI3_MAGScoT_cleanbin_000066.gff3	/scratch/users/snarayanasamy/phage_uv_treatment/output/PRJEB79569/annotation/bakta/CI3_MAGScoT_cleanbin_000066/CI3_MAGScoT_cleanbin_000066.tsv	/scratch/users/snarayanasamy/phage_uv_treatment/output/PRJEB79569/annotation/bakta/CI3_MAGScoT_cleanbin_000066/CI3_MAGScoT_cleanbin_000066.faa	/scratch/users/snarayanasamy/phage_uv_treatment/output/PRJEB79569/annotation/bakta/CI3_MAGScoT_cleanbin_000066/CI3_MAGScoT_cleanbin_000066.ffn	/scratch/users/snarayanasamy/phage_uv_treatment/output/PRJEB79569/annotation/bakta/CI3_MAGScoT_cleanbin_000066/CI3_MAGScoT_cleanbin_000066.json	/scratch/users/snarayanasamy/phage_uv_treatment/output/PRJEB79569/annotation/bakta/CI3_MAGScoT_cleanbin_000066/CI3_MAGScoT_cleanbin_000066.gbff	/scratch/users/snarayanasamy/phage_uv_treatment/output/PRJEB79569/annotation/bakta/CI3_MAGScoT_cleanbin_000066/CI3_MAGScoT_cleanbin_000066.hypotheticals.tsv	/scratch/users/snarayanasamy/phage_uv_treatment/output/PRJEB79569/annotation/bakta/CI3_MAGScoT_cleanbin_000066/CI3_MAGScoT_cleanbin_000066.inference.tsv
CI3_MAGScoT_cleanbin_000068	/scratch/users/snarayanasamy/phage_uv_treatment/output/PRJEB79569/binning/dereplication/dereplicated_genomes/CI3_MAGScoT_cleanbin_000068.fasta	/scratch/users/snarayanasamy/phage_uv_treatment/output/PRJEB79569/annotation/bakta/CI3_MAGScoT_cleanbin_000068	/scratch/users/snarayanasamy/phage_uv_treatment/output/PRJEB79569/annotation/bakta/CI3_MAGScoT_cleanbin_000068/bakta.done	/scratch/users/snarayanasamy/phage_uv_treatment/output/PRJEB79569/annotation/bakta/CI3_MAGScoT_cleanbin_000068/CI3_MAGScoT_cleanbin_000068.gff3	/scratch/users/snarayanasamy/phage_uv_treatment/output/PRJEB79569/annotation/bakta/CI3_MAGScoT_cleanbin_000068/CI3_MAGScoT_cleanbin_000068.tsv	/scratch/users/snarayanasamy/phage_uv_treatment/output/PRJEB79569/annotation/bakta/CI3_MAGScoT_cleanbin_000068/CI3_MAGScoT_cleanbin_000068.faa	/scratch/users/snarayanasamy/phage_uv_treatment/output/PRJEB79569/annotation/bakta/CI3_MAGScoT_cleanbin_000068/CI3_MAGScoT_cleanbin_000068.ffn	/scratch/users/snarayanasamy/phage_uv_treatment/output/PRJEB79569/annotation/bakta/CI3_MAGScoT_cleanbin_000068/CI3_MAGScoT_cleanbin_000068.json	/scratch/users/snarayanasamy/phage_uv_treatment/output/PRJEB79569/annotation/bakta/CI3_MAGScoT_cleanbin_000068/CI3_MAGScoT_cleanbin_000068.gbff	/scratch/users/snarayanasamy/phage_uv_treatment/output/PRJEB79569/annotation/bakta/CI3_MAGScoT_cleanbin_000068/CI3_MAGScoT_cleanbin_000068.hypotheticals.tsv	/scratch/users/snarayanasamy/phage_uv_treatment/output/PRJEB79569/annotation/bakta/CI3_MAGScoT_cleanbin_000068/CI3_MAGScoT_cleanbin_000068.inference.tsv
TBF1_MAGScoT_cleanbin_000001	/scratch/users/snarayanasamy/phage_uv_treatment/output/PRJEB79569/binning/dereplication/dereplicated_genomes/TBF1_MAGScoT_cleanbin_000001.fasta	/scratch/users/snarayanasamy/phage_uv_treatment/output/PRJEB79569/annotation/bakta/TBF1_MAGScoT_cleanbin_000001	/scratch/users/snarayanasamy/phage_uv_treatment/output/PRJEB79569/annotation/bakta/TBF1_MAGScoT_cleanbin_000001/bakta.done	/scratch/users/snarayanasamy/phage_uv_treatment/output/PRJEB79569/annotation/bakta/TBF1_MAGScoT_cleanbin_000001/TBF1_MAGScoT_cleanbin_000001.gff3	/scratch/users/snarayanasamy/phage_uv_treatment/output/PRJEB79569/annotation/bakta/TBF1_MAGScoT_cleanbin_000001/TBF1_MAGScoT_cleanbin_000001.tsv	/scratch/users/snarayanasamy/phage_uv_treatment/output/PRJEB79569/annotation/bakta/TBF1_MAGScoT_cleanbin_000001/TBF1_MAGScoT_cleanbin_000001.faa	/scratch/users/snarayanasamy/phage_uv_treatment/output/PRJEB79569/annotation/bakta/TBF1_MAGScoT_cleanbin_000001/TBF1_MAGScoT_cleanbin_000001.ffn	/scratch/users/snarayanasamy/phage_uv_treatment/output/PRJEB79569/annotation/bakta/TBF1_MAGScoT_cleanbin_000001/TBF1_MAGScoT_cleanbin_000001.json	/scratch/users/snarayanasamy/phage_uv_treatment/output/PRJEB79569/annotation/bakta/TBF1_MAGScoT_cleanbin_000001/TBF1_MAGScoT_cleanbin_000001.gbff	/scratch/users/snarayanasamy/phage_uv_treatment/output/PRJEB79569/annotation/bakta/TBF1_MAGScoT_cleanbin_000001/TBF1_MAGScoT_cleanbin_000001.hypotheticals.tsv	/scratch/users/snarayanasamy/phage_uv_treatment/output/PRJEB79569/annotation/bakta/TBF1_MAGScoT_cleanbin_000001/TBF1_MAGScoT_cleanbin_000001.inference.tsv
TBF1_MAGScoT_cleanbin_000005	/scratch/users/snarayanasamy/phage_uv_treatment/output/PRJEB79569/binning/dereplication/dereplicated_genomes/TBF1_MAGScoT_cleanbin_000005.fasta	/scratch/users/snarayanasamy/phage_uv_treatment/output/PRJEB79569/annotation/bakta/TBF1_MAGScoT_cleanbin_000005	/scratch/users/snarayanasamy/phage_uv_treatment/output/PRJEB79569/annotation/bakta/TBF1_MAGScoT_cleanbin_000005/bakta.done	/scratch/users/snarayanasamy/phage_uv_treatment/output/PRJEB79569/annotation/bakta/TBF1_MAGScoT_cleanbin_000005/TBF1_MAGScoT_cleanbin_000005.gff3	/scratch/users/snarayanasamy/phage_uv_treatment/output/PRJEB79569/annotation/bakta/TBF1_MAGScoT_cleanbin_000005/TBF1_MAGScoT_cleanbin_000005.tsv	/scratch/users/snarayanasamy/phage_uv_treatment/output/PRJEB79569/annotation/bakta/TBF1_MAGScoT_cleanbin_000005/TBF1_MAGScoT_cleanbin_000005.faa	/scratch/users/snarayanasamy/phage_uv_treatment/output/PRJEB79569/annotation/bakta/TBF1_MAGScoT_cleanbin_000005/TBF1_MAGScoT_cleanbin_000005.ffn	/scratch/users/snarayanasamy/phage_uv_treatment/output/PRJEB79569/annotation/bakta/TBF1_MAGScoT_cleanbin_000005/TBF1_MAGScoT_cleanbin_000005.json	/scratch/users/snarayanasamy/phage_uv_treatment/output/PRJEB79569/annotation/bakta/TBF1_MAGScoT_cleanbin_000005/TBF1_MAGScoT_cleanbin_000005.gbff	/scratch/users/snarayanasamy/phage_uv_treatment/output/PRJEB79569/annotation/bakta/TBF1_MAGScoT_cleanbin_000005/TBF1_MAGScoT_cleanbin_000005.hypotheticals.tsv	/scratch/users/snarayanasamy/phage_uv_treatment/output/PRJEB79569/annotation/bakta/TBF1_MAGScoT_cleanbin_000005/TBF1_MAGScoT_cleanbin_000005.inference.tsv
TBF1_MAGScoT_cleanbin_000006	/scratch/users/snarayanasamy/phage_uv_treatment/output/PRJEB79569/binning/dereplication/dereplicated_genomes/TBF1_MAGScoT_cleanbin_000006.fasta	/scratch/users/snarayanasamy/phage_uv_treatment/output/PRJEB79569/annotation/bakta/TBF1_MAGScoT_cleanbin_000006	/scratch/users/snarayanasamy/phage_uv_treatment/output/PRJEB79569/annotation/bakta/TBF1_MAGScoT_cleanbin_000006/bakta.done	/scratch/users/snarayanasamy/phage_uv_treatment/output/PRJEB79569/annotation/bakta/TBF1_MAGScoT_cleanbin_000006/TBF1_MAGScoT_cleanbin_000006.gff3	/scratch/users/snarayanasamy/phage_uv_treatment/output/PRJEB79569/annotation/bakta/TBF1_MAGScoT_cleanbin_000006/TBF1_MAGScoT_cleanbin_000006.tsv	/scratch/users/snarayanasamy/phage_uv_treatment/output/PRJEB79569/annotation/bakta/TBF1_MAGScoT_cleanbin_000006/TBF1_MAGScoT_cleanbin_000006.faa	/scratch/users/snarayanasamy/phage_uv_treatment/output/PRJEB79569/annotation/bakta/TBF1_MAGScoT_cleanbin_000006/TBF1_MAGScoT_cleanbin_000006.ffn	/scratch/users/snarayanasamy/phage_uv_treatment/output/PRJEB79569/annotation/bakta/TBF1_MAGScoT_cleanbin_000006/TBF1_MAGScoT_cleanbin_000006.json	/scratch/users/snarayanasamy/phage_uv_treatment/output/PRJEB79569/annotation/bakta/TBF1_MAGScoT_cleanbin_000006/TBF1_MAGScoT_cleanbin_000006.gbff	/scratch/users/snarayanasamy/phage_uv_treatment/output/PRJEB79569/annotation/bakta/TBF1_MAGScoT_cleanbin_000006/TBF1_MAGScoT_cleanbin_000006.hypotheticals.tsv	/scratch/users/snarayanasamy/phage_uv_treatment/output/PRJEB79569/annotation/bakta/TBF1_MAGScoT_cleanbin_000006/TBF1_MAGScoT_cleanbin_000006.inference.tsv
TBF1_MAGScoT_cleanbin_000012	/scratch/users/snarayanasamy/phage_uv_treatment/output/PRJEB79569/binning/dereplication/dereplicated_genomes/TBF1_MAGScoT_cleanbin_000012.fasta	/scratch/users/snarayanasamy/phage_uv_treatment/output/PRJEB79569/annotation/bakta/TBF1_MAGScoT_cleanbin_000012	/scratch/users/snarayanasamy/phage_uv_treatment/output/PRJEB79569/annotation/bakta/TBF1_MAGScoT_cleanbin_000012/bakta.done	/scratch/users/snarayanasamy/phage_uv_treatment/output/PRJEB79569/annotation/bakta/TBF1_MAGScoT_cleanbin_000012/TBF1_MAGScoT_cleanbin_000012.gff3	/scratch/users/snarayanasamy/phage_uv_treatment/output/PRJEB79569/annotation/bakta/TBF1_MAGScoT_cleanbin_000012/TBF1_MAGScoT_cleanbin_000012.tsv	/scratch/users/snarayanasamy/phage_uv_treatment/output/PRJEB79569/annotation/bakta/TBF1_MAGScoT_cleanbin_000012/TBF1_MAGScoT_cleanbin_000012.faa	/scratch/users/snarayanasamy/phage_uv_treatment/output/PRJEB79569/annotation/bakta/TBF1_MAGScoT_cleanbin_000012/TBF1_MAGScoT_cleanbin_000012.ffn	/scratch/users/snarayanasamy/phage_uv_treatment/output/PRJEB79569/annotation/bakta/TBF1_MAGScoT_cleanbin_000012/TBF1_MAGScoT_cleanbin_000012.json	/scratch/users/snarayanasamy/phage_uv_treatment/output/PRJEB79569/annotation/bakta/TBF1_MAGScoT_cleanbin_000012/TBF1_MAGScoT_cleanbin_000012.gbff	/scratch/users/snarayanasamy/phage_uv_treatment/output/PRJEB79569/annotation/bakta/TBF1_MAGScoT_cleanbin_000012/TBF1_MAGScoT_cleanbin_000012.hypotheticals.tsv	/scratch/users/snarayanasamy/phage_uv_treatment/output/PRJEB79569/annotation/bakta/TBF1_MAGScoT_cleanbin_000012/TBF1_MAGScoT_cleanbin_000012.inference.tsv
TBF1_MAGScoT_cleanbin_000013	/scratch/users/snarayanasamy/phage_uv_treatment/output/PRJEB79569/binning/dereplication/dereplicated_genomes/TBF1_MAGScoT_cleanbin_000013.fasta	/scratch/users/snarayanasamy/phage_uv_treatment/output/PRJEB79569/annotation/bakta/TBF1_MAGScoT_cleanbin_000013	/scratch/users/snarayanasamy/phage_uv_treatment/output/PRJEB79569/annotation/bakta/TBF1_MAGScoT_cleanbin_000013/bakta.done	/scratch/users/snarayanasamy/phage_uv_treatment/output/PRJEB79569/annotation/bakta/TBF1_MAGScoT_cleanbin_000013/TBF1_MAGScoT_cleanbin_000013.gff3	/scratch/users/snarayanasamy/phage_uv_treatment/output/PRJEB79569/annotation/bakta/TBF1_MAGScoT_cleanbin_000013/TBF1_MAGScoT_cleanbin_000013.tsv	/scratch/users/snarayanasamy/phage_uv_treatment/output/PRJEB79569/annotation/bakta/TBF1_MAGScoT_cleanbin_000013/TBF1_MAGScoT_cleanbin_000013.faa	/scratch/users/snarayanasamy/phage_uv_treatment/output/PRJEB79569/annotation/bakta/TBF1_MAGScoT_cleanbin_000013/TBF1_MAGScoT_cleanbin_000013.ffn	/scratch/users/snarayanasamy/phage_uv_treatment/output/PRJEB79569/annotation/bakta/TBF1_MAGScoT_cleanbin_000013/TBF1_MAGScoT_cleanbin_000013.json	/scratch/users/snarayanasamy/phage_uv_treatment/output/PRJEB79569/annotation/bakta/TBF1_MAGScoT_cleanbin_000013/TBF1_MAGScoT_cleanbin_000013.gbff	/scratch/users/snarayanasamy/phage_uv_treatment/output/PRJEB79569/annotation/bakta/TBF1_MAGScoT_cleanbin_000013/TBF1_MAGScoT_cleanbin_000013.hypotheticals.tsv	/scratch/users/snarayanasamy/phage_uv_treatment/output/PRJEB79569/annotation/bakta/TBF1_MAGScoT_cleanbin_000013/TBF1_MAGScoT_cleanbin_000013.inference.tsv
TBF1_MAGScoT_cleanbin_000014	/scratch/users/snarayanasamy/phage_uv_treatment/output/PRJEB79569/binning/dereplication/dereplicated_genomes/TBF1_MAGScoT_cleanbin_000014.fasta	/scratch/users/snarayanasamy/phage_uv_treatment/output/PRJEB79569/annotation/bakta/TBF1_MAGScoT_cleanbin_000014	/scratch/users/snarayanasamy/phage_uv_treatment/output/PRJEB79569/annotation/bakta/TBF1_MAGScoT_cleanbin_000014/bakta.done	/scratch/users/snarayanasamy/phage_uv_treatment/output/PRJEB79569/annotation/bakta/TBF1_MAGScoT_cleanbin_000014/TBF1_MAGScoT_cleanbin_000014.gff3	/scratch/users/snarayanasamy/phage_uv_treatment/output/PRJEB79569/annotation/bakta/TBF1_MAGScoT_cleanbin_000014/TBF1_MAGScoT_cleanbin_000014.tsv	/scratch/users/snarayanasamy/phage_uv_treatment/output/PRJEB79569/annotation/bakta/TBF1_MAGScoT_cleanbin_000014/TBF1_MAGScoT_cleanbin_000014.faa	/scratch/users/snarayanasamy/phage_uv_treatment/output/PRJEB79569/annotation/bakta/TBF1_MAGScoT_cleanbin_000014/TBF1_MAGScoT_cleanbin_000014.ffn	/scratch/users/snarayanasamy/phage_uv_treatment/output/PRJEB79569/annotation/bakta/TBF1_MAGScoT_cleanbin_000014/TBF1_MAGScoT_cleanbin_000014.json	/scratch/users/snarayanasamy/phage_uv_treatment/output/PRJEB79569/annotation/bakta/TBF1_MAGScoT_cleanbin_000014/TBF1_MAGScoT_cleanbin_000014.gbff	/scratch/users/snarayanasamy/phage_uv_treatment/output/PRJEB79569/annotation/bakta/TBF1_MAGScoT_cleanbin_000014/TBF1_MAGScoT_cleanbin_000014.hypotheticals.tsv	/scratch/users/snarayanasamy/phage_uv_treatment/output/PRJEB79569/annotation/bakta/TBF1_MAGScoT_cleanbin_000014/TBF1_MAGScoT_cleanbin_000014.inference.tsv
TBF1_MAGScoT_cleanbin_000016	/scratch/users/snarayanasamy/phage_uv_treatment/output/PRJEB79569/binning/dereplication/dereplicated_genomes/TBF1_MAGScoT_cleanbin_000016.fasta	/scratch/users/snarayanasamy/phage_uv_treatment/output/PRJEB79569/annotation/bakta/TBF1_MAGScoT_cleanbin_000016	/scratch/users/snarayanasamy/phage_uv_treatment/output/PRJEB79569/annotation/bakta/TBF1_MAGScoT_cleanbin_000016/bakta.done	/scratch/users/snarayanasamy/phage_uv_treatment/output/PRJEB79569/annotation/bakta/TBF1_MAGScoT_cleanbin_000016/TBF1_MAGScoT_cleanbin_000016.gff3	/scratch/users/snarayanasamy/phage_uv_treatment/output/PRJEB79569/annotation/bakta/TBF1_MAGScoT_cleanbin_000016/TBF1_MAGScoT_cleanbin_000016.tsv	/scratch/users/snarayanasamy/phage_uv_treatment/output/PRJEB79569/annotation/bakta/TBF1_MAGScoT_cleanbin_000016/TBF1_MAGScoT_cleanbin_000016.faa	/scratch/users/snarayanasamy/phage_uv_treatment/output/PRJEB79569/annotation/bakta/TBF1_MAGScoT_cleanbin_000016/TBF1_MAGScoT_cleanbin_000016.ffn	/scratch/users/snarayanasamy/phage_uv_treatment/output/PRJEB79569/annotation/bakta/TBF1_MAGScoT_cleanbin_000016/TBF1_MAGScoT_cleanbin_000016.json	/scratch/users/snarayanasamy/phage_uv_treatment/output/PRJEB79569/annotation/bakta/TBF1_MAGScoT_cleanbin_000016/TBF1_MAGScoT_cleanbin_000016.gbff	/scratch/users/snarayanasamy/phage_uv_treatment/output/PRJEB79569/annotation/bakta/TBF1_MAGScoT_cleanbin_000016/TBF1_MAGScoT_cleanbin_000016.hypotheticals.tsv	/scratch/users/snarayanasamy/phage_uv_treatment/output/PRJEB79569/annotation/bakta/TBF1_MAGScoT_cleanbin_000016/TBF1_MAGScoT_cleanbin_000016.inference.tsv
TBF1_MAGScoT_cleanbin_000021	/scratch/users/snarayanasamy/phage_uv_treatment/output/PRJEB79569/binning/dereplication/dereplicated_genomes/TBF1_MAGScoT_cleanbin_000021.fasta	/scratch/users/snarayanasamy/phage_uv_treatment/output/PRJEB79569/annotation/bakta/TBF1_MAGScoT_cleanbin_000021	/scratch/users/snarayanasamy/phage_uv_treatment/output/PRJEB79569/annotation/bakta/TBF1_MAGScoT_cleanbin_000021/bakta.done	/scratch/users/snarayanasamy/phage_uv_treatment/output/PRJEB79569/annotation/bakta/TBF1_MAGScoT_cleanbin_000021/TBF1_MAGScoT_cleanbin_000021.gff3	/scratch/users/snarayanasamy/phage_uv_treatment/output/PRJEB79569/annotation/bakta/TBF1_MAGScoT_cleanbin_000021/TBF1_MAGScoT_cleanbin_000021.tsv	/scratch/users/snarayanasamy/phage_uv_treatment/output/PRJEB79569/annotation/bakta/TBF1_MAGScoT_cleanbin_000021/TBF1_MAGScoT_cleanbin_000021.faa	/scratch/users/snarayanasamy/phage_uv_treatment/output/PRJEB79569/annotation/bakta/TBF1_MAGScoT_cleanbin_000021/TBF1_MAGScoT_cleanbin_000021.ffn	/scratch/users/snarayanasamy/phage_uv_treatment/output/PRJEB79569/annotation/bakta/TBF1_MAGScoT_cleanbin_000021/TBF1_MAGScoT_cleanbin_000021.json	/scratch/users/snarayanasamy/phage_uv_treatment/output/PRJEB79569/annotation/bakta/TBF1_MAGScoT_cleanbin_000021/TBF1_MAGScoT_cleanbin_000021.gbff	/scratch/users/snarayanasamy/phage_uv_treatment/output/PRJEB79569/annotation/bakta/TBF1_MAGScoT_cleanbin_000021/TBF1_MAGScoT_cleanbin_000021.hypotheticals.tsv	/scratch/users/snarayanasamy/phage_uv_treatment/output/PRJEB79569/annotation/bakta/TBF1_MAGScoT_cleanbin_000021/TBF1_MAGScoT_cleanbin_000021.inference.tsv
TBF1_MAGScoT_cleanbin_000023	/scratch/users/snarayanasamy/phage_uv_treatment/output/PRJEB79569/binning/dereplication/dereplicated_genomes/TBF1_MAGScoT_cleanbin_000023.fasta	/scratch/users/snarayanasamy/phage_uv_treatment/output/PRJEB79569/annotation/bakta/TBF1_MAGScoT_cleanbin_000023	/scratch/users/snarayanasamy/phage_uv_treatment/output/PRJEB79569/annotation/bakta/TBF1_MAGScoT_cleanbin_000023/bakta.done	/scratch/users/snarayanasamy/phage_uv_treatment/output/PRJEB79569/annotation/bakta/TBF1_MAGScoT_cleanbin_000023/TBF1_MAGScoT_cleanbin_000023.gff3	/scratch/users/snarayanasamy/phage_uv_treatment/output/PRJEB79569/annotation/bakta/TBF1_MAGScoT_cleanbin_000023/TBF1_MAGScoT_cleanbin_000023.tsv	/scratch/users/snarayanasamy/phage_uv_treatment/output/PRJEB79569/annotation/bakta/TBF1_MAGScoT_cleanbin_000023/TBF1_MAGScoT_cleanbin_000023.faa	/scratch/users/snarayanasamy/phage_uv_treatment/output/PRJEB79569/annotation/bakta/TBF1_MAGScoT_cleanbin_000023/TBF1_MAGScoT_cleanbin_000023.ffn	/scratch/users/snarayanasamy/phage_uv_treatment/output/PRJEB79569/annotation/bakta/TBF1_MAGScoT_cleanbin_000023/TBF1_MAGScoT_cleanbin_000023.json	/scratch/users/snarayanasamy/phage_uv_treatment/output/PRJEB79569/annotation/bakta/TBF1_MAGScoT_cleanbin_000023/TBF1_MAGScoT_cleanbin_000023.gbff	/scratch/users/snarayanasamy/phage_uv_treatment/output/PRJEB79569/annotation/bakta/TBF1_MAGScoT_cleanbin_000023/TBF1_MAGScoT_cleanbin_000023.hypotheticals.tsv	/scratch/users/snarayanasamy/phage_uv_treatment/output/PRJEB79569/annotation/bakta/TBF1_MAGScoT_cleanbin_000023/TBF1_MAGScoT_cleanbin_000023.inference.tsv
TBF1_MAGScoT_cleanbin_000024	/scratch/users/snarayanasamy/phage_uv_treatment/output/PRJEB79569/binning/dereplication/dereplicated_genomes/TBF1_MAGScoT_cleanbin_000024.fasta	/scratch/users/snarayanasamy/phage_uv_treatment/output/PRJEB79569/annotation/bakta/TBF1_MAGScoT_cleanbin_000024	/scratch/users/snarayanasamy/phage_uv_treatment/output/PRJEB79569/annotation/bakta/TBF1_MAGScoT_cleanbin_000024/bakta.done	/scratch/users/snarayanasamy/phage_uv_treatment/output/PRJEB79569/annotation/bakta/TBF1_MAGScoT_cleanbin_000024/TBF1_MAGScoT_cleanbin_000024.gff3	/scratch/users/snarayanasamy/phage_uv_treatment/output/PRJEB79569/annotation/bakta/TBF1_MAGScoT_cleanbin_000024/TBF1_MAGScoT_cleanbin_000024.tsv	/scratch/users/snarayanasamy/phage_uv_treatment/output/PRJEB79569/annotation/bakta/TBF1_MAGScoT_cleanbin_000024/TBF1_MAGScoT_cleanbin_000024.faa	/scratch/users/snarayanasamy/phage_uv_treatment/output/PRJEB79569/annotation/bakta/TBF1_MAGScoT_cleanbin_000024/TBF1_MAGScoT_cleanbin_000024.ffn	/scratch/users/snarayanasamy/phage_uv_treatment/output/PRJEB79569/annotation/bakta/TBF1_MAGScoT_cleanbin_000024/TBF1_MAGScoT_cleanbin_000024.json	/scratch/users/snarayanasamy/phage_uv_treatment/output/PRJEB79569/annotation/bakta/TBF1_MAGScoT_cleanbin_000024/TBF1_MAGScoT_cleanbin_000024.gbff	/scratch/users/snarayanasamy/phage_uv_treatment/output/PRJEB79569/annotation/bakta/TBF1_MAGScoT_cleanbin_000024/TBF1_MAGScoT_cleanbin_000024.hypotheticals.tsv	/scratch/users/snarayanasamy/phage_uv_treatment/output/PRJEB79569/annotation/bakta/TBF1_MAGScoT_cleanbin_000024/TBF1_MAGScoT_cleanbin_000024.inference.tsv
TBF1_MAGScoT_cleanbin_000027	/scratch/users/snarayanasamy/phage_uv_treatment/output/PRJEB79569/binning/dereplication/dereplicated_genomes/TBF1_MAGScoT_cleanbin_000027.fasta	/scratch/users/snarayanasamy/phage_uv_treatment/output/PRJEB79569/annotation/bakta/TBF1_MAGScoT_cleanbin_000027	/scratch/users/snarayanasamy/phage_uv_treatment/output/PRJEB79569/annotation/bakta/TBF1_MAGScoT_cleanbin_000027/bakta.done	/scratch/users/snarayanasamy/phage_uv_treatment/output/PRJEB79569/annotation/bakta/TBF1_MAGScoT_cleanbin_000027/TBF1_MAGScoT_cleanbin_000027.gff3	/scratch/users/snarayanasamy/phage_uv_treatment/output/PRJEB79569/annotation/bakta/TBF1_MAGScoT_cleanbin_000027/TBF1_MAGScoT_cleanbin_000027.tsv	/scratch/users/snarayanasamy/phage_uv_treatment/output/PRJEB79569/annotation/bakta/TBF1_MAGScoT_cleanbin_000027/TBF1_MAGScoT_cleanbin_000027.faa	/scratch/users/snarayanasamy/phage_uv_treatment/output/PRJEB79569/annotation/bakta/TBF1_MAGScoT_cleanbin_000027/TBF1_MAGScoT_cleanbin_000027.ffn	/scratch/users/snarayanasamy/phage_uv_treatment/output/PRJEB79569/annotation/bakta/TBF1_MAGScoT_cleanbin_000027/TBF1_MAGScoT_cleanbin_000027.json	/scratch/users/snarayanasamy/phage_uv_treatment/output/PRJEB79569/annotation/bakta/TBF1_MAGScoT_cleanbin_000027/TBF1_MAGScoT_cleanbin_000027.gbff	/scratch/users/snarayanasamy/phage_uv_treatment/output/PRJEB79569/annotation/bakta/TBF1_MAGScoT_cleanbin_000027/TBF1_MAGScoT_cleanbin_000027.hypotheticals.tsv	/scratch/users/snarayanasamy/phage_uv_treatment/output/PRJEB79569/annotation/bakta/TBF1_MAGScoT_cleanbin_000027/TBF1_MAGScoT_cleanbin_000027.inference.tsv
TBF1_MAGScoT_cleanbin_000029	/scratch/users/snarayanasamy/phage_uv_treatment/output/PRJEB79569/binning/dereplication/dereplicated_genomes/TBF1_MAGScoT_cleanbin_000029.fasta	/scratch/users/snarayanasamy/phage_uv_treatment/output/PRJEB79569/annotation/bakta/TBF1_MAGScoT_cleanbin_000029	/scratch/users/snarayanasamy/phage_uv_treatment/output/PRJEB79569/annotation/bakta/TBF1_MAGScoT_cleanbin_000029/bakta.done	/scratch/users/snarayanasamy/phage_uv_treatment/output/PRJEB79569/annotation/bakta/TBF1_MAGScoT_cleanbin_000029/TBF1_MAGScoT_cleanbin_000029.gff3	/scratch/users/snarayanasamy/phage_uv_treatment/output/PRJEB79569/annotation/bakta/TBF1_MAGScoT_cleanbin_000029/TBF1_MAGScoT_cleanbin_000029.tsv	/scratch/users/snarayanasamy/phage_uv_treatment/output/PRJEB79569/annotation/bakta/TBF1_MAGScoT_cleanbin_000029/TBF1_MAGScoT_cleanbin_000029.faa	/scratch/users/snarayanasamy/phage_uv_treatment/output/PRJEB79569/annotation/bakta/TBF1_MAGScoT_cleanbin_000029/TBF1_MAGScoT_cleanbin_000029.ffn	/scratch/users/snarayanasamy/phage_uv_treatment/output/PRJEB79569/annotation/bakta/TBF1_MAGScoT_cleanbin_000029/TBF1_MAGScoT_cleanbin_000029.json	/scratch/users/snarayanasamy/phage_uv_treatment/output/PRJEB79569/annotation/bakta/TBF1_MAGScoT_cleanbin_000029/TBF1_MAGScoT_cleanbin_000029.gbff	/scratch/users/snarayanasamy/phage_uv_treatment/output/PRJEB79569/annotation/bakta/TBF1_MAGScoT_cleanbin_000029/TBF1_MAGScoT_cleanbin_000029.hypotheticals.tsv	/scratch/users/snarayanasamy/phage_uv_treatment/output/PRJEB79569/annotation/bakta/TBF1_MAGScoT_cleanbin_000029/TBF1_MAGScoT_cleanbin_000029.inference.tsv
TBF1_MAGScoT_cleanbin_000030	/scratch/users/snarayanasamy/phage_uv_treatment/output/PRJEB79569/binning/dereplication/dereplicated_genomes/TBF1_MAGScoT_cleanbin_000030.fasta	/scratch/users/snarayanasamy/phage_uv_treatment/output/PRJEB79569/annotation/bakta/TBF1_MAGScoT_cleanbin_000030	/scratch/users/snarayanasamy/phage_uv_treatment/output/PRJEB79569/annotation/bakta/TBF1_MAGScoT_cleanbin_000030/bakta.done	/scratch/users/snarayanasamy/phage_uv_treatment/output/PRJEB79569/annotation/bakta/TBF1_MAGScoT_cleanbin_000030/TBF1_MAGScoT_cleanbin_000030.gff3	/scratch/users/snarayanasamy/phage_uv_treatment/output/PRJEB79569/annotation/bakta/TBF1_MAGScoT_cleanbin_000030/TBF1_MAGScoT_cleanbin_000030.tsv	/scratch/users/snarayanasamy/phage_uv_treatment/output/PRJEB79569/annotation/bakta/TBF1_MAGScoT_cleanbin_000030/TBF1_MAGScoT_cleanbin_000030.faa	/scratch/users/snarayanasamy/phage_uv_treatment/output/PRJEB79569/annotation/bakta/TBF1_MAGScoT_cleanbin_000030/TBF1_MAGScoT_cleanbin_000030.ffn	/scratch/users/snarayanasamy/phage_uv_treatment/output/PRJEB79569/annotation/bakta/TBF1_MAGScoT_cleanbin_000030/TBF1_MAGScoT_cleanbin_000030.json	/scratch/users/snarayanasamy/phage_uv_treatment/output/PRJEB79569/annotation/bakta/TBF1_MAGScoT_cleanbin_000030/TBF1_MAGScoT_cleanbin_000030.gbff	/scratch/users/snarayanasamy/phage_uv_treatment/output/PRJEB79569/annotation/bakta/TBF1_MAGScoT_cleanbin_000030/TBF1_MAGScoT_cleanbin_000030.hypotheticals.tsv	/scratch/users/snarayanasamy/phage_uv_treatment/output/PRJEB79569/annotation/bakta/TBF1_MAGScoT_cleanbin_000030/TBF1_MAGScoT_cleanbin_000030.inference.tsv
TBF1_MAGScoT_cleanbin_000034	/scratch/users/snarayanasamy/phage_uv_treatment/output/PRJEB79569/binning/dereplication/dereplicated_genomes/TBF1_MAGScoT_cleanbin_000034.fasta	/scratch/users/snarayanasamy/phage_uv_treatment/output/PRJEB79569/annotation/bakta/TBF1_MAGScoT_cleanbin_000034	/scratch/users/snarayanasamy/phage_uv_treatment/output/PRJEB79569/annotation/bakta/TBF1_MAGScoT_cleanbin_000034/bakta.done	/scratch/users/snarayanasamy/phage_uv_treatment/output/PRJEB79569/annotation/bakta/TBF1_MAGScoT_cleanbin_000034/TBF1_MAGScoT_cleanbin_000034.gff3	/scratch/users/snarayanasamy/phage_uv_treatment/output/PRJEB79569/annotation/bakta/TBF1_MAGScoT_cleanbin_000034/TBF1_MAGScoT_cleanbin_000034.tsv	/scratch/users/snarayanasamy/phage_uv_treatment/output/PRJEB79569/annotation/bakta/TBF1_MAGScoT_cleanbin_000034/TBF1_MAGScoT_cleanbin_000034.faa	/scratch/users/snarayanasamy/phage_uv_treatment/output/PRJEB79569/annotation/bakta/TBF1_MAGScoT_cleanbin_000034/TBF1_MAGScoT_cleanbin_000034.ffn	/scratch/users/snarayanasamy/phage_uv_treatment/output/PRJEB79569/annotation/bakta/TBF1_MAGScoT_cleanbin_000034/TBF1_MAGScoT_cleanbin_000034.json	/scratch/users/snarayanasamy/phage_uv_treatment/output/PRJEB79569/annotation/bakta/TBF1_MAGScoT_cleanbin_000034/TBF1_MAGScoT_cleanbin_000034.gbff	/scratch/users/snarayanasamy/phage_uv_treatment/output/PRJEB79569/annotation/bakta/TBF1_MAGScoT_cleanbin_000034/TBF1_MAGScoT_cleanbin_000034.hypotheticals.tsv	/scratch/users/snarayanasamy/phage_uv_treatment/output/PRJEB79569/annotation/bakta/TBF1_MAGScoT_cleanbin_000034/TBF1_MAGScoT_cleanbin_000034.inference.tsv
TBF1_MAGScoT_cleanbin_000045	/scratch/users/snarayanasamy/phage_uv_treatment/output/PRJEB79569/binning/dereplication/dereplicated_genomes/TBF1_MAGScoT_cleanbin_000045.fasta	/scratch/users/snarayanasamy/phage_uv_treatment/output/PRJEB79569/annotation/bakta/TBF1_MAGScoT_cleanbin_000045	/scratch/users/snarayanasamy/phage_uv_treatment/output/PRJEB79569/annotation/bakta/TBF1_MAGScoT_cleanbin_000045/bakta.done	/scratch/users/snarayanasamy/phage_uv_treatment/output/PRJEB79569/annotation/bakta/TBF1_MAGScoT_cleanbin_000045/TBF1_MAGScoT_cleanbin_000045.gff3	/scratch/users/snarayanasamy/phage_uv_treatment/output/PRJEB79569/annotation/bakta/TBF1_MAGScoT_cleanbin_000045/TBF1_MAGScoT_cleanbin_000045.tsv	/scratch/users/snarayanasamy/phage_uv_treatment/output/PRJEB79569/annotation/bakta/TBF1_MAGScoT_cleanbin_000045/TBF1_MAGScoT_cleanbin_000045.faa	/scratch/users/snarayanasamy/phage_uv_treatment/output/PRJEB79569/annotation/bakta/TBF1_MAGScoT_cleanbin_000045/TBF1_MAGScoT_cleanbin_000045.ffn	/scratch/users/snarayanasamy/phage_uv_treatment/output/PRJEB79569/annotation/bakta/TBF1_MAGScoT_cleanbin_000045/TBF1_MAGScoT_cleanbin_000045.json	/scratch/users/snarayanasamy/phage_uv_treatment/output/PRJEB79569/annotation/bakta/TBF1_MAGScoT_cleanbin_000045/TBF1_MAGScoT_cleanbin_000045.gbff	/scratch/users/snarayanasamy/phage_uv_treatment/output/PRJEB79569/annotation/bakta/TBF1_MAGScoT_cleanbin_000045/TBF1_MAGScoT_cleanbin_000045.hypotheticals.tsv	/scratch/users/snarayanasamy/phage_uv_treatment/output/PRJEB79569/annotation/bakta/TBF1_MAGScoT_cleanbin_000045/TBF1_MAGScoT_cleanbin_000045.inference.tsv
TBF1_MAGScoT_cleanbin_000047	/scratch/users/snarayanasamy/phage_uv_treatment/output/PRJEB79569/binning/dereplication/dereplicated_genomes/TBF1_MAGScoT_cleanbin_000047.fasta	/scratch/users/snarayanasamy/phage_uv_treatment/output/PRJEB79569/annotation/bakta/TBF1_MAGScoT_cleanbin_000047	/scratch/users/snarayanasamy/phage_uv_treatment/output/PRJEB79569/annotation/bakta/TBF1_MAGScoT_cleanbin_000047/bakta.done	/scratch/users/snarayanasamy/phage_uv_treatment/output/PRJEB79569/annotation/bakta/TBF1_MAGScoT_cleanbin_000047/TBF1_MAGScoT_cleanbin_000047.gff3	/scratch/users/snarayanasamy/phage_uv_treatment/output/PRJEB79569/annotation/bakta/TBF1_MAGScoT_cleanbin_000047/TBF1_MAGScoT_cleanbin_000047.tsv	/scratch/users/snarayanasamy/phage_uv_treatment/output/PRJEB79569/annotation/bakta/TBF1_MAGScoT_cleanbin_000047/TBF1_MAGScoT_cleanbin_000047.faa	/scratch/users/snarayanasamy/phage_uv_treatment/output/PRJEB79569/annotation/bakta/TBF1_MAGScoT_cleanbin_000047/TBF1_MAGScoT_cleanbin_000047.ffn	/scratch/users/snarayanasamy/phage_uv_treatment/output/PRJEB79569/annotation/bakta/TBF1_MAGScoT_cleanbin_000047/TBF1_MAGScoT_cleanbin_000047.json	/scratch/users/snarayanasamy/phage_uv_treatment/output/PRJEB79569/annotation/bakta/TBF1_MAGScoT_cleanbin_000047/TBF1_MAGScoT_cleanbin_000047.gbff	/scratch/users/snarayanasamy/phage_uv_treatment/output/PRJEB79569/annotation/bakta/TBF1_MAGScoT_cleanbin_000047/TBF1_MAGScoT_cleanbin_000047.hypotheticals.tsv	/scratch/users/snarayanasamy/phage_uv_treatment/output/PRJEB79569/annotation/bakta/TBF1_MAGScoT_cleanbin_000047/TBF1_MAGScoT_cleanbin_000047.inference.tsv
TBF1_MAGScoT_cleanbin_000053	/scratch/users/snarayanasamy/phage_uv_treatment/output/PRJEB79569/binning/dereplication/dereplicated_genomes/TBF1_MAGScoT_cleanbin_000053.fasta	/scratch/users/snarayanasamy/phage_uv_treatment/output/PRJEB79569/annotation/bakta/TBF1_MAGScoT_cleanbin_000053	/scratch/users/snarayanasamy/phage_uv_treatment/output/PRJEB79569/annotation/bakta/TBF1_MAGScoT_cleanbin_000053/bakta.done	/scratch/users/snarayanasamy/phage_uv_treatment/output/PRJEB79569/annotation/bakta/TBF1_MAGScoT_cleanbin_000053/TBF1_MAGScoT_cleanbin_000053.gff3	/scratch/users/snarayanasamy/phage_uv_treatment/output/PRJEB79569/annotation/bakta/TBF1_MAGScoT_cleanbin_000053/TBF1_MAGScoT_cleanbin_000053.tsv	/scratch/users/snarayanasamy/phage_uv_treatment/output/PRJEB79569/annotation/bakta/TBF1_MAGScoT_cleanbin_000053/TBF1_MAGScoT_cleanbin_000053.faa	/scratch/users/snarayanasamy/phage_uv_treatment/output/PRJEB79569/annotation/bakta/TBF1_MAGScoT_cleanbin_000053/TBF1_MAGScoT_cleanbin_000053.ffn	/scratch/users/snarayanasamy/phage_uv_treatment/output/PRJEB79569/annotation/bakta/TBF1_MAGScoT_cleanbin_000053/TBF1_MAGScoT_cleanbin_000053.json	/scratch/users/snarayanasamy/phage_uv_treatment/output/PRJEB79569/annotation/bakta/TBF1_MAGScoT_cleanbin_000053/TBF1_MAGScoT_cleanbin_000053.gbff	/scratch/users/snarayanasamy/phage_uv_treatment/output/PRJEB79569/annotation/bakta/TBF1_MAGScoT_cleanbin_000053/TBF1_MAGScoT_cleanbin_000053.hypotheticals.tsv	/scratch/users/snarayanasamy/phage_uv_treatment/output/PRJEB79569/annotation/bakta/TBF1_MAGScoT_cleanbin_000053/TBF1_MAGScoT_cleanbin_000053.inference.tsv
TBF1_MAGScoT_cleanbin_000061	/scratch/users/snarayanasamy/phage_uv_treatment/output/PRJEB79569/binning/dereplication/dereplicated_genomes/TBF1_MAGScoT_cleanbin_000061.fasta	/scratch/users/snarayanasamy/phage_uv_treatment/output/PRJEB79569/annotation/bakta/TBF1_MAGScoT_cleanbin_000061	/scratch/users/snarayanasamy/phage_uv_treatment/output/PRJEB79569/annotation/bakta/TBF1_MAGScoT_cleanbin_000061/bakta.done	/scratch/users/snarayanasamy/phage_uv_treatment/output/PRJEB79569/annotation/bakta/TBF1_MAGScoT_cleanbin_000061/TBF1_MAGScoT_cleanbin_000061.gff3	/scratch/users/snarayanasamy/phage_uv_treatment/output/PRJEB79569/annotation/bakta/TBF1_MAGScoT_cleanbin_000061/TBF1_MAGScoT_cleanbin_000061.tsv	/scratch/users/snarayanasamy/phage_uv_treatment/output/PRJEB79569/annotation/bakta/TBF1_MAGScoT_cleanbin_000061/TBF1_MAGScoT_cleanbin_000061.faa	/scratch/users/snarayanasamy/phage_uv_treatment/output/PRJEB79569/annotation/bakta/TBF1_MAGScoT_cleanbin_000061/TBF1_MAGScoT_cleanbin_000061.ffn	/scratch/users/snarayanasamy/phage_uv_treatment/output/PRJEB79569/annotation/bakta/TBF1_MAGScoT_cleanbin_000061/TBF1_MAGScoT_cleanbin_000061.json	/scratch/users/snarayanasamy/phage_uv_treatment/output/PRJEB79569/annotation/bakta/TBF1_MAGScoT_cleanbin_000061/TBF1_MAGScoT_cleanbin_000061.gbff	/scratch/users/snarayanasamy/phage_uv_treatment/output/PRJEB79569/annotation/bakta/TBF1_MAGScoT_cleanbin_000061/TBF1_MAGScoT_cleanbin_000061.hypotheticals.tsv	/scratch/users/snarayanasamy/phage_uv_treatment/output/PRJEB79569/annotation/bakta/TBF1_MAGScoT_cleanbin_000061/TBF1_MAGScoT_cleanbin_000061.inference.tsv
TBF1_MAGScoT_cleanbin_000062	/scratch/users/snarayanasamy/phage_uv_treatment/output/PRJEB79569/binning/dereplication/dereplicated_genomes/TBF1_MAGScoT_cleanbin_000062.fasta	/scratch/users/snarayanasamy/phage_uv_treatment/output/PRJEB79569/annotation/bakta/TBF1_MAGScoT_cleanbin_000062	/scratch/users/snarayanasamy/phage_uv_treatment/output/PRJEB79569/annotation/bakta/TBF1_MAGScoT_cleanbin_000062/bakta.done	/scratch/users/snarayanasamy/phage_uv_treatment/output/PRJEB79569/annotation/bakta/TBF1_MAGScoT_cleanbin_000062/TBF1_MAGScoT_cleanbin_000062.gff3	/scratch/users/snarayanasamy/phage_uv_treatment/output/PRJEB79569/annotation/bakta/TBF1_MAGScoT_cleanbin_000062/TBF1_MAGScoT_cleanbin_000062.tsv	/scratch/users/snarayanasamy/phage_uv_treatment/output/PRJEB79569/annotation/bakta/TBF1_MAGScoT_cleanbin_000062/TBF1_MAGScoT_cleanbin_000062.faa	/scratch/users/snarayanasamy/phage_uv_treatment/output/PRJEB79569/annotation/bakta/TBF1_MAGScoT_cleanbin_000062/TBF1_MAGScoT_cleanbin_000062.ffn	/scratch/users/snarayanasamy/phage_uv_treatment/output/PRJEB79569/annotation/bakta/TBF1_MAGScoT_cleanbin_000062/TBF1_MAGScoT_cleanbin_000062.json	/scratch/users/snarayanasamy/phage_uv_treatment/output/PRJEB79569/annotation/bakta/TBF1_MAGScoT_cleanbin_000062/TBF1_MAGScoT_cleanbin_000062.gbff	/scratch/users/snarayanasamy/phage_uv_treatment/output/PRJEB79569/annotation/bakta/TBF1_MAGScoT_cleanbin_000062/TBF1_MAGScoT_cleanbin_000062.hypotheticals.tsv	/scratch/users/snarayanasamy/phage_uv_treatment/output/PRJEB79569/annotation/bakta/TBF1_MAGScoT_cleanbin_000062/TBF1_MAGScoT_cleanbin_000062.inference.tsv
TBF1_MAGScoT_cleanbin_000063	/scratch/users/snarayanasamy/phage_uv_treatment/output/PRJEB79569/binning/dereplication/dereplicated_genomes/TBF1_MAGScoT_cleanbin_000063.fasta	/scratch/users/snarayanasamy/phage_uv_treatment/output/PRJEB79569/annotation/bakta/TBF1_MAGScoT_cleanbin_000063	/scratch/users/snarayanasamy/phage_uv_treatment/output/PRJEB79569/annotation/bakta/TBF1_MAGScoT_cleanbin_000063/bakta.done	/scratch/users/snarayanasamy/phage_uv_treatment/output/PRJEB79569/annotation/bakta/TBF1_MAGScoT_cleanbin_000063/TBF1_MAGScoT_cleanbin_000063.gff3	/scratch/users/snarayanasamy/phage_uv_treatment/output/PRJEB79569/annotation/bakta/TBF1_MAGScoT_cleanbin_000063/TBF1_MAGScoT_cleanbin_000063.tsv	/scratch/users/snarayanasamy/phage_uv_treatment/output/PRJEB79569/annotation/bakta/TBF1_MAGScoT_cleanbin_000063/TBF1_MAGScoT_cleanbin_000063.faa	/scratch/users/snarayanasamy/phage_uv_treatment/output/PRJEB79569/annotation/bakta/TBF1_MAGScoT_cleanbin_000063/TBF1_MAGScoT_cleanbin_000063.ffn	/scratch/users/snarayanasamy/phage_uv_treatment/output/PRJEB79569/annotation/bakta/TBF1_MAGScoT_cleanbin_000063/TBF1_MAGScoT_cleanbin_000063.json	/scratch/users/snarayanasamy/phage_uv_treatment/output/PRJEB79569/annotation/bakta/TBF1_MAGScoT_cleanbin_000063/TBF1_MAGScoT_cleanbin_000063.gbff	/scratch/users/snarayanasamy/phage_uv_treatment/output/PRJEB79569/annotation/bakta/TBF1_MAGScoT_cleanbin_000063/TBF1_MAGScoT_cleanbin_000063.hypotheticals.tsv	/scratch/users/snarayanasamy/phage_uv_treatment/output/PRJEB79569/annotation/bakta/TBF1_MAGScoT_cleanbin_000063/TBF1_MAGScoT_cleanbin_000063.inference.tsv
TBF1_MAGScoT_cleanbin_000065	/scratch/users/snarayanasamy/phage_uv_treatment/output/PRJEB79569/binning/dereplication/dereplicated_genomes/TBF1_MAGScoT_cleanbin_000065.fasta	/scratch/users/snarayanasamy/phage_uv_treatment/output/PRJEB79569/annotation/bakta/TBF1_MAGScoT_cleanbin_000065	/scratch/users/snarayanasamy/phage_uv_treatment/output/PRJEB79569/annotation/bakta/TBF1_MAGScoT_cleanbin_000065/bakta.done	/scratch/users/snarayanasamy/phage_uv_treatment/output/PRJEB79569/annotation/bakta/TBF1_MAGScoT_cleanbin_000065/TBF1_MAGScoT_cleanbin_000065.gff3	/scratch/users/snarayanasamy/phage_uv_treatment/output/PRJEB79569/annotation/bakta/TBF1_MAGScoT_cleanbin_000065/TBF1_MAGScoT_cleanbin_000065.tsv	/scratch/users/snarayanasamy/phage_uv_treatment/output/PRJEB79569/annotation/bakta/TBF1_MAGScoT_cleanbin_000065/TBF1_MAGScoT_cleanbin_000065.faa	/scratch/users/snarayanasamy/phage_uv_treatment/output/PRJEB79569/annotation/bakta/TBF1_MAGScoT_cleanbin_000065/TBF1_MAGScoT_cleanbin_000065.ffn	/scratch/users/snarayanasamy/phage_uv_treatment/output/PRJEB79569/annotation/bakta/TBF1_MAGScoT_cleanbin_000065/TBF1_MAGScoT_cleanbin_000065.json	/scratch/users/snarayanasamy/phage_uv_treatment/output/PRJEB79569/annotation/bakta/TBF1_MAGScoT_cleanbin_000065/TBF1_MAGScoT_cleanbin_000065.gbff	/scratch/users/snarayanasamy/phage_uv_treatment/output/PRJEB79569/annotation/bakta/TBF1_MAGScoT_cleanbin_000065/TBF1_MAGScoT_cleanbin_000065.hypotheticals.tsv	/scratch/users/snarayanasamy/phage_uv_treatment/output/PRJEB79569/annotation/bakta/TBF1_MAGScoT_cleanbin_000065/TBF1_MAGScoT_cleanbin_000065.inference.tsv
TBF1_MAGScoT_cleanbin_000074	/scratch/users/snarayanasamy/phage_uv_treatment/output/PRJEB79569/binning/dereplication/dereplicated_genomes/TBF1_MAGScoT_cleanbin_000074.fasta	/scratch/users/snarayanasamy/phage_uv_treatment/output/PRJEB79569/annotation/bakta/TBF1_MAGScoT_cleanbin_000074	/scratch/users/snarayanasamy/phage_uv_treatment/output/PRJEB79569/annotation/bakta/TBF1_MAGScoT_cleanbin_000074/bakta.done	/scratch/users/snarayanasamy/phage_uv_treatment/output/PRJEB79569/annotation/bakta/TBF1_MAGScoT_cleanbin_000074/TBF1_MAGScoT_cleanbin_000074.gff3	/scratch/users/snarayanasamy/phage_uv_treatment/output/PRJEB79569/annotation/bakta/TBF1_MAGScoT_cleanbin_000074/TBF1_MAGScoT_cleanbin_000074.tsv	/scratch/users/snarayanasamy/phage_uv_treatment/output/PRJEB79569/annotation/bakta/TBF1_MAGScoT_cleanbin_000074/TBF1_MAGScoT_cleanbin_000074.faa	/scratch/users/snarayanasamy/phage_uv_treatment/output/PRJEB79569/annotation/bakta/TBF1_MAGScoT_cleanbin_000074/TBF1_MAGScoT_cleanbin_000074.ffn	/scratch/users/snarayanasamy/phage_uv_treatment/output/PRJEB79569/annotation/bakta/TBF1_MAGScoT_cleanbin_000074/TBF1_MAGScoT_cleanbin_000074.json	/scratch/users/snarayanasamy/phage_uv_treatment/output/PRJEB79569/annotation/bakta/TBF1_MAGScoT_cleanbin_000074/TBF1_MAGScoT_cleanbin_000074.gbff	/scratch/users/snarayanasamy/phage_uv_treatment/output/PRJEB79569/annotation/bakta/TBF1_MAGScoT_cleanbin_000074/TBF1_MAGScoT_cleanbin_000074.hypotheticals.tsv	/scratch/users/snarayanasamy/phage_uv_treatment/output/PRJEB79569/annotation/bakta/TBF1_MAGScoT_cleanbin_000074/TBF1_MAGScoT_cleanbin_000074.inference.tsv
TBF1_MAGScoT_cleanbin_000078	/scratch/users/snarayanasamy/phage_uv_treatment/output/PRJEB79569/binning/dereplication/dereplicated_genomes/TBF1_MAGScoT_cleanbin_000078.fasta	/scratch/users/snarayanasamy/phage_uv_treatment/output/PRJEB79569/annotation/bakta/TBF1_MAGScoT_cleanbin_000078	/scratch/users/snarayanasamy/phage_uv_treatment/output/PRJEB79569/annotation/bakta/TBF1_MAGScoT_cleanbin_000078/bakta.done	/scratch/users/snarayanasamy/phage_uv_treatment/output/PRJEB79569/annotation/bakta/TBF1_MAGScoT_cleanbin_000078/TBF1_MAGScoT_cleanbin_000078.gff3	/scratch/users/snarayanasamy/phage_uv_treatment/output/PRJEB79569/annotation/bakta/TBF1_MAGScoT_cleanbin_000078/TBF1_MAGScoT_cleanbin_000078.tsv	/scratch/users/snarayanasamy/phage_uv_treatment/output/PRJEB79569/annotation/bakta/TBF1_MAGScoT_cleanbin_000078/TBF1_MAGScoT_cleanbin_000078.faa	/scratch/users/snarayanasamy/phage_uv_treatment/output/PRJEB79569/annotation/bakta/TBF1_MAGScoT_cleanbin_000078/TBF1_MAGScoT_cleanbin_000078.ffn	/scratch/users/snarayanasamy/phage_uv_treatment/output/PRJEB79569/annotation/bakta/TBF1_MAGScoT_cleanbin_000078/TBF1_MAGScoT_cleanbin_000078.json	/scratch/users/snarayanasamy/phage_uv_treatment/output/PRJEB79569/annotation/bakta/TBF1_MAGScoT_cleanbin_000078/TBF1_MAGScoT_cleanbin_000078.gbff	/scratch/users/snarayanasamy/phage_uv_treatment/output/PRJEB79569/annotation/bakta/TBF1_MAGScoT_cleanbin_000078/TBF1_MAGScoT_cleanbin_000078.hypotheticals.tsv	/scratch/users/snarayanasamy/phage_uv_treatment/output/PRJEB79569/annotation/bakta/TBF1_MAGScoT_cleanbin_000078/TBF1_MAGScoT_cleanbin_000078.inference.tsv
TBF1_MAGScoT_cleanbin_000081	/scratch/users/snarayanasamy/phage_uv_treatment/output/PRJEB79569/binning/dereplication/dereplicated_genomes/TBF1_MAGScoT_cleanbin_000081.fasta	/scratch/users/snarayanasamy/phage_uv_treatment/output/PRJEB79569/annotation/bakta/TBF1_MAGScoT_cleanbin_000081	/scratch/users/snarayanasamy/phage_uv_treatment/output/PRJEB79569/annotation/bakta/TBF1_MAGScoT_cleanbin_000081/bakta.done	/scratch/users/snarayanasamy/phage_uv_treatment/output/PRJEB79569/annotation/bakta/TBF1_MAGScoT_cleanbin_000081/TBF1_MAGScoT_cleanbin_000081.gff3	/scratch/users/snarayanasamy/phage_uv_treatment/output/PRJEB79569/annotation/bakta/TBF1_MAGScoT_cleanbin_000081/TBF1_MAGScoT_cleanbin_000081.tsv	/scratch/users/snarayanasamy/phage_uv_treatment/output/PRJEB79569/annotation/bakta/TBF1_MAGScoT_cleanbin_000081/TBF1_MAGScoT_cleanbin_000081.faa	/scratch/users/snarayanasamy/phage_uv_treatment/output/PRJEB79569/annotation/bakta/TBF1_MAGScoT_cleanbin_000081/TBF1_MAGScoT_cleanbin_000081.ffn	/scratch/users/snarayanasamy/phage_uv_treatment/output/PRJEB79569/annotation/bakta/TBF1_MAGScoT_cleanbin_000081/TBF1_MAGScoT_cleanbin_000081.json	/scratch/users/snarayanasamy/phage_uv_treatment/output/PRJEB79569/annotation/bakta/TBF1_MAGScoT_cleanbin_000081/TBF1_MAGScoT_cleanbin_000081.gbff	/scratch/users/snarayanasamy/phage_uv_treatment/output/PRJEB79569/annotation/bakta/TBF1_MAGScoT_cleanbin_000081/TBF1_MAGScoT_cleanbin_000081.hypotheticals.tsv	/scratch/users/snarayanasamy/phage_uv_treatment/output/PRJEB79569/annotation/bakta/TBF1_MAGScoT_cleanbin_000081/TBF1_MAGScoT_cleanbin_000081.inference.tsv
TBF1_MAGScoT_cleanbin_000082	/scratch/users/snarayanasamy/phage_uv_treatment/output/PRJEB79569/binning/dereplication/dereplicated_genomes/TBF1_MAGScoT_cleanbin_000082.fasta	/scratch/users/snarayanasamy/phage_uv_treatment/output/PRJEB79569/annotation/bakta/TBF1_MAGScoT_cleanbin_000082	/scratch/users/snarayanasamy/phage_uv_treatment/output/PRJEB79569/annotation/bakta/TBF1_MAGScoT_cleanbin_000082/bakta.done	/scratch/users/snarayanasamy/phage_uv_treatment/output/PRJEB79569/annotation/bakta/TBF1_MAGScoT_cleanbin_000082/TBF1_MAGScoT_cleanbin_000082.gff3	/scratch/users/snarayanasamy/phage_uv_treatment/output/PRJEB79569/annotation/bakta/TBF1_MAGScoT_cleanbin_000082/TBF1_MAGScoT_cleanbin_000082.tsv	/scratch/users/snarayanasamy/phage_uv_treatment/output/PRJEB79569/annotation/bakta/TBF1_MAGScoT_cleanbin_000082/TBF1_MAGScoT_cleanbin_000082.faa	/scratch/users/snarayanasamy/phage_uv_treatment/output/PRJEB79569/annotation/bakta/TBF1_MAGScoT_cleanbin_000082/TBF1_MAGScoT_cleanbin_000082.ffn	/scratch/users/snarayanasamy/phage_uv_treatment/output/PRJEB79569/annotation/bakta/TBF1_MAGScoT_cleanbin_000082/TBF1_MAGScoT_cleanbin_000082.json	/scratch/users/snarayanasamy/phage_uv_treatment/output/PRJEB79569/annotation/bakta/TBF1_MAGScoT_cleanbin_000082/TBF1_MAGScoT_cleanbin_000082.gbff	/scratch/users/snarayanasamy/phage_uv_treatment/output/PRJEB79569/annotation/bakta/TBF1_MAGScoT_cleanbin_000082/TBF1_MAGScoT_cleanbin_000082.hypotheticals.tsv	/scratch/users/snarayanasamy/phage_uv_treatment/output/PRJEB79569/annotation/bakta/TBF1_MAGScoT_cleanbin_000082/TBF1_MAGScoT_cleanbin_000082.inference.tsv
TBF1_MAGScoT_cleanbin_000088	/scratch/users/snarayanasamy/phage_uv_treatment/output/PRJEB79569/binning/dereplication/dereplicated_genomes/TBF1_MAGScoT_cleanbin_000088.fasta	/scratch/users/snarayanasamy/phage_uv_treatment/output/PRJEB79569/annotation/bakta/TBF1_MAGScoT_cleanbin_000088	/scratch/users/snarayanasamy/phage_uv_treatment/output/PRJEB79569/annotation/bakta/TBF1_MAGScoT_cleanbin_000088/bakta.done	/scratch/users/snarayanasamy/phage_uv_treatment/output/PRJEB79569/annotation/bakta/TBF1_MAGScoT_cleanbin_000088/TBF1_MAGScoT_cleanbin_000088.gff3	/scratch/users/snarayanasamy/phage_uv_treatment/output/PRJEB79569/annotation/bakta/TBF1_MAGScoT_cleanbin_000088/TBF1_MAGScoT_cleanbin_000088.tsv	/scratch/users/snarayanasamy/phage_uv_treatment/output/PRJEB79569/annotation/bakta/TBF1_MAGScoT_cleanbin_000088/TBF1_MAGScoT_cleanbin_000088.faa	/scratch/users/snarayanasamy/phage_uv_treatment/output/PRJEB79569/annotation/bakta/TBF1_MAGScoT_cleanbin_000088/TBF1_MAGScoT_cleanbin_000088.ffn	/scratch/users/snarayanasamy/phage_uv_treatment/output/PRJEB79569/annotation/bakta/TBF1_MAGScoT_cleanbin_000088/TBF1_MAGScoT_cleanbin_000088.json	/scratch/users/snarayanasamy/phage_uv_treatment/output/PRJEB79569/annotation/bakta/TBF1_MAGScoT_cleanbin_000088/TBF1_MAGScoT_cleanbin_000088.gbff	/scratch/users/snarayanasamy/phage_uv_treatment/output/PRJEB79569/annotation/bakta/TBF1_MAGScoT_cleanbin_000088/TBF1_MAGScoT_cleanbin_000088.hypotheticals.tsv	/scratch/users/snarayanasamy/phage_uv_treatment/output/PRJEB79569/annotation/bakta/TBF1_MAGScoT_cleanbin_000088/TBF1_MAGScoT_cleanbin_000088.inference.tsv
TBF1_MAGScoT_cleanbin_000096	/scratch/users/snarayanasamy/phage_uv_treatment/output/PRJEB79569/binning/dereplication/dereplicated_genomes/TBF1_MAGScoT_cleanbin_000096.fasta	/scratch/users/snarayanasamy/phage_uv_treatment/output/PRJEB79569/annotation/bakta/TBF1_MAGScoT_cleanbin_000096	/scratch/users/snarayanasamy/phage_uv_treatment/output/PRJEB79569/annotation/bakta/TBF1_MAGScoT_cleanbin_000096/bakta.done	/scratch/users/snarayanasamy/phage_uv_treatment/output/PRJEB79569/annotation/bakta/TBF1_MAGScoT_cleanbin_000096/TBF1_MAGScoT_cleanbin_000096.gff3	/scratch/users/snarayanasamy/phage_uv_treatment/output/PRJEB79569/annotation/bakta/TBF1_MAGScoT_cleanbin_000096/TBF1_MAGScoT_cleanbin_000096.tsv	/scratch/users/snarayanasamy/phage_uv_treatment/output/PRJEB79569/annotation/bakta/TBF1_MAGScoT_cleanbin_000096/TBF1_MAGScoT_cleanbin_000096.faa	/scratch/users/snarayanasamy/phage_uv_treatment/output/PRJEB79569/annotation/bakta/TBF1_MAGScoT_cleanbin_000096/TBF1_MAGScoT_cleanbin_000096.ffn	/scratch/users/snarayanasamy/phage_uv_treatment/output/PRJEB79569/annotation/bakta/TBF1_MAGScoT_cleanbin_000096/TBF1_MAGScoT_cleanbin_000096.json	/scratch/users/snarayanasamy/phage_uv_treatment/output/PRJEB79569/annotation/bakta/TBF1_MAGScoT_cleanbin_000096/TBF1_MAGScoT_cleanbin_000096.gbff	/scratch/users/snarayanasamy/phage_uv_treatment/output/PRJEB79569/annotation/bakta/TBF1_MAGScoT_cleanbin_000096/TBF1_MAGScoT_cleanbin_000096.hypotheticals.tsv	/scratch/users/snarayanasamy/phage_uv_treatment/output/PRJEB79569/annotation/bakta/TBF1_MAGScoT_cleanbin_000096/TBF1_MAGScoT_cleanbin_000096.inference.tsv
TBF1_MAGScoT_cleanbin_000102	/scratch/users/snarayanasamy/phage_uv_treatment/output/PRJEB79569/binning/dereplication/dereplicated_genomes/TBF1_MAGScoT_cleanbin_000102.fasta	/scratch/users/snarayanasamy/phage_uv_treatment/output/PRJEB79569/annotation/bakta/TBF1_MAGScoT_cleanbin_000102	/scratch/users/snarayanasamy/phage_uv_treatment/output/PRJEB79569/annotation/bakta/TBF1_MAGScoT_cleanbin_000102/bakta.done	/scratch/users/snarayanasamy/phage_uv_treatment/output/PRJEB79569/annotation/bakta/TBF1_MAGScoT_cleanbin_000102/TBF1_MAGScoT_cleanbin_000102.gff3	/scratch/users/snarayanasamy/phage_uv_treatment/output/PRJEB79569/annotation/bakta/TBF1_MAGScoT_cleanbin_000102/TBF1_MAGScoT_cleanbin_000102.tsv	/scratch/users/snarayanasamy/phage_uv_treatment/output/PRJEB79569/annotation/bakta/TBF1_MAGScoT_cleanbin_000102/TBF1_MAGScoT_cleanbin_000102.faa	/scratch/users/snarayanasamy/phage_uv_treatment/output/PRJEB79569/annotation/bakta/TBF1_MAGScoT_cleanbin_000102/TBF1_MAGScoT_cleanbin_000102.ffn	/scratch/users/snarayanasamy/phage_uv_treatment/output/PRJEB79569/annotation/bakta/TBF1_MAGScoT_cleanbin_000102/TBF1_MAGScoT_cleanbin_000102.json	/scratch/users/snarayanasamy/phage_uv_treatment/output/PRJEB79569/annotation/bakta/TBF1_MAGScoT_cleanbin_000102/TBF1_MAGScoT_cleanbin_000102.gbff	/scratch/users/snarayanasamy/phage_uv_treatment/output/PRJEB79569/annotation/bakta/TBF1_MAGScoT_cleanbin_000102/TBF1_MAGScoT_cleanbin_000102.hypotheticals.tsv	/scratch/users/snarayanasamy/phage_uv_treatment/output/PRJEB79569/annotation/bakta/TBF1_MAGScoT_cleanbin_000102/TBF1_MAGScoT_cleanbin_000102.inference.tsv
TBF1_MAGScoT_cleanbin_000103	/scratch/users/snarayanasamy/phage_uv_treatment/output/PRJEB79569/binning/dereplication/dereplicated_genomes/TBF1_MAGScoT_cleanbin_000103.fasta	/scratch/users/snarayanasamy/phage_uv_treatment/output/PRJEB79569/annotation/bakta/TBF1_MAGScoT_cleanbin_000103	/scratch/users/snarayanasamy/phage_uv_treatment/output/PRJEB79569/annotation/bakta/TBF1_MAGScoT_cleanbin_000103/bakta.done	/scratch/users/snarayanasamy/phage_uv_treatment/output/PRJEB79569/annotation/bakta/TBF1_MAGScoT_cleanbin_000103/TBF1_MAGScoT_cleanbin_000103.gff3	/scratch/users/snarayanasamy/phage_uv_treatment/output/PRJEB79569/annotation/bakta/TBF1_MAGScoT_cleanbin_000103/TBF1_MAGScoT_cleanbin_000103.tsv	/scratch/users/snarayanasamy/phage_uv_treatment/output/PRJEB79569/annotation/bakta/TBF1_MAGScoT_cleanbin_000103/TBF1_MAGScoT_cleanbin_000103.faa	/scratch/users/snarayanasamy/phage_uv_treatment/output/PRJEB79569/annotation/bakta/TBF1_MAGScoT_cleanbin_000103/TBF1_MAGScoT_cleanbin_000103.ffn	/scratch/users/snarayanasamy/phage_uv_treatment/output/PRJEB79569/annotation/bakta/TBF1_MAGScoT_cleanbin_000103/TBF1_MAGScoT_cleanbin_000103.json	/scratch/users/snarayanasamy/phage_uv_treatment/output/PRJEB79569/annotation/bakta/TBF1_MAGScoT_cleanbin_000103/TBF1_MAGScoT_cleanbin_000103.gbff	/scratch/users/snarayanasamy/phage_uv_treatment/output/PRJEB79569/annotation/bakta/TBF1_MAGScoT_cleanbin_000103/TBF1_MAGScoT_cleanbin_000103.hypotheticals.tsv	/scratch/users/snarayanasamy/phage_uv_treatment/output/PRJEB79569/annotation/bakta/TBF1_MAGScoT_cleanbin_000103/TBF1_MAGScoT_cleanbin_000103.inference.tsv
TBF1_MAGScoT_cleanbin_000109	/scratch/users/snarayanasamy/phage_uv_treatment/output/PRJEB79569/binning/dereplication/dereplicated_genomes/TBF1_MAGScoT_cleanbin_000109.fasta	/scratch/users/snarayanasamy/phage_uv_treatment/output/PRJEB79569/annotation/bakta/TBF1_MAGScoT_cleanbin_000109	/scratch/users/snarayanasamy/phage_uv_treatment/output/PRJEB79569/annotation/bakta/TBF1_MAGScoT_cleanbin_000109/bakta.done	/scratch/users/snarayanasamy/phage_uv_treatment/output/PRJEB79569/annotation/bakta/TBF1_MAGScoT_cleanbin_000109/TBF1_MAGScoT_cleanbin_000109.gff3	/scratch/users/snarayanasamy/phage_uv_treatment/output/PRJEB79569/annotation/bakta/TBF1_MAGScoT_cleanbin_000109/TBF1_MAGScoT_cleanbin_000109.tsv	/scratch/users/snarayanasamy/phage_uv_treatment/output/PRJEB79569/annotation/bakta/TBF1_MAGScoT_cleanbin_000109/TBF1_MAGScoT_cleanbin_000109.faa	/scratch/users/snarayanasamy/phage_uv_treatment/output/PRJEB79569/annotation/bakta/TBF1_MAGScoT_cleanbin_000109/TBF1_MAGScoT_cleanbin_000109.ffn	/scratch/users/snarayanasamy/phage_uv_treatment/output/PRJEB79569/annotation/bakta/TBF1_MAGScoT_cleanbin_000109/TBF1_MAGScoT_cleanbin_000109.json	/scratch/users/snarayanasamy/phage_uv_treatment/output/PRJEB79569/annotation/bakta/TBF1_MAGScoT_cleanbin_000109/TBF1_MAGScoT_cleanbin_000109.gbff	/scratch/users/snarayanasamy/phage_uv_treatment/output/PRJEB79569/annotation/bakta/TBF1_MAGScoT_cleanbin_000109/TBF1_MAGScoT_cleanbin_000109.hypotheticals.tsv	/scratch/users/snarayanasamy/phage_uv_treatment/output/PRJEB79569/annotation/bakta/TBF1_MAGScoT_cleanbin_000109/TBF1_MAGScoT_cleanbin_000109.inference.tsv
TBF1_MAGScoT_cleanbin_000112	/scratch/users/snarayanasamy/phage_uv_treatment/output/PRJEB79569/binning/dereplication/dereplicated_genomes/TBF1_MAGScoT_cleanbin_000112.fasta	/scratch/users/snarayanasamy/phage_uv_treatment/output/PRJEB79569/annotation/bakta/TBF1_MAGScoT_cleanbin_000112	/scratch/users/snarayanasamy/phage_uv_treatment/output/PRJEB79569/annotation/bakta/TBF1_MAGScoT_cleanbin_000112/bakta.done	/scratch/users/snarayanasamy/phage_uv_treatment/output/PRJEB79569/annotation/bakta/TBF1_MAGScoT_cleanbin_000112/TBF1_MAGScoT_cleanbin_000112.gff3	/scratch/users/snarayanasamy/phage_uv_treatment/output/PRJEB79569/annotation/bakta/TBF1_MAGScoT_cleanbin_000112/TBF1_MAGScoT_cleanbin_000112.tsv	/scratch/users/snarayanasamy/phage_uv_treatment/output/PRJEB79569/annotation/bakta/TBF1_MAGScoT_cleanbin_000112/TBF1_MAGScoT_cleanbin_000112.faa	/scratch/users/snarayanasamy/phage_uv_treatment/output/PRJEB79569/annotation/bakta/TBF1_MAGScoT_cleanbin_000112/TBF1_MAGScoT_cleanbin_000112.ffn	/scratch/users/snarayanasamy/phage_uv_treatment/output/PRJEB79569/annotation/bakta/TBF1_MAGScoT_cleanbin_000112/TBF1_MAGScoT_cleanbin_000112.json	/scratch/users/snarayanasamy/phage_uv_treatment/output/PRJEB79569/annotation/bakta/TBF1_MAGScoT_cleanbin_000112/TBF1_MAGScoT_cleanbin_000112.gbff	/scratch/users/snarayanasamy/phage_uv_treatment/output/PRJEB79569/annotation/bakta/TBF1_MAGScoT_cleanbin_000112/TBF1_MAGScoT_cleanbin_000112.hypotheticals.tsv	/scratch/users/snarayanasamy/phage_uv_treatment/output/PRJEB79569/annotation/bakta/TBF1_MAGScoT_cleanbin_000112/TBF1_MAGScoT_cleanbin_000112.inference.tsv
TBF1_MAGScoT_cleanbin_000116	/scratch/users/snarayanasamy/phage_uv_treatment/output/PRJEB79569/binning/dereplication/dereplicated_genomes/TBF1_MAGScoT_cleanbin_000116.fasta	/scratch/users/snarayanasamy/phage_uv_treatment/output/PRJEB79569/annotation/bakta/TBF1_MAGScoT_cleanbin_000116	/scratch/users/snarayanasamy/phage_uv_treatment/output/PRJEB79569/annotation/bakta/TBF1_MAGScoT_cleanbin_000116/bakta.done	/scratch/users/snarayanasamy/phage_uv_treatment/output/PRJEB79569/annotation/bakta/TBF1_MAGScoT_cleanbin_000116/TBF1_MAGScoT_cleanbin_000116.gff3	/scratch/users/snarayanasamy/phage_uv_treatment/output/PRJEB79569/annotation/bakta/TBF1_MAGScoT_cleanbin_000116/TBF1_MAGScoT_cleanbin_000116.tsv	/scratch/users/snarayanasamy/phage_uv_treatment/output/PRJEB79569/annotation/bakta/TBF1_MAGScoT_cleanbin_000116/TBF1_MAGScoT_cleanbin_000116.faa	/scratch/users/snarayanasamy/phage_uv_treatment/output/PRJEB79569/annotation/bakta/TBF1_MAGScoT_cleanbin_000116/TBF1_MAGScoT_cleanbin_000116.ffn	/scratch/users/snarayanasamy/phage_uv_treatment/output/PRJEB79569/annotation/bakta/TBF1_MAGScoT_cleanbin_000116/TBF1_MAGScoT_cleanbin_000116.json	/scratch/users/snarayanasamy/phage_uv_treatment/output/PRJEB79569/annotation/bakta/TBF1_MAGScoT_cleanbin_000116/TBF1_MAGScoT_cleanbin_000116.gbff	/scratch/users/snarayanasamy/phage_uv_treatment/output/PRJEB79569/annotation/bakta/TBF1_MAGScoT_cleanbin_000116/TBF1_MAGScoT_cleanbin_000116.hypotheticals.tsv	/scratch/users/snarayanasamy/phage_uv_treatment/output/PRJEB79569/annotation/bakta/TBF1_MAGScoT_cleanbin_000116/TBF1_MAGScoT_cleanbin_000116.inference.tsv
TBF1_MAGScoT_cleanbin_000123	/scratch/users/snarayanasamy/phage_uv_treatment/output/PRJEB79569/binning/dereplication/dereplicated_genomes/TBF1_MAGScoT_cleanbin_000123.fasta	/scratch/users/snarayanasamy/phage_uv_treatment/output/PRJEB79569/annotation/bakta/TBF1_MAGScoT_cleanbin_000123	/scratch/users/snarayanasamy/phage_uv_treatment/output/PRJEB79569/annotation/bakta/TBF1_MAGScoT_cleanbin_000123/bakta.done	/scratch/users/snarayanasamy/phage_uv_treatment/output/PRJEB79569/annotation/bakta/TBF1_MAGScoT_cleanbin_000123/TBF1_MAGScoT_cleanbin_000123.gff3	/scratch/users/snarayanasamy/phage_uv_treatment/output/PRJEB79569/annotation/bakta/TBF1_MAGScoT_cleanbin_000123/TBF1_MAGScoT_cleanbin_000123.tsv	/scratch/users/snarayanasamy/phage_uv_treatment/output/PRJEB79569/annotation/bakta/TBF1_MAGScoT_cleanbin_000123/TBF1_MAGScoT_cleanbin_000123.faa	/scratch/users/snarayanasamy/phage_uv_treatment/output/PRJEB79569/annotation/bakta/TBF1_MAGScoT_cleanbin_000123/TBF1_MAGScoT_cleanbin_000123.ffn	/scratch/users/snarayanasamy/phage_uv_treatment/output/PRJEB79569/annotation/bakta/TBF1_MAGScoT_cleanbin_000123/TBF1_MAGScoT_cleanbin_000123.json	/scratch/users/snarayanasamy/phage_uv_treatment/output/PRJEB79569/annotation/bakta/TBF1_MAGScoT_cleanbin_000123/TBF1_MAGScoT_cleanbin_000123.gbff	/scratch/users/snarayanasamy/phage_uv_treatment/output/PRJEB79569/annotation/bakta/TBF1_MAGScoT_cleanbin_000123/TBF1_MAGScoT_cleanbin_000123.hypotheticals.tsv	/scratch/users/snarayanasamy/phage_uv_treatment/output/PRJEB79569/annotation/bakta/TBF1_MAGScoT_cleanbin_000123/TBF1_MAGScoT_cleanbin_000123.inference.tsv
TBF1_MAGScoT_cleanbin_000149	/scratch/users/snarayanasamy/phage_uv_treatment/output/PRJEB79569/binning/dereplication/dereplicated_genomes/TBF1_MAGScoT_cleanbin_000149.fasta	/scratch/users/snarayanasamy/phage_uv_treatment/output/PRJEB79569/annotation/bakta/TBF1_MAGScoT_cleanbin_000149	/scratch/users/snarayanasamy/phage_uv_treatment/output/PRJEB79569/annotation/bakta/TBF1_MAGScoT_cleanbin_000149/bakta.done	/scratch/users/snarayanasamy/phage_uv_treatment/output/PRJEB79569/annotation/bakta/TBF1_MAGScoT_cleanbin_000149/TBF1_MAGScoT_cleanbin_000149.gff3	/scratch/users/snarayanasamy/phage_uv_treatment/output/PRJEB79569/annotation/bakta/TBF1_MAGScoT_cleanbin_000149/TBF1_MAGScoT_cleanbin_000149.tsv	/scratch/users/snarayanasamy/phage_uv_treatment/output/PRJEB79569/annotation/bakta/TBF1_MAGScoT_cleanbin_000149/TBF1_MAGScoT_cleanbin_000149.faa	/scratch/users/snarayanasamy/phage_uv_treatment/output/PRJEB79569/annotation/bakta/TBF1_MAGScoT_cleanbin_000149/TBF1_MAGScoT_cleanbin_000149.ffn	/scratch/users/snarayanasamy/phage_uv_treatment/output/PRJEB79569/annotation/bakta/TBF1_MAGScoT_cleanbin_000149/TBF1_MAGScoT_cleanbin_000149.json	/scratch/users/snarayanasamy/phage_uv_treatment/output/PRJEB79569/annotation/bakta/TBF1_MAGScoT_cleanbin_000149/TBF1_MAGScoT_cleanbin_000149.gbff	/scratch/users/snarayanasamy/phage_uv_treatment/output/PRJEB79569/annotation/bakta/TBF1_MAGScoT_cleanbin_000149/TBF1_MAGScoT_cleanbin_000149.hypotheticals.tsv	/scratch/users/snarayanasamy/phage_uv_treatment/output/PRJEB79569/annotation/bakta/TBF1_MAGScoT_cleanbin_000149/TBF1_MAGScoT_cleanbin_000149.inference.tsv
TBF2_MAGScoT_cleanbin_000001	/scratch/users/snarayanasamy/phage_uv_treatment/output/PRJEB79569/binning/dereplication/dereplicated_genomes/TBF2_MAGScoT_cleanbin_000001.fasta	/scratch/users/snarayanasamy/phage_uv_treatment/output/PRJEB79569/annotation/bakta/TBF2_MAGScoT_cleanbin_000001	/scratch/users/snarayanasamy/phage_uv_treatment/output/PRJEB79569/annotation/bakta/TBF2_MAGScoT_cleanbin_000001/bakta.done	/scratch/users/snarayanasamy/phage_uv_treatment/output/PRJEB79569/annotation/bakta/TBF2_MAGScoT_cleanbin_000001/TBF2_MAGScoT_cleanbin_000001.gff3	/scratch/users/snarayanasamy/phage_uv_treatment/output/PRJEB79569/annotation/bakta/TBF2_MAGScoT_cleanbin_000001/TBF2_MAGScoT_cleanbin_000001.tsv	/scratch/users/snarayanasamy/phage_uv_treatment/output/PRJEB79569/annotation/bakta/TBF2_MAGScoT_cleanbin_000001/TBF2_MAGScoT_cleanbin_000001.faa	/scratch/users/snarayanasamy/phage_uv_treatment/output/PRJEB79569/annotation/bakta/TBF2_MAGScoT_cleanbin_000001/TBF2_MAGScoT_cleanbin_000001.ffn	/scratch/users/snarayanasamy/phage_uv_treatment/output/PRJEB79569/annotation/bakta/TBF2_MAGScoT_cleanbin_000001/TBF2_MAGScoT_cleanbin_000001.json	/scratch/users/snarayanasamy/phage_uv_treatment/output/PRJEB79569/annotation/bakta/TBF2_MAGScoT_cleanbin_000001/TBF2_MAGScoT_cleanbin_000001.gbff	/scratch/users/snarayanasamy/phage_uv_treatment/output/PRJEB79569/annotation/bakta/TBF2_MAGScoT_cleanbin_000001/TBF2_MAGScoT_cleanbin_000001.hypotheticals.tsv	/scratch/users/snarayanasamy/phage_uv_treatment/output/PRJEB79569/annotation/bakta/TBF2_MAGScoT_cleanbin_000001/TBF2_MAGScoT_cleanbin_000001.inference.tsv
TBF2_MAGScoT_cleanbin_000002	/scratch/users/snarayanasamy/phage_uv_treatment/output/PRJEB79569/binning/dereplication/dereplicated_genomes/TBF2_MAGScoT_cleanbin_000002.fasta	/scratch/users/snarayanasamy/phage_uv_treatment/output/PRJEB79569/annotation/bakta/TBF2_MAGScoT_cleanbin_000002	/scratch/users/snarayanasamy/phage_uv_treatment/output/PRJEB79569/annotation/bakta/TBF2_MAGScoT_cleanbin_000002/bakta.done	/scratch/users/snarayanasamy/phage_uv_treatment/output/PRJEB79569/annotation/bakta/TBF2_MAGScoT_cleanbin_000002/TBF2_MAGScoT_cleanbin_000002.gff3	/scratch/users/snarayanasamy/phage_uv_treatment/output/PRJEB79569/annotation/bakta/TBF2_MAGScoT_cleanbin_000002/TBF2_MAGScoT_cleanbin_000002.tsv	/scratch/users/snarayanasamy/phage_uv_treatment/output/PRJEB79569/annotation/bakta/TBF2_MAGScoT_cleanbin_000002/TBF2_MAGScoT_cleanbin_000002.faa	/scratch/users/snarayanasamy/phage_uv_treatment/output/PRJEB79569/annotation/bakta/TBF2_MAGScoT_cleanbin_000002/TBF2_MAGScoT_cleanbin_000002.ffn	/scratch/users/snarayanasamy/phage_uv_treatment/output/PRJEB79569/annotation/bakta/TBF2_MAGScoT_cleanbin_000002/TBF2_MAGScoT_cleanbin_000002.json	/scratch/users/snarayanasamy/phage_uv_treatment/output/PRJEB79569/annotation/bakta/TBF2_MAGScoT_cleanbin_000002/TBF2_MAGScoT_cleanbin_000002.gbff	/scratch/users/snarayanasamy/phage_uv_treatment/output/PRJEB79569/annotation/bakta/TBF2_MAGScoT_cleanbin_000002/TBF2_MAGScoT_cleanbin_000002.hypotheticals.tsv	/scratch/users/snarayanasamy/phage_uv_treatment/output/PRJEB79569/annotation/bakta/TBF2_MAGScoT_cleanbin_000002/TBF2_MAGScoT_cleanbin_000002.inference.tsv
TBF2_MAGScoT_cleanbin_000003	/scratch/users/snarayanasamy/phage_uv_treatment/output/PRJEB79569/binning/dereplication/dereplicated_genomes/TBF2_MAGScoT_cleanbin_000003.fasta	/scratch/users/snarayanasamy/phage_uv_treatment/output/PRJEB79569/annotation/bakta/TBF2_MAGScoT_cleanbin_000003	/scratch/users/snarayanasamy/phage_uv_treatment/output/PRJEB79569/annotation/bakta/TBF2_MAGScoT_cleanbin_000003/bakta.done	/scratch/users/snarayanasamy/phage_uv_treatment/output/PRJEB79569/annotation/bakta/TBF2_MAGScoT_cleanbin_000003/TBF2_MAGScoT_cleanbin_000003.gff3	/scratch/users/snarayanasamy/phage_uv_treatment/output/PRJEB79569/annotation/bakta/TBF2_MAGScoT_cleanbin_000003/TBF2_MAGScoT_cleanbin_000003.tsv	/scratch/users/snarayanasamy/phage_uv_treatment/output/PRJEB79569/annotation/bakta/TBF2_MAGScoT_cleanbin_000003/TBF2_MAGScoT_cleanbin_000003.faa	/scratch/users/snarayanasamy/phage_uv_treatment/output/PRJEB79569/annotation/bakta/TBF2_MAGScoT_cleanbin_000003/TBF2_MAGScoT_cleanbin_000003.ffn	/scratch/users/snarayanasamy/phage_uv_treatment/output/PRJEB79569/annotation/bakta/TBF2_MAGScoT_cleanbin_000003/TBF2_MAGScoT_cleanbin_000003.json	/scratch/users/snarayanasamy/phage_uv_treatment/output/PRJEB79569/annotation/bakta/TBF2_MAGScoT_cleanbin_000003/TBF2_MAGScoT_cleanbin_000003.gbff	/scratch/users/snarayanasamy/phage_uv_treatment/output/PRJEB79569/annotation/bakta/TBF2_MAGScoT_cleanbin_000003/TBF2_MAGScoT_cleanbin_000003.hypotheticals.tsv	/scratch/users/snarayanasamy/phage_uv_treatment/output/PRJEB79569/annotation/bakta/TBF2_MAGScoT_cleanbin_000003/TBF2_MAGScoT_cleanbin_000003.inference.tsv
TBF2_MAGScoT_cleanbin_000004	/scratch/users/snarayanasamy/phage_uv_treatment/output/PRJEB79569/binning/dereplication/dereplicated_genomes/TBF2_MAGScoT_cleanbin_000004.fasta	/scratch/users/snarayanasamy/phage_uv_treatment/output/PRJEB79569/annotation/bakta/TBF2_MAGScoT_cleanbin_000004	/scratch/users/snarayanasamy/phage_uv_treatment/output/PRJEB79569/annotation/bakta/TBF2_MAGScoT_cleanbin_000004/bakta.done	/scratch/users/snarayanasamy/phage_uv_treatment/output/PRJEB79569/annotation/bakta/TBF2_MAGScoT_cleanbin_000004/TBF2_MAGScoT_cleanbin_000004.gff3	/scratch/users/snarayanasamy/phage_uv_treatment/output/PRJEB79569/annotation/bakta/TBF2_MAGScoT_cleanbin_000004/TBF2_MAGScoT_cleanbin_000004.tsv	/scratch/users/snarayanasamy/phage_uv_treatment/output/PRJEB79569/annotation/bakta/TBF2_MAGScoT_cleanbin_000004/TBF2_MAGScoT_cleanbin_000004.faa	/scratch/users/snarayanasamy/phage_uv_treatment/output/PRJEB79569/annotation/bakta/TBF2_MAGScoT_cleanbin_000004/TBF2_MAGScoT_cleanbin_000004.ffn	/scratch/users/snarayanasamy/phage_uv_treatment/output/PRJEB79569/annotation/bakta/TBF2_MAGScoT_cleanbin_000004/TBF2_MAGScoT_cleanbin_000004.json	/scratch/users/snarayanasamy/phage_uv_treatment/output/PRJEB79569/annotation/bakta/TBF2_MAGScoT_cleanbin_000004/TBF2_MAGScoT_cleanbin_000004.gbff	/scratch/users/snarayanasamy/phage_uv_treatment/output/PRJEB79569/annotation/bakta/TBF2_MAGScoT_cleanbin_000004/TBF2_MAGScoT_cleanbin_000004.hypotheticals.tsv	/scratch/users/snarayanasamy/phage_uv_treatment/output/PRJEB79569/annotation/bakta/TBF2_MAGScoT_cleanbin_000004/TBF2_MAGScoT_cleanbin_000004.inference.tsv
TBF2_MAGScoT_cleanbin_000006	/scratch/users/snarayanasamy/phage_uv_treatment/output/PRJEB79569/binning/dereplication/dereplicated_genomes/TBF2_MAGScoT_cleanbin_000006.fasta	/scratch/users/snarayanasamy/phage_uv_treatment/output/PRJEB79569/annotation/bakta/TBF2_MAGScoT_cleanbin_000006	/scratch/users/snarayanasamy/phage_uv_treatment/output/PRJEB79569/annotation/bakta/TBF2_MAGScoT_cleanbin_000006/bakta.done	/scratch/users/snarayanasamy/phage_uv_treatment/output/PRJEB79569/annotation/bakta/TBF2_MAGScoT_cleanbin_000006/TBF2_MAGScoT_cleanbin_000006.gff3	/scratch/users/snarayanasamy/phage_uv_treatment/output/PRJEB79569/annotation/bakta/TBF2_MAGScoT_cleanbin_000006/TBF2_MAGScoT_cleanbin_000006.tsv	/scratch/users/snarayanasamy/phage_uv_treatment/output/PRJEB79569/annotation/bakta/TBF2_MAGScoT_cleanbin_000006/TBF2_MAGScoT_cleanbin_000006.faa	/scratch/users/snarayanasamy/phage_uv_treatment/output/PRJEB79569/annotation/bakta/TBF2_MAGScoT_cleanbin_000006/TBF2_MAGScoT_cleanbin_000006.ffn	/scratch/users/snarayanasamy/phage_uv_treatment/output/PRJEB79569/annotation/bakta/TBF2_MAGScoT_cleanbin_000006/TBF2_MAGScoT_cleanbin_000006.json	/scratch/users/snarayanasamy/phage_uv_treatment/output/PRJEB79569/annotation/bakta/TBF2_MAGScoT_cleanbin_000006/TBF2_MAGScoT_cleanbin_000006.gbff	/scratch/users/snarayanasamy/phage_uv_treatment/output/PRJEB79569/annotation/bakta/TBF2_MAGScoT_cleanbin_000006/TBF2_MAGScoT_cleanbin_000006.hypotheticals.tsv	/scratch/users/snarayanasamy/phage_uv_treatment/output/PRJEB79569/annotation/bakta/TBF2_MAGScoT_cleanbin_000006/TBF2_MAGScoT_cleanbin_000006.inference.tsv
TBF2_MAGScoT_cleanbin_000007	/scratch/users/snarayanasamy/phage_uv_treatment/output/PRJEB79569/binning/dereplication/dereplicated_genomes/TBF2_MAGScoT_cleanbin_000007.fasta	/scratch/users/snarayanasamy/phage_uv_treatment/output/PRJEB79569/annotation/bakta/TBF2_MAGScoT_cleanbin_000007	/scratch/users/snarayanasamy/phage_uv_treatment/output/PRJEB79569/annotation/bakta/TBF2_MAGScoT_cleanbin_000007/bakta.done	/scratch/users/snarayanasamy/phage_uv_treatment/output/PRJEB79569/annotation/bakta/TBF2_MAGScoT_cleanbin_000007/TBF2_MAGScoT_cleanbin_000007.gff3	/scratch/users/snarayanasamy/phage_uv_treatment/output/PRJEB79569/annotation/bakta/TBF2_MAGScoT_cleanbin_000007/TBF2_MAGScoT_cleanbin_000007.tsv	/scratch/users/snarayanasamy/phage_uv_treatment/output/PRJEB79569/annotation/bakta/TBF2_MAGScoT_cleanbin_000007/TBF2_MAGScoT_cleanbin_000007.faa	/scratch/users/snarayanasamy/phage_uv_treatment/output/PRJEB79569/annotation/bakta/TBF2_MAGScoT_cleanbin_000007/TBF2_MAGScoT_cleanbin_000007.ffn	/scratch/users/snarayanasamy/phage_uv_treatment/output/PRJEB79569/annotation/bakta/TBF2_MAGScoT_cleanbin_000007/TBF2_MAGScoT_cleanbin_000007.json	/scratch/users/snarayanasamy/phage_uv_treatment/output/PRJEB79569/annotation/bakta/TBF2_MAGScoT_cleanbin_000007/TBF2_MAGScoT_cleanbin_000007.gbff	/scratch/users/snarayanasamy/phage_uv_treatment/output/PRJEB79569/annotation/bakta/TBF2_MAGScoT_cleanbin_000007/TBF2_MAGScoT_cleanbin_000007.hypotheticals.tsv	/scratch/users/snarayanasamy/phage_uv_treatment/output/PRJEB79569/annotation/bakta/TBF2_MAGScoT_cleanbin_000007/TBF2_MAGScoT_cleanbin_000007.inference.tsv
TBF2_MAGScoT_cleanbin_000009	/scratch/users/snarayanasamy/phage_uv_treatment/output/PRJEB79569/binning/dereplication/dereplicated_genomes/TBF2_MAGScoT_cleanbin_000009.fasta	/scratch/users/snarayanasamy/phage_uv_treatment/output/PRJEB79569/annotation/bakta/TBF2_MAGScoT_cleanbin_000009	/scratch/users/snarayanasamy/phage_uv_treatment/output/PRJEB79569/annotation/bakta/TBF2_MAGScoT_cleanbin_000009/bakta.done	/scratch/users/snarayanasamy/phage_uv_treatment/output/PRJEB79569/annotation/bakta/TBF2_MAGScoT_cleanbin_000009/TBF2_MAGScoT_cleanbin_000009.gff3	/scratch/users/snarayanasamy/phage_uv_treatment/output/PRJEB79569/annotation/bakta/TBF2_MAGScoT_cleanbin_000009/TBF2_MAGScoT_cleanbin_000009.tsv	/scratch/users/snarayanasamy/phage_uv_treatment/output/PRJEB79569/annotation/bakta/TBF2_MAGScoT_cleanbin_000009/TBF2_MAGScoT_cleanbin_000009.faa	/scratch/users/snarayanasamy/phage_uv_treatment/output/PRJEB79569/annotation/bakta/TBF2_MAGScoT_cleanbin_000009/TBF2_MAGScoT_cleanbin_000009.ffn	/scratch/users/snarayanasamy/phage_uv_treatment/output/PRJEB79569/annotation/bakta/TBF2_MAGScoT_cleanbin_000009/TBF2_MAGScoT_cleanbin_000009.json	/scratch/users/snarayanasamy/phage_uv_treatment/output/PRJEB79569/annotation/bakta/TBF2_MAGScoT_cleanbin_000009/TBF2_MAGScoT_cleanbin_000009.gbff	/scratch/users/snarayanasamy/phage_uv_treatment/output/PRJEB79569/annotation/bakta/TBF2_MAGScoT_cleanbin_000009/TBF2_MAGScoT_cleanbin_000009.hypotheticals.tsv	/scratch/users/snarayanasamy/phage_uv_treatment/output/PRJEB79569/annotation/bakta/TBF2_MAGScoT_cleanbin_000009/TBF2_MAGScoT_cleanbin_000009.inference.tsv
TBF2_MAGScoT_cleanbin_000011	/scratch/users/snarayanasamy/phage_uv_treatment/output/PRJEB79569/binning/dereplication/dereplicated_genomes/TBF2_MAGScoT_cleanbin_000011.fasta	/scratch/users/snarayanasamy/phage_uv_treatment/output/PRJEB79569/annotation/bakta/TBF2_MAGScoT_cleanbin_000011	/scratch/users/snarayanasamy/phage_uv_treatment/output/PRJEB79569/annotation/bakta/TBF2_MAGScoT_cleanbin_000011/bakta.done	/scratch/users/snarayanasamy/phage_uv_treatment/output/PRJEB79569/annotation/bakta/TBF2_MAGScoT_cleanbin_000011/TBF2_MAGScoT_cleanbin_000011.gff3	/scratch/users/snarayanasamy/phage_uv_treatment/output/PRJEB79569/annotation/bakta/TBF2_MAGScoT_cleanbin_000011/TBF2_MAGScoT_cleanbin_000011.tsv	/scratch/users/snarayanasamy/phage_uv_treatment/output/PRJEB79569/annotation/bakta/TBF2_MAGScoT_cleanbin_000011/TBF2_MAGScoT_cleanbin_000011.faa	/scratch/users/snarayanasamy/phage_uv_treatment/output/PRJEB79569/annotation/bakta/TBF2_MAGScoT_cleanbin_000011/TBF2_MAGScoT_cleanbin_000011.ffn	/scratch/users/snarayanasamy/phage_uv_treatment/output/PRJEB79569/annotation/bakta/TBF2_MAGScoT_cleanbin_000011/TBF2_MAGScoT_cleanbin_000011.json	/scratch/users/snarayanasamy/phage_uv_treatment/output/PRJEB79569/annotation/bakta/TBF2_MAGScoT_cleanbin_000011/TBF2_MAGScoT_cleanbin_000011.gbff	/scratch/users/snarayanasamy/phage_uv_treatment/output/PRJEB79569/annotation/bakta/TBF2_MAGScoT_cleanbin_000011/TBF2_MAGScoT_cleanbin_000011.hypotheticals.tsv	/scratch/users/snarayanasamy/phage_uv_treatment/output/PRJEB79569/annotation/bakta/TBF2_MAGScoT_cleanbin_000011/TBF2_MAGScoT_cleanbin_000011.inference.tsv
TBF2_MAGScoT_cleanbin_000013	/scratch/users/snarayanasamy/phage_uv_treatment/output/PRJEB79569/binning/dereplication/dereplicated_genomes/TBF2_MAGScoT_cleanbin_000013.fasta	/scratch/users/snarayanasamy/phage_uv_treatment/output/PRJEB79569/annotation/bakta/TBF2_MAGScoT_cleanbin_000013	/scratch/users/snarayanasamy/phage_uv_treatment/output/PRJEB79569/annotation/bakta/TBF2_MAGScoT_cleanbin_000013/bakta.done	/scratch/users/snarayanasamy/phage_uv_treatment/output/PRJEB79569/annotation/bakta/TBF2_MAGScoT_cleanbin_000013/TBF2_MAGScoT_cleanbin_000013.gff3	/scratch/users/snarayanasamy/phage_uv_treatment/output/PRJEB79569/annotation/bakta/TBF2_MAGScoT_cleanbin_000013/TBF2_MAGScoT_cleanbin_000013.tsv	/scratch/users/snarayanasamy/phage_uv_treatment/output/PRJEB79569/annotation/bakta/TBF2_MAGScoT_cleanbin_000013/TBF2_MAGScoT_cleanbin_000013.faa	/scratch/users/snarayanasamy/phage_uv_treatment/output/PRJEB79569/annotation/bakta/TBF2_MAGScoT_cleanbin_000013/TBF2_MAGScoT_cleanbin_000013.ffn	/scratch/users/snarayanasamy/phage_uv_treatment/output/PRJEB79569/annotation/bakta/TBF2_MAGScoT_cleanbin_000013/TBF2_MAGScoT_cleanbin_000013.json	/scratch/users/snarayanasamy/phage_uv_treatment/output/PRJEB79569/annotation/bakta/TBF2_MAGScoT_cleanbin_000013/TBF2_MAGScoT_cleanbin_000013.gbff	/scratch/users/snarayanasamy/phage_uv_treatment/output/PRJEB79569/annotation/bakta/TBF2_MAGScoT_cleanbin_000013/TBF2_MAGScoT_cleanbin_000013.hypotheticals.tsv	/scratch/users/snarayanasamy/phage_uv_treatment/output/PRJEB79569/annotation/bakta/TBF2_MAGScoT_cleanbin_000013/TBF2_MAGScoT_cleanbin_000013.inference.tsv
TBF2_MAGScoT_cleanbin_000018	/scratch/users/snarayanasamy/phage_uv_treatment/output/PRJEB79569/binning/dereplication/dereplicated_genomes/TBF2_MAGScoT_cleanbin_000018.fasta	/scratch/users/snarayanasamy/phage_uv_treatment/output/PRJEB79569/annotation/bakta/TBF2_MAGScoT_cleanbin_000018	/scratch/users/snarayanasamy/phage_uv_treatment/output/PRJEB79569/annotation/bakta/TBF2_MAGScoT_cleanbin_000018/bakta.done	/scratch/users/snarayanasamy/phage_uv_treatment/output/PRJEB79569/annotation/bakta/TBF2_MAGScoT_cleanbin_000018/TBF2_MAGScoT_cleanbin_000018.gff3	/scratch/users/snarayanasamy/phage_uv_treatment/output/PRJEB79569/annotation/bakta/TBF2_MAGScoT_cleanbin_000018/TBF2_MAGScoT_cleanbin_000018.tsv	/scratch/users/snarayanasamy/phage_uv_treatment/output/PRJEB79569/annotation/bakta/TBF2_MAGScoT_cleanbin_000018/TBF2_MAGScoT_cleanbin_000018.faa	/scratch/users/snarayanasamy/phage_uv_treatment/output/PRJEB79569/annotation/bakta/TBF2_MAGScoT_cleanbin_000018/TBF2_MAGScoT_cleanbin_000018.ffn	/scratch/users/snarayanasamy/phage_uv_treatment/output/PRJEB79569/annotation/bakta/TBF2_MAGScoT_cleanbin_000018/TBF2_MAGScoT_cleanbin_000018.json	/scratch/users/snarayanasamy/phage_uv_treatment/output/PRJEB79569/annotation/bakta/TBF2_MAGScoT_cleanbin_000018/TBF2_MAGScoT_cleanbin_000018.gbff	/scratch/users/snarayanasamy/phage_uv_treatment/output/PRJEB79569/annotation/bakta/TBF2_MAGScoT_cleanbin_000018/TBF2_MAGScoT_cleanbin_000018.hypotheticals.tsv	/scratch/users/snarayanasamy/phage_uv_treatment/output/PRJEB79569/annotation/bakta/TBF2_MAGScoT_cleanbin_000018/TBF2_MAGScoT_cleanbin_000018.inference.tsv
TBF2_MAGScoT_cleanbin_000019	/scratch/users/snarayanasamy/phage_uv_treatment/output/PRJEB79569/binning/dereplication/dereplicated_genomes/TBF2_MAGScoT_cleanbin_000019.fasta	/scratch/users/snarayanasamy/phage_uv_treatment/output/PRJEB79569/annotation/bakta/TBF2_MAGScoT_cleanbin_000019	/scratch/users/snarayanasamy/phage_uv_treatment/output/PRJEB79569/annotation/bakta/TBF2_MAGScoT_cleanbin_000019/bakta.done	/scratch/users/snarayanasamy/phage_uv_treatment/output/PRJEB79569/annotation/bakta/TBF2_MAGScoT_cleanbin_000019/TBF2_MAGScoT_cleanbin_000019.gff3	/scratch/users/snarayanasamy/phage_uv_treatment/output/PRJEB79569/annotation/bakta/TBF2_MAGScoT_cleanbin_000019/TBF2_MAGScoT_cleanbin_000019.tsv	/scratch/users/snarayanasamy/phage_uv_treatment/output/PRJEB79569/annotation/bakta/TBF2_MAGScoT_cleanbin_000019/TBF2_MAGScoT_cleanbin_000019.faa	/scratch/users/snarayanasamy/phage_uv_treatment/output/PRJEB79569/annotation/bakta/TBF2_MAGScoT_cleanbin_000019/TBF2_MAGScoT_cleanbin_000019.ffn	/scratch/users/snarayanasamy/phage_uv_treatment/output/PRJEB79569/annotation/bakta/TBF2_MAGScoT_cleanbin_000019/TBF2_MAGScoT_cleanbin_000019.json	/scratch/users/snarayanasamy/phage_uv_treatment/output/PRJEB79569/annotation/bakta/TBF2_MAGScoT_cleanbin_000019/TBF2_MAGScoT_cleanbin_000019.gbff	/scratch/users/snarayanasamy/phage_uv_treatment/output/PRJEB79569/annotation/bakta/TBF2_MAGScoT_cleanbin_000019/TBF2_MAGScoT_cleanbin_000019.hypotheticals.tsv	/scratch/users/snarayanasamy/phage_uv_treatment/output/PRJEB79569/annotation/bakta/TBF2_MAGScoT_cleanbin_000019/TBF2_MAGScoT_cleanbin_000019.inference.tsv
TBF2_MAGScoT_cleanbin_000020	/scratch/users/snarayanasamy/phage_uv_treatment/output/PRJEB79569/binning/dereplication/dereplicated_genomes/TBF2_MAGScoT_cleanbin_000020.fasta	/scratch/users/snarayanasamy/phage_uv_treatment/output/PRJEB79569/annotation/bakta/TBF2_MAGScoT_cleanbin_000020	/scratch/users/snarayanasamy/phage_uv_treatment/output/PRJEB79569/annotation/bakta/TBF2_MAGScoT_cleanbin_000020/bakta.done	/scratch/users/snarayanasamy/phage_uv_treatment/output/PRJEB79569/annotation/bakta/TBF2_MAGScoT_cleanbin_000020/TBF2_MAGScoT_cleanbin_000020.gff3	/scratch/users/snarayanasamy/phage_uv_treatment/output/PRJEB79569/annotation/bakta/TBF2_MAGScoT_cleanbin_000020/TBF2_MAGScoT_cleanbin_000020.tsv	/scratch/users/snarayanasamy/phage_uv_treatment/output/PRJEB79569/annotation/bakta/TBF2_MAGScoT_cleanbin_000020/TBF2_MAGScoT_cleanbin_000020.faa	/scratch/users/snarayanasamy/phage_uv_treatment/output/PRJEB79569/annotation/bakta/TBF2_MAGScoT_cleanbin_000020/TBF2_MAGScoT_cleanbin_000020.ffn	/scratch/users/snarayanasamy/phage_uv_treatment/output/PRJEB79569/annotation/bakta/TBF2_MAGScoT_cleanbin_000020/TBF2_MAGScoT_cleanbin_000020.json	/scratch/users/snarayanasamy/phage_uv_treatment/output/PRJEB79569/annotation/bakta/TBF2_MAGScoT_cleanbin_000020/TBF2_MAGScoT_cleanbin_000020.gbff	/scratch/users/snarayanasamy/phage_uv_treatment/output/PRJEB79569/annotation/bakta/TBF2_MAGScoT_cleanbin_000020/TBF2_MAGScoT_cleanbin_000020.hypotheticals.tsv	/scratch/users/snarayanasamy/phage_uv_treatment/output/PRJEB79569/annotation/bakta/TBF2_MAGScoT_cleanbin_000020/TBF2_MAGScoT_cleanbin_000020.inference.tsv
TBF2_MAGScoT_cleanbin_000022	/scratch/users/snarayanasamy/phage_uv_treatment/output/PRJEB79569/binning/dereplication/dereplicated_genomes/TBF2_MAGScoT_cleanbin_000022.fasta	/scratch/users/snarayanasamy/phage_uv_treatment/output/PRJEB79569/annotation/bakta/TBF2_MAGScoT_cleanbin_000022	/scratch/users/snarayanasamy/phage_uv_treatment/output/PRJEB79569/annotation/bakta/TBF2_MAGScoT_cleanbin_000022/bakta.done	/scratch/users/snarayanasamy/phage_uv_treatment/output/PRJEB79569/annotation/bakta/TBF2_MAGScoT_cleanbin_000022/TBF2_MAGScoT_cleanbin_000022.gff3	/scratch/users/snarayanasamy/phage_uv_treatment/output/PRJEB79569/annotation/bakta/TBF2_MAGScoT_cleanbin_000022/TBF2_MAGScoT_cleanbin_000022.tsv	/scratch/users/snarayanasamy/phage_uv_treatment/output/PRJEB79569/annotation/bakta/TBF2_MAGScoT_cleanbin_000022/TBF2_MAGScoT_cleanbin_000022.faa	/scratch/users/snarayanasamy/phage_uv_treatment/output/PRJEB79569/annotation/bakta/TBF2_MAGScoT_cleanbin_000022/TBF2_MAGScoT_cleanbin_000022.ffn	/scratch/users/snarayanasamy/phage_uv_treatment/output/PRJEB79569/annotation/bakta/TBF2_MAGScoT_cleanbin_000022/TBF2_MAGScoT_cleanbin_000022.json	/scratch/users/snarayanasamy/phage_uv_treatment/output/PRJEB79569/annotation/bakta/TBF2_MAGScoT_cleanbin_000022/TBF2_MAGScoT_cleanbin_000022.gbff	/scratch/users/snarayanasamy/phage_uv_treatment/output/PRJEB79569/annotation/bakta/TBF2_MAGScoT_cleanbin_000022/TBF2_MAGScoT_cleanbin_000022.hypotheticals.tsv	/scratch/users/snarayanasamy/phage_uv_treatment/output/PRJEB79569/annotation/bakta/TBF2_MAGScoT_cleanbin_000022/TBF2_MAGScoT_cleanbin_000022.inference.tsv
TBF2_MAGScoT_cleanbin_000025	/scratch/users/snarayanasamy/phage_uv_treatment/output/PRJEB79569/binning/dereplication/dereplicated_genomes/TBF2_MAGScoT_cleanbin_000025.fasta	/scratch/users/snarayanasamy/phage_uv_treatment/output/PRJEB79569/annotation/bakta/TBF2_MAGScoT_cleanbin_000025	/scratch/users/snarayanasamy/phage_uv_treatment/output/PRJEB79569/annotation/bakta/TBF2_MAGScoT_cleanbin_000025/bakta.done	/scratch/users/snarayanasamy/phage_uv_treatment/output/PRJEB79569/annotation/bakta/TBF2_MAGScoT_cleanbin_000025/TBF2_MAGScoT_cleanbin_000025.gff3	/scratch/users/snarayanasamy/phage_uv_treatment/output/PRJEB79569/annotation/bakta/TBF2_MAGScoT_cleanbin_000025/TBF2_MAGScoT_cleanbin_000025.tsv	/scratch/users/snarayanasamy/phage_uv_treatment/output/PRJEB79569/annotation/bakta/TBF2_MAGScoT_cleanbin_000025/TBF2_MAGScoT_cleanbin_000025.faa	/scratch/users/snarayanasamy/phage_uv_treatment/output/PRJEB79569/annotation/bakta/TBF2_MAGScoT_cleanbin_000025/TBF2_MAGScoT_cleanbin_000025.ffn	/scratch/users/snarayanasamy/phage_uv_treatment/output/PRJEB79569/annotation/bakta/TBF2_MAGScoT_cleanbin_000025/TBF2_MAGScoT_cleanbin_000025.json	/scratch/users/snarayanasamy/phage_uv_treatment/output/PRJEB79569/annotation/bakta/TBF2_MAGScoT_cleanbin_000025/TBF2_MAGScoT_cleanbin_000025.gbff	/scratch/users/snarayanasamy/phage_uv_treatment/output/PRJEB79569/annotation/bakta/TBF2_MAGScoT_cleanbin_000025/TBF2_MAGScoT_cleanbin_000025.hypotheticals.tsv	/scratch/users/snarayanasamy/phage_uv_treatment/output/PRJEB79569/annotation/bakta/TBF2_MAGScoT_cleanbin_000025/TBF2_MAGScoT_cleanbin_000025.inference.tsv
TBF2_MAGScoT_cleanbin_000029	/scratch/users/snarayanasamy/phage_uv_treatment/output/PRJEB79569/binning/dereplication/dereplicated_genomes/TBF2_MAGScoT_cleanbin_000029.fasta	/scratch/users/snarayanasamy/phage_uv_treatment/output/PRJEB79569/annotation/bakta/TBF2_MAGScoT_cleanbin_000029	/scratch/users/snarayanasamy/phage_uv_treatment/output/PRJEB79569/annotation/bakta/TBF2_MAGScoT_cleanbin_000029/bakta.done	/scratch/users/snarayanasamy/phage_uv_treatment/output/PRJEB79569/annotation/bakta/TBF2_MAGScoT_cleanbin_000029/TBF2_MAGScoT_cleanbin_000029.gff3	/scratch/users/snarayanasamy/phage_uv_treatment/output/PRJEB79569/annotation/bakta/TBF2_MAGScoT_cleanbin_000029/TBF2_MAGScoT_cleanbin_000029.tsv	/scratch/users/snarayanasamy/phage_uv_treatment/output/PRJEB79569/annotation/bakta/TBF2_MAGScoT_cleanbin_000029/TBF2_MAGScoT_cleanbin_000029.faa	/scratch/users/snarayanasamy/phage_uv_treatment/output/PRJEB79569/annotation/bakta/TBF2_MAGScoT_cleanbin_000029/TBF2_MAGScoT_cleanbin_000029.ffn	/scratch/users/snarayanasamy/phage_uv_treatment/output/PRJEB79569/annotation/bakta/TBF2_MAGScoT_cleanbin_000029/TBF2_MAGScoT_cleanbin_000029.json	/scratch/users/snarayanasamy/phage_uv_treatment/output/PRJEB79569/annotation/bakta/TBF2_MAGScoT_cleanbin_000029/TBF2_MAGScoT_cleanbin_000029.gbff	/scratch/users/snarayanasamy/phage_uv_treatment/output/PRJEB79569/annotation/bakta/TBF2_MAGScoT_cleanbin_000029/TBF2_MAGScoT_cleanbin_000029.hypotheticals.tsv	/scratch/users/snarayanasamy/phage_uv_treatment/output/PRJEB79569/annotation/bakta/TBF2_MAGScoT_cleanbin_000029/TBF2_MAGScoT_cleanbin_000029.inference.tsv
TBF2_MAGScoT_cleanbin_000032	/scratch/users/snarayanasamy/phage_uv_treatment/output/PRJEB79569/binning/dereplication/dereplicated_genomes/TBF2_MAGScoT_cleanbin_000032.fasta	/scratch/users/snarayanasamy/phage_uv_treatment/output/PRJEB79569/annotation/bakta/TBF2_MAGScoT_cleanbin_000032	/scratch/users/snarayanasamy/phage_uv_treatment/output/PRJEB79569/annotation/bakta/TBF2_MAGScoT_cleanbin_000032/bakta.done	/scratch/users/snarayanasamy/phage_uv_treatment/output/PRJEB79569/annotation/bakta/TBF2_MAGScoT_cleanbin_000032/TBF2_MAGScoT_cleanbin_000032.gff3	/scratch/users/snarayanasamy/phage_uv_treatment/output/PRJEB79569/annotation/bakta/TBF2_MAGScoT_cleanbin_000032/TBF2_MAGScoT_cleanbin_000032.tsv	/scratch/users/snarayanasamy/phage_uv_treatment/output/PRJEB79569/annotation/bakta/TBF2_MAGScoT_cleanbin_000032/TBF2_MAGScoT_cleanbin_000032.faa	/scratch/users/snarayanasamy/phage_uv_treatment/output/PRJEB79569/annotation/bakta/TBF2_MAGScoT_cleanbin_000032/TBF2_MAGScoT_cleanbin_000032.ffn	/scratch/users/snarayanasamy/phage_uv_treatment/output/PRJEB79569/annotation/bakta/TBF2_MAGScoT_cleanbin_000032/TBF2_MAGScoT_cleanbin_000032.json	/scratch/users/snarayanasamy/phage_uv_treatment/output/PRJEB79569/annotation/bakta/TBF2_MAGScoT_cleanbin_000032/TBF2_MAGScoT_cleanbin_000032.gbff	/scratch/users/snarayanasamy/phage_uv_treatment/output/PRJEB79569/annotation/bakta/TBF2_MAGScoT_cleanbin_000032/TBF2_MAGScoT_cleanbin_000032.hypotheticals.tsv	/scratch/users/snarayanasamy/phage_uv_treatment/output/PRJEB79569/annotation/bakta/TBF2_MAGScoT_cleanbin_000032/TBF2_MAGScoT_cleanbin_000032.inference.tsv
TBF2_MAGScoT_cleanbin_000037	/scratch/users/snarayanasamy/phage_uv_treatment/output/PRJEB79569/binning/dereplication/dereplicated_genomes/TBF2_MAGScoT_cleanbin_000037.fasta	/scratch/users/snarayanasamy/phage_uv_treatment/output/PRJEB79569/annotation/bakta/TBF2_MAGScoT_cleanbin_000037	/scratch/users/snarayanasamy/phage_uv_treatment/output/PRJEB79569/annotation/bakta/TBF2_MAGScoT_cleanbin_000037/bakta.done	/scratch/users/snarayanasamy/phage_uv_treatment/output/PRJEB79569/annotation/bakta/TBF2_MAGScoT_cleanbin_000037/TBF2_MAGScoT_cleanbin_000037.gff3	/scratch/users/snarayanasamy/phage_uv_treatment/output/PRJEB79569/annotation/bakta/TBF2_MAGScoT_cleanbin_000037/TBF2_MAGScoT_cleanbin_000037.tsv	/scratch/users/snarayanasamy/phage_uv_treatment/output/PRJEB79569/annotation/bakta/TBF2_MAGScoT_cleanbin_000037/TBF2_MAGScoT_cleanbin_000037.faa	/scratch/users/snarayanasamy/phage_uv_treatment/output/PRJEB79569/annotation/bakta/TBF2_MAGScoT_cleanbin_000037/TBF2_MAGScoT_cleanbin_000037.ffn	/scratch/users/snarayanasamy/phage_uv_treatment/output/PRJEB79569/annotation/bakta/TBF2_MAGScoT_cleanbin_000037/TBF2_MAGScoT_cleanbin_000037.json	/scratch/users/snarayanasamy/phage_uv_treatment/output/PRJEB79569/annotation/bakta/TBF2_MAGScoT_cleanbin_000037/TBF2_MAGScoT_cleanbin_000037.gbff	/scratch/users/snarayanasamy/phage_uv_treatment/output/PRJEB79569/annotation/bakta/TBF2_MAGScoT_cleanbin_000037/TBF2_MAGScoT_cleanbin_000037.hypotheticals.tsv	/scratch/users/snarayanasamy/phage_uv_treatment/output/PRJEB79569/annotation/bakta/TBF2_MAGScoT_cleanbin_000037/TBF2_MAGScoT_cleanbin_000037.inference.tsv
TBF2_MAGScoT_cleanbin_000040	/scratch/users/snarayanasamy/phage_uv_treatment/output/PRJEB79569/binning/dereplication/dereplicated_genomes/TBF2_MAGScoT_cleanbin_000040.fasta	/scratch/users/snarayanasamy/phage_uv_treatment/output/PRJEB79569/annotation/bakta/TBF2_MAGScoT_cleanbin_000040	/scratch/users/snarayanasamy/phage_uv_treatment/output/PRJEB79569/annotation/bakta/TBF2_MAGScoT_cleanbin_000040/bakta.done	/scratch/users/snarayanasamy/phage_uv_treatment/output/PRJEB79569/annotation/bakta/TBF2_MAGScoT_cleanbin_000040/TBF2_MAGScoT_cleanbin_000040.gff3	/scratch/users/snarayanasamy/phage_uv_treatment/output/PRJEB79569/annotation/bakta/TBF2_MAGScoT_cleanbin_000040/TBF2_MAGScoT_cleanbin_000040.tsv	/scratch/users/snarayanasamy/phage_uv_treatment/output/PRJEB79569/annotation/bakta/TBF2_MAGScoT_cleanbin_000040/TBF2_MAGScoT_cleanbin_000040.faa	/scratch/users/snarayanasamy/phage_uv_treatment/output/PRJEB79569/annotation/bakta/TBF2_MAGScoT_cleanbin_000040/TBF2_MAGScoT_cleanbin_000040.ffn	/scratch/users/snarayanasamy/phage_uv_treatment/output/PRJEB79569/annotation/bakta/TBF2_MAGScoT_cleanbin_000040/TBF2_MAGScoT_cleanbin_000040.json	/scratch/users/snarayanasamy/phage_uv_treatment/output/PRJEB79569/annotation/bakta/TBF2_MAGScoT_cleanbin_000040/TBF2_MAGScoT_cleanbin_000040.gbff	/scratch/users/snarayanasamy/phage_uv_treatment/output/PRJEB79569/annotation/bakta/TBF2_MAGScoT_cleanbin_000040/TBF2_MAGScoT_cleanbin_000040.hypotheticals.tsv	/scratch/users/snarayanasamy/phage_uv_treatment/output/PRJEB79569/annotation/bakta/TBF2_MAGScoT_cleanbin_000040/TBF2_MAGScoT_cleanbin_000040.inference.tsv
TBF2_MAGScoT_cleanbin_000041	/scratch/users/snarayanasamy/phage_uv_treatment/output/PRJEB79569/binning/dereplication/dereplicated_genomes/TBF2_MAGScoT_cleanbin_000041.fasta	/scratch/users/snarayanasamy/phage_uv_treatment/output/PRJEB79569/annotation/bakta/TBF2_MAGScoT_cleanbin_000041	/scratch/users/snarayanasamy/phage_uv_treatment/output/PRJEB79569/annotation/bakta/TBF2_MAGScoT_cleanbin_000041/bakta.done	/scratch/users/snarayanasamy/phage_uv_treatment/output/PRJEB79569/annotation/bakta/TBF2_MAGScoT_cleanbin_000041/TBF2_MAGScoT_cleanbin_000041.gff3	/scratch/users/snarayanasamy/phage_uv_treatment/output/PRJEB79569/annotation/bakta/TBF2_MAGScoT_cleanbin_000041/TBF2_MAGScoT_cleanbin_000041.tsv	/scratch/users/snarayanasamy/phage_uv_treatment/output/PRJEB79569/annotation/bakta/TBF2_MAGScoT_cleanbin_000041/TBF2_MAGScoT_cleanbin_000041.faa	/scratch/users/snarayanasamy/phage_uv_treatment/output/PRJEB79569/annotation/bakta/TBF2_MAGScoT_cleanbin_000041/TBF2_MAGScoT_cleanbin_000041.ffn	/scratch/users/snarayanasamy/phage_uv_treatment/output/PRJEB79569/annotation/bakta/TBF2_MAGScoT_cleanbin_000041/TBF2_MAGScoT_cleanbin_000041.json	/scratch/users/snarayanasamy/phage_uv_treatment/output/PRJEB79569/annotation/bakta/TBF2_MAGScoT_cleanbin_000041/TBF2_MAGScoT_cleanbin_000041.gbff	/scratch/users/snarayanasamy/phage_uv_treatment/output/PRJEB79569/annotation/bakta/TBF2_MAGScoT_cleanbin_000041/TBF2_MAGScoT_cleanbin_000041.hypotheticals.tsv	/scratch/users/snarayanasamy/phage_uv_treatment/output/PRJEB79569/annotation/bakta/TBF2_MAGScoT_cleanbin_000041/TBF2_MAGScoT_cleanbin_000041.inference.tsv
TBF2_MAGScoT_cleanbin_000047	/scratch/users/snarayanasamy/phage_uv_treatment/output/PRJEB79569/binning/dereplication/dereplicated_genomes/TBF2_MAGScoT_cleanbin_000047.fasta	/scratch/users/snarayanasamy/phage_uv_treatment/output/PRJEB79569/annotation/bakta/TBF2_MAGScoT_cleanbin_000047	/scratch/users/snarayanasamy/phage_uv_treatment/output/PRJEB79569/annotation/bakta/TBF2_MAGScoT_cleanbin_000047/bakta.done	/scratch/users/snarayanasamy/phage_uv_treatment/output/PRJEB79569/annotation/bakta/TBF2_MAGScoT_cleanbin_000047/TBF2_MAGScoT_cleanbin_000047.gff3	/scratch/users/snarayanasamy/phage_uv_treatment/output/PRJEB79569/annotation/bakta/TBF2_MAGScoT_cleanbin_000047/TBF2_MAGScoT_cleanbin_000047.tsv	/scratch/users/snarayanasamy/phage_uv_treatment/output/PRJEB79569/annotation/bakta/TBF2_MAGScoT_cleanbin_000047/TBF2_MAGScoT_cleanbin_000047.faa	/scratch/users/snarayanasamy/phage_uv_treatment/output/PRJEB79569/annotation/bakta/TBF2_MAGScoT_cleanbin_000047/TBF2_MAGScoT_cleanbin_000047.ffn	/scratch/users/snarayanasamy/phage_uv_treatment/output/PRJEB79569/annotation/bakta/TBF2_MAGScoT_cleanbin_000047/TBF2_MAGScoT_cleanbin_000047.json	/scratch/users/snarayanasamy/phage_uv_treatment/output/PRJEB79569/annotation/bakta/TBF2_MAGScoT_cleanbin_000047/TBF2_MAGScoT_cleanbin_000047.gbff	/scratch/users/snarayanasamy/phage_uv_treatment/output/PRJEB79569/annotation/bakta/TBF2_MAGScoT_cleanbin_000047/TBF2_MAGScoT_cleanbin_000047.hypotheticals.tsv	/scratch/users/snarayanasamy/phage_uv_treatment/output/PRJEB79569/annotation/bakta/TBF2_MAGScoT_cleanbin_000047/TBF2_MAGScoT_cleanbin_000047.inference.tsv
TBF2_MAGScoT_cleanbin_000049	/scratch/users/snarayanasamy/phage_uv_treatment/output/PRJEB79569/binning/dereplication/dereplicated_genomes/TBF2_MAGScoT_cleanbin_000049.fasta	/scratch/users/snarayanasamy/phage_uv_treatment/output/PRJEB79569/annotation/bakta/TBF2_MAGScoT_cleanbin_000049	/scratch/users/snarayanasamy/phage_uv_treatment/output/PRJEB79569/annotation/bakta/TBF2_MAGScoT_cleanbin_000049/bakta.done	/scratch/users/snarayanasamy/phage_uv_treatment/output/PRJEB79569/annotation/bakta/TBF2_MAGScoT_cleanbin_000049/TBF2_MAGScoT_cleanbin_000049.gff3	/scratch/users/snarayanasamy/phage_uv_treatment/output/PRJEB79569/annotation/bakta/TBF2_MAGScoT_cleanbin_000049/TBF2_MAGScoT_cleanbin_000049.tsv	/scratch/users/snarayanasamy/phage_uv_treatment/output/PRJEB79569/annotation/bakta/TBF2_MAGScoT_cleanbin_000049/TBF2_MAGScoT_cleanbin_000049.faa	/scratch/users/snarayanasamy/phage_uv_treatment/output/PRJEB79569/annotation/bakta/TBF2_MAGScoT_cleanbin_000049/TBF2_MAGScoT_cleanbin_000049.ffn	/scratch/users/snarayanasamy/phage_uv_treatment/output/PRJEB79569/annotation/bakta/TBF2_MAGScoT_cleanbin_000049/TBF2_MAGScoT_cleanbin_000049.json	/scratch/users/snarayanasamy/phage_uv_treatment/output/PRJEB79569/annotation/bakta/TBF2_MAGScoT_cleanbin_000049/TBF2_MAGScoT_cleanbin_000049.gbff	/scratch/users/snarayanasamy/phage_uv_treatment/output/PRJEB79569/annotation/bakta/TBF2_MAGScoT_cleanbin_000049/TBF2_MAGScoT_cleanbin_000049.hypotheticals.tsv	/scratch/users/snarayanasamy/phage_uv_treatment/output/PRJEB79569/annotation/bakta/TBF2_MAGScoT_cleanbin_000049/TBF2_MAGScoT_cleanbin_000049.inference.tsv
TBF2_MAGScoT_cleanbin_000054	/scratch/users/snarayanasamy/phage_uv_treatment/output/PRJEB79569/binning/dereplication/dereplicated_genomes/TBF2_MAGScoT_cleanbin_000054.fasta	/scratch/users/snarayanasamy/phage_uv_treatment/output/PRJEB79569/annotation/bakta/TBF2_MAGScoT_cleanbin_000054	/scratch/users/snarayanasamy/phage_uv_treatment/output/PRJEB79569/annotation/bakta/TBF2_MAGScoT_cleanbin_000054/bakta.done	/scratch/users/snarayanasamy/phage_uv_treatment/output/PRJEB79569/annotation/bakta/TBF2_MAGScoT_cleanbin_000054/TBF2_MAGScoT_cleanbin_000054.gff3	/scratch/users/snarayanasamy/phage_uv_treatment/output/PRJEB79569/annotation/bakta/TBF2_MAGScoT_cleanbin_000054/TBF2_MAGScoT_cleanbin_000054.tsv	/scratch/users/snarayanasamy/phage_uv_treatment/output/PRJEB79569/annotation/bakta/TBF2_MAGScoT_cleanbin_000054/TBF2_MAGScoT_cleanbin_000054.faa	/scratch/users/snarayanasamy/phage_uv_treatment/output/PRJEB79569/annotation/bakta/TBF2_MAGScoT_cleanbin_000054/TBF2_MAGScoT_cleanbin_000054.ffn	/scratch/users/snarayanasamy/phage_uv_treatment/output/PRJEB79569/annotation/bakta/TBF2_MAGScoT_cleanbin_000054/TBF2_MAGScoT_cleanbin_000054.json	/scratch/users/snarayanasamy/phage_uv_treatment/output/PRJEB79569/annotation/bakta/TBF2_MAGScoT_cleanbin_000054/TBF2_MAGScoT_cleanbin_000054.gbff	/scratch/users/snarayanasamy/phage_uv_treatment/output/PRJEB79569/annotation/bakta/TBF2_MAGScoT_cleanbin_000054/TBF2_MAGScoT_cleanbin_000054.hypotheticals.tsv	/scratch/users/snarayanasamy/phage_uv_treatment/output/PRJEB79569/annotation/bakta/TBF2_MAGScoT_cleanbin_000054/TBF2_MAGScoT_cleanbin_000054.inference.tsv
TBF2_MAGScoT_cleanbin_000064	/scratch/users/snarayanasamy/phage_uv_treatment/output/PRJEB79569/binning/dereplication/dereplicated_genomes/TBF2_MAGScoT_cleanbin_000064.fasta	/scratch/users/snarayanasamy/phage_uv_treatment/output/PRJEB79569/annotation/bakta/TBF2_MAGScoT_cleanbin_000064	/scratch/users/snarayanasamy/phage_uv_treatment/output/PRJEB79569/annotation/bakta/TBF2_MAGScoT_cleanbin_000064/bakta.done	/scratch/users/snarayanasamy/phage_uv_treatment/output/PRJEB79569/annotation/bakta/TBF2_MAGScoT_cleanbin_000064/TBF2_MAGScoT_cleanbin_000064.gff3	/scratch/users/snarayanasamy/phage_uv_treatment/output/PRJEB79569/annotation/bakta/TBF2_MAGScoT_cleanbin_000064/TBF2_MAGScoT_cleanbin_000064.tsv	/scratch/users/snarayanasamy/phage_uv_treatment/output/PRJEB79569/annotation/bakta/TBF2_MAGScoT_cleanbin_000064/TBF2_MAGScoT_cleanbin_000064.faa	/scratch/users/snarayanasamy/phage_uv_treatment/output/PRJEB79569/annotation/bakta/TBF2_MAGScoT_cleanbin_000064/TBF2_MAGScoT_cleanbin_000064.ffn	/scratch/users/snarayanasamy/phage_uv_treatment/output/PRJEB79569/annotation/bakta/TBF2_MAGScoT_cleanbin_000064/TBF2_MAGScoT_cleanbin_000064.json	/scratch/users/snarayanasamy/phage_uv_treatment/output/PRJEB79569/annotation/bakta/TBF2_MAGScoT_cleanbin_000064/TBF2_MAGScoT_cleanbin_000064.gbff	/scratch/users/snarayanasamy/phage_uv_treatment/output/PRJEB79569/annotation/bakta/TBF2_MAGScoT_cleanbin_000064/TBF2_MAGScoT_cleanbin_000064.hypotheticals.tsv	/scratch/users/snarayanasamy/phage_uv_treatment/output/PRJEB79569/annotation/bakta/TBF2_MAGScoT_cleanbin_000064/TBF2_MAGScoT_cleanbin_000064.inference.tsv
TBF2_MAGScoT_cleanbin_000067	/scratch/users/snarayanasamy/phage_uv_treatment/output/PRJEB79569/binning/dereplication/dereplicated_genomes/TBF2_MAGScoT_cleanbin_000067.fasta	/scratch/users/snarayanasamy/phage_uv_treatment/output/PRJEB79569/annotation/bakta/TBF2_MAGScoT_cleanbin_000067	/scratch/users/snarayanasamy/phage_uv_treatment/output/PRJEB79569/annotation/bakta/TBF2_MAGScoT_cleanbin_000067/bakta.done	/scratch/users/snarayanasamy/phage_uv_treatment/output/PRJEB79569/annotation/bakta/TBF2_MAGScoT_cleanbin_000067/TBF2_MAGScoT_cleanbin_000067.gff3	/scratch/users/snarayanasamy/phage_uv_treatment/output/PRJEB79569/annotation/bakta/TBF2_MAGScoT_cleanbin_000067/TBF2_MAGScoT_cleanbin_000067.tsv	/scratch/users/snarayanasamy/phage_uv_treatment/output/PRJEB79569/annotation/bakta/TBF2_MAGScoT_cleanbin_000067/TBF2_MAGScoT_cleanbin_000067.faa	/scratch/users/snarayanasamy/phage_uv_treatment/output/PRJEB79569/annotation/bakta/TBF2_MAGScoT_cleanbin_000067/TBF2_MAGScoT_cleanbin_000067.ffn	/scratch/users/snarayanasamy/phage_uv_treatment/output/PRJEB79569/annotation/bakta/TBF2_MAGScoT_cleanbin_000067/TBF2_MAGScoT_cleanbin_000067.json	/scratch/users/snarayanasamy/phage_uv_treatment/output/PRJEB79569/annotation/bakta/TBF2_MAGScoT_cleanbin_000067/TBF2_MAGScoT_cleanbin_000067.gbff	/scratch/users/snarayanasamy/phage_uv_treatment/output/PRJEB79569/annotation/bakta/TBF2_MAGScoT_cleanbin_000067/TBF2_MAGScoT_cleanbin_000067.hypotheticals.tsv	/scratch/users/snarayanasamy/phage_uv_treatment/output/PRJEB79569/annotation/bakta/TBF2_MAGScoT_cleanbin_000067/TBF2_MAGScoT_cleanbin_000067.inference.tsv
TBF2_MAGScoT_cleanbin_000068	/scratch/users/snarayanasamy/phage_uv_treatment/output/PRJEB79569/binning/dereplication/dereplicated_genomes/TBF2_MAGScoT_cleanbin_000068.fasta	/scratch/users/snarayanasamy/phage_uv_treatment/output/PRJEB79569/annotation/bakta/TBF2_MAGScoT_cleanbin_000068	/scratch/users/snarayanasamy/phage_uv_treatment/output/PRJEB79569/annotation/bakta/TBF2_MAGScoT_cleanbin_000068/bakta.done	/scratch/users/snarayanasamy/phage_uv_treatment/output/PRJEB79569/annotation/bakta/TBF2_MAGScoT_cleanbin_000068/TBF2_MAGScoT_cleanbin_000068.gff3	/scratch/users/snarayanasamy/phage_uv_treatment/output/PRJEB79569/annotation/bakta/TBF2_MAGScoT_cleanbin_000068/TBF2_MAGScoT_cleanbin_000068.tsv	/scratch/users/snarayanasamy/phage_uv_treatment/output/PRJEB79569/annotation/bakta/TBF2_MAGScoT_cleanbin_000068/TBF2_MAGScoT_cleanbin_000068.faa	/scratch/users/snarayanasamy/phage_uv_treatment/output/PRJEB79569/annotation/bakta/TBF2_MAGScoT_cleanbin_000068/TBF2_MAGScoT_cleanbin_000068.ffn	/scratch/users/snarayanasamy/phage_uv_treatment/output/PRJEB79569/annotation/bakta/TBF2_MAGScoT_cleanbin_000068/TBF2_MAGScoT_cleanbin_000068.json	/scratch/users/snarayanasamy/phage_uv_treatment/output/PRJEB79569/annotation/bakta/TBF2_MAGScoT_cleanbin_000068/TBF2_MAGScoT_cleanbin_000068.gbff	/scratch/users/snarayanasamy/phage_uv_treatment/output/PRJEB79569/annotation/bakta/TBF2_MAGScoT_cleanbin_000068/TBF2_MAGScoT_cleanbin_000068.hypotheticals.tsv	/scratch/users/snarayanasamy/phage_uv_treatment/output/PRJEB79569/annotation/bakta/TBF2_MAGScoT_cleanbin_000068/TBF2_MAGScoT_cleanbin_000068.inference.tsv
TBF2_MAGScoT_cleanbin_000071	/scratch/users/snarayanasamy/phage_uv_treatment/output/PRJEB79569/binning/dereplication/dereplicated_genomes/TBF2_MAGScoT_cleanbin_000071.fasta	/scratch/users/snarayanasamy/phage_uv_treatment/output/PRJEB79569/annotation/bakta/TBF2_MAGScoT_cleanbin_000071	/scratch/users/snarayanasamy/phage_uv_treatment/output/PRJEB79569/annotation/bakta/TBF2_MAGScoT_cleanbin_000071/bakta.done	/scratch/users/snarayanasamy/phage_uv_treatment/output/PRJEB79569/annotation/bakta/TBF2_MAGScoT_cleanbin_000071/TBF2_MAGScoT_cleanbin_000071.gff3	/scratch/users/snarayanasamy/phage_uv_treatment/output/PRJEB79569/annotation/bakta/TBF2_MAGScoT_cleanbin_000071/TBF2_MAGScoT_cleanbin_000071.tsv	/scratch/users/snarayanasamy/phage_uv_treatment/output/PRJEB79569/annotation/bakta/TBF2_MAGScoT_cleanbin_000071/TBF2_MAGScoT_cleanbin_000071.faa	/scratch/users/snarayanasamy/phage_uv_treatment/output/PRJEB79569/annotation/bakta/TBF2_MAGScoT_cleanbin_000071/TBF2_MAGScoT_cleanbin_000071.ffn	/scratch/users/snarayanasamy/phage_uv_treatment/output/PRJEB79569/annotation/bakta/TBF2_MAGScoT_cleanbin_000071/TBF2_MAGScoT_cleanbin_000071.json	/scratch/users/snarayanasamy/phage_uv_treatment/output/PRJEB79569/annotation/bakta/TBF2_MAGScoT_cleanbin_000071/TBF2_MAGScoT_cleanbin_000071.gbff	/scratch/users/snarayanasamy/phage_uv_treatment/output/PRJEB79569/annotation/bakta/TBF2_MAGScoT_cleanbin_000071/TBF2_MAGScoT_cleanbin_000071.hypotheticals.tsv	/scratch/users/snarayanasamy/phage_uv_treatment/output/PRJEB79569/annotation/bakta/TBF2_MAGScoT_cleanbin_000071/TBF2_MAGScoT_cleanbin_000071.inference.tsv
TBF2_MAGScoT_cleanbin_000075	/scratch/users/snarayanasamy/phage_uv_treatment/output/PRJEB79569/binning/dereplication/dereplicated_genomes/TBF2_MAGScoT_cleanbin_000075.fasta	/scratch/users/snarayanasamy/phage_uv_treatment/output/PRJEB79569/annotation/bakta/TBF2_MAGScoT_cleanbin_000075	/scratch/users/snarayanasamy/phage_uv_treatment/output/PRJEB79569/annotation/bakta/TBF2_MAGScoT_cleanbin_000075/bakta.done	/scratch/users/snarayanasamy/phage_uv_treatment/output/PRJEB79569/annotation/bakta/TBF2_MAGScoT_cleanbin_000075/TBF2_MAGScoT_cleanbin_000075.gff3	/scratch/users/snarayanasamy/phage_uv_treatment/output/PRJEB79569/annotation/bakta/TBF2_MAGScoT_cleanbin_000075/TBF2_MAGScoT_cleanbin_000075.tsv	/scratch/users/snarayanasamy/phage_uv_treatment/output/PRJEB79569/annotation/bakta/TBF2_MAGScoT_cleanbin_000075/TBF2_MAGScoT_cleanbin_000075.faa	/scratch/users/snarayanasamy/phage_uv_treatment/output/PRJEB79569/annotation/bakta/TBF2_MAGScoT_cleanbin_000075/TBF2_MAGScoT_cleanbin_000075.ffn	/scratch/users/snarayanasamy/phage_uv_treatment/output/PRJEB79569/annotation/bakta/TBF2_MAGScoT_cleanbin_000075/TBF2_MAGScoT_cleanbin_000075.json	/scratch/users/snarayanasamy/phage_uv_treatment/output/PRJEB79569/annotation/bakta/TBF2_MAGScoT_cleanbin_000075/TBF2_MAGScoT_cleanbin_000075.gbff	/scratch/users/snarayanasamy/phage_uv_treatment/output/PRJEB79569/annotation/bakta/TBF2_MAGScoT_cleanbin_000075/TBF2_MAGScoT_cleanbin_000075.hypotheticals.tsv	/scratch/users/snarayanasamy/phage_uv_treatment/output/PRJEB79569/annotation/bakta/TBF2_MAGScoT_cleanbin_000075/TBF2_MAGScoT_cleanbin_000075.inference.tsv
TBF2_MAGScoT_cleanbin_000078	/scratch/users/snarayanasamy/phage_uv_treatment/output/PRJEB79569/binning/dereplication/dereplicated_genomes/TBF2_MAGScoT_cleanbin_000078.fasta	/scratch/users/snarayanasamy/phage_uv_treatment/output/PRJEB79569/annotation/bakta/TBF2_MAGScoT_cleanbin_000078	/scratch/users/snarayanasamy/phage_uv_treatment/output/PRJEB79569/annotation/bakta/TBF2_MAGScoT_cleanbin_000078/bakta.done	/scratch/users/snarayanasamy/phage_uv_treatment/output/PRJEB79569/annotation/bakta/TBF2_MAGScoT_cleanbin_000078/TBF2_MAGScoT_cleanbin_000078.gff3	/scratch/users/snarayanasamy/phage_uv_treatment/output/PRJEB79569/annotation/bakta/TBF2_MAGScoT_cleanbin_000078/TBF2_MAGScoT_cleanbin_000078.tsv	/scratch/users/snarayanasamy/phage_uv_treatment/output/PRJEB79569/annotation/bakta/TBF2_MAGScoT_cleanbin_000078/TBF2_MAGScoT_cleanbin_000078.faa	/scratch/users/snarayanasamy/phage_uv_treatment/output/PRJEB79569/annotation/bakta/TBF2_MAGScoT_cleanbin_000078/TBF2_MAGScoT_cleanbin_000078.ffn	/scratch/users/snarayanasamy/phage_uv_treatment/output/PRJEB79569/annotation/bakta/TBF2_MAGScoT_cleanbin_000078/TBF2_MAGScoT_cleanbin_000078.json	/scratch/users/snarayanasamy/phage_uv_treatment/output/PRJEB79569/annotation/bakta/TBF2_MAGScoT_cleanbin_000078/TBF2_MAGScoT_cleanbin_000078.gbff	/scratch/users/snarayanasamy/phage_uv_treatment/output/PRJEB79569/annotation/bakta/TBF2_MAGScoT_cleanbin_000078/TBF2_MAGScoT_cleanbin_000078.hypotheticals.tsv	/scratch/users/snarayanasamy/phage_uv_treatment/output/PRJEB79569/annotation/bakta/TBF2_MAGScoT_cleanbin_000078/TBF2_MAGScoT_cleanbin_000078.inference.tsv
TBF2_MAGScoT_cleanbin_000081	/scratch/users/snarayanasamy/phage_uv_treatment/output/PRJEB79569/binning/dereplication/dereplicated_genomes/TBF2_MAGScoT_cleanbin_000081.fasta	/scratch/users/snarayanasamy/phage_uv_treatment/output/PRJEB79569/annotation/bakta/TBF2_MAGScoT_cleanbin_000081	/scratch/users/snarayanasamy/phage_uv_treatment/output/PRJEB79569/annotation/bakta/TBF2_MAGScoT_cleanbin_000081/bakta.done	/scratch/users/snarayanasamy/phage_uv_treatment/output/PRJEB79569/annotation/bakta/TBF2_MAGScoT_cleanbin_000081/TBF2_MAGScoT_cleanbin_000081.gff3	/scratch/users/snarayanasamy/phage_uv_treatment/output/PRJEB79569/annotation/bakta/TBF2_MAGScoT_cleanbin_000081/TBF2_MAGScoT_cleanbin_000081.tsv	/scratch/users/snarayanasamy/phage_uv_treatment/output/PRJEB79569/annotation/bakta/TBF2_MAGScoT_cleanbin_000081/TBF2_MAGScoT_cleanbin_000081.faa	/scratch/users/snarayanasamy/phage_uv_treatment/output/PRJEB79569/annotation/bakta/TBF2_MAGScoT_cleanbin_000081/TBF2_MAGScoT_cleanbin_000081.ffn	/scratch/users/snarayanasamy/phage_uv_treatment/output/PRJEB79569/annotation/bakta/TBF2_MAGScoT_cleanbin_000081/TBF2_MAGScoT_cleanbin_000081.json	/scratch/users/snarayanasamy/phage_uv_treatment/output/PRJEB79569/annotation/bakta/TBF2_MAGScoT_cleanbin_000081/TBF2_MAGScoT_cleanbin_000081.gbff	/scratch/users/snarayanasamy/phage_uv_treatment/output/PRJEB79569/annotation/bakta/TBF2_MAGScoT_cleanbin_000081/TBF2_MAGScoT_cleanbin_000081.hypotheticals.tsv	/scratch/users/snarayanasamy/phage_uv_treatment/output/PRJEB79569/annotation/bakta/TBF2_MAGScoT_cleanbin_000081/TBF2_MAGScoT_cleanbin_000081.inference.tsv
TBF2_MAGScoT_cleanbin_000082	/scratch/users/snarayanasamy/phage_uv_treatment/output/PRJEB79569/binning/dereplication/dereplicated_genomes/TBF2_MAGScoT_cleanbin_000082.fasta	/scratch/users/snarayanasamy/phage_uv_treatment/output/PRJEB79569/annotation/bakta/TBF2_MAGScoT_cleanbin_000082	/scratch/users/snarayanasamy/phage_uv_treatment/output/PRJEB79569/annotation/bakta/TBF2_MAGScoT_cleanbin_000082/bakta.done	/scratch/users/snarayanasamy/phage_uv_treatment/output/PRJEB79569/annotation/bakta/TBF2_MAGScoT_cleanbin_000082/TBF2_MAGScoT_cleanbin_000082.gff3	/scratch/users/snarayanasamy/phage_uv_treatment/output/PRJEB79569/annotation/bakta/TBF2_MAGScoT_cleanbin_000082/TBF2_MAGScoT_cleanbin_000082.tsv	/scratch/users/snarayanasamy/phage_uv_treatment/output/PRJEB79569/annotation/bakta/TBF2_MAGScoT_cleanbin_000082/TBF2_MAGScoT_cleanbin_000082.faa	/scratch/users/snarayanasamy/phage_uv_treatment/output/PRJEB79569/annotation/bakta/TBF2_MAGScoT_cleanbin_000082/TBF2_MAGScoT_cleanbin_000082.ffn	/scratch/users/snarayanasamy/phage_uv_treatment/output/PRJEB79569/annotation/bakta/TBF2_MAGScoT_cleanbin_000082/TBF2_MAGScoT_cleanbin_000082.json	/scratch/users/snarayanasamy/phage_uv_treatment/output/PRJEB79569/annotation/bakta/TBF2_MAGScoT_cleanbin_000082/TBF2_MAGScoT_cleanbin_000082.gbff	/scratch/users/snarayanasamy/phage_uv_treatment/output/PRJEB79569/annotation/bakta/TBF2_MAGScoT_cleanbin_000082/TBF2_MAGScoT_cleanbin_000082.hypotheticals.tsv	/scratch/users/snarayanasamy/phage_uv_treatment/output/PRJEB79569/annotation/bakta/TBF2_MAGScoT_cleanbin_000082/TBF2_MAGScoT_cleanbin_000082.inference.tsv
TBF2_MAGScoT_cleanbin_000084	/scratch/users/snarayanasamy/phage_uv_treatment/output/PRJEB79569/binning/dereplication/dereplicated_genomes/TBF2_MAGScoT_cleanbin_000084.fasta	/scratch/users/snarayanasamy/phage_uv_treatment/output/PRJEB79569/annotation/bakta/TBF2_MAGScoT_cleanbin_000084	/scratch/users/snarayanasamy/phage_uv_treatment/output/PRJEB79569/annotation/bakta/TBF2_MAGScoT_cleanbin_000084/bakta.done	/scratch/users/snarayanasamy/phage_uv_treatment/output/PRJEB79569/annotation/bakta/TBF2_MAGScoT_cleanbin_000084/TBF2_MAGScoT_cleanbin_000084.gff3	/scratch/users/snarayanasamy/phage_uv_treatment/output/PRJEB79569/annotation/bakta/TBF2_MAGScoT_cleanbin_000084/TBF2_MAGScoT_cleanbin_000084.tsv	/scratch/users/snarayanasamy/phage_uv_treatment/output/PRJEB79569/annotation/bakta/TBF2_MAGScoT_cleanbin_000084/TBF2_MAGScoT_cleanbin_000084.faa	/scratch/users/snarayanasamy/phage_uv_treatment/output/PRJEB79569/annotation/bakta/TBF2_MAGScoT_cleanbin_000084/TBF2_MAGScoT_cleanbin_000084.ffn	/scratch/users/snarayanasamy/phage_uv_treatment/output/PRJEB79569/annotation/bakta/TBF2_MAGScoT_cleanbin_000084/TBF2_MAGScoT_cleanbin_000084.json	/scratch/users/snarayanasamy/phage_uv_treatment/output/PRJEB79569/annotation/bakta/TBF2_MAGScoT_cleanbin_000084/TBF2_MAGScoT_cleanbin_000084.gbff	/scratch/users/snarayanasamy/phage_uv_treatment/output/PRJEB79569/annotation/bakta/TBF2_MAGScoT_cleanbin_000084/TBF2_MAGScoT_cleanbin_000084.hypotheticals.tsv	/scratch/users/snarayanasamy/phage_uv_treatment/output/PRJEB79569/annotation/bakta/TBF2_MAGScoT_cleanbin_000084/TBF2_MAGScoT_cleanbin_000084.inference.tsv
TBF2_MAGScoT_cleanbin_000085	/scratch/users/snarayanasamy/phage_uv_treatment/output/PRJEB79569/binning/dereplication/dereplicated_genomes/TBF2_MAGScoT_cleanbin_000085.fasta	/scratch/users/snarayanasamy/phage_uv_treatment/output/PRJEB79569/annotation/bakta/TBF2_MAGScoT_cleanbin_000085	/scratch/users/snarayanasamy/phage_uv_treatment/output/PRJEB79569/annotation/bakta/TBF2_MAGScoT_cleanbin_000085/bakta.done	/scratch/users/snarayanasamy/phage_uv_treatment/output/PRJEB79569/annotation/bakta/TBF2_MAGScoT_cleanbin_000085/TBF2_MAGScoT_cleanbin_000085.gff3	/scratch/users/snarayanasamy/phage_uv_treatment/output/PRJEB79569/annotation/bakta/TBF2_MAGScoT_cleanbin_000085/TBF2_MAGScoT_cleanbin_000085.tsv	/scratch/users/snarayanasamy/phage_uv_treatment/output/PRJEB79569/annotation/bakta/TBF2_MAGScoT_cleanbin_000085/TBF2_MAGScoT_cleanbin_000085.faa	/scratch/users/snarayanasamy/phage_uv_treatment/output/PRJEB79569/annotation/bakta/TBF2_MAGScoT_cleanbin_000085/TBF2_MAGScoT_cleanbin_000085.ffn	/scratch/users/snarayanasamy/phage_uv_treatment/output/PRJEB79569/annotation/bakta/TBF2_MAGScoT_cleanbin_000085/TBF2_MAGScoT_cleanbin_000085.json	/scratch/users/snarayanasamy/phage_uv_treatment/output/PRJEB79569/annotation/bakta/TBF2_MAGScoT_cleanbin_000085/TBF2_MAGScoT_cleanbin_000085.gbff	/scratch/users/snarayanasamy/phage_uv_treatment/output/PRJEB79569/annotation/bakta/TBF2_MAGScoT_cleanbin_000085/TBF2_MAGScoT_cleanbin_000085.hypotheticals.tsv	/scratch/users/snarayanasamy/phage_uv_treatment/output/PRJEB79569/annotation/bakta/TBF2_MAGScoT_cleanbin_000085/TBF2_MAGScoT_cleanbin_000085.inference.tsv
TBF2_MAGScoT_cleanbin_000086	/scratch/users/snarayanasamy/phage_uv_treatment/output/PRJEB79569/binning/dereplication/dereplicated_genomes/TBF2_MAGScoT_cleanbin_000086.fasta	/scratch/users/snarayanasamy/phage_uv_treatment/output/PRJEB79569/annotation/bakta/TBF2_MAGScoT_cleanbin_000086	/scratch/users/snarayanasamy/phage_uv_treatment/output/PRJEB79569/annotation/bakta/TBF2_MAGScoT_cleanbin_000086/bakta.done	/scratch/users/snarayanasamy/phage_uv_treatment/output/PRJEB79569/annotation/bakta/TBF2_MAGScoT_cleanbin_000086/TBF2_MAGScoT_cleanbin_000086.gff3	/scratch/users/snarayanasamy/phage_uv_treatment/output/PRJEB79569/annotation/bakta/TBF2_MAGScoT_cleanbin_000086/TBF2_MAGScoT_cleanbin_000086.tsv	/scratch/users/snarayanasamy/phage_uv_treatment/output/PRJEB79569/annotation/bakta/TBF2_MAGScoT_cleanbin_000086/TBF2_MAGScoT_cleanbin_000086.faa	/scratch/users/snarayanasamy/phage_uv_treatment/output/PRJEB79569/annotation/bakta/TBF2_MAGScoT_cleanbin_000086/TBF2_MAGScoT_cleanbin_000086.ffn	/scratch/users/snarayanasamy/phage_uv_treatment/output/PRJEB79569/annotation/bakta/TBF2_MAGScoT_cleanbin_000086/TBF2_MAGScoT_cleanbin_000086.json	/scratch/users/snarayanasamy/phage_uv_treatment/output/PRJEB79569/annotation/bakta/TBF2_MAGScoT_cleanbin_000086/TBF2_MAGScoT_cleanbin_000086.gbff	/scratch/users/snarayanasamy/phage_uv_treatment/output/PRJEB79569/annotation/bakta/TBF2_MAGScoT_cleanbin_000086/TBF2_MAGScoT_cleanbin_000086.hypotheticals.tsv	/scratch/users/snarayanasamy/phage_uv_treatment/output/PRJEB79569/annotation/bakta/TBF2_MAGScoT_cleanbin_000086/TBF2_MAGScoT_cleanbin_000086.inference.tsv
TBF2_MAGScoT_cleanbin_000087	/scratch/users/snarayanasamy/phage_uv_treatment/output/PRJEB79569/binning/dereplication/dereplicated_genomes/TBF2_MAGScoT_cleanbin_000087.fasta	/scratch/users/snarayanasamy/phage_uv_treatment/output/PRJEB79569/annotation/bakta/TBF2_MAGScoT_cleanbin_000087	/scratch/users/snarayanasamy/phage_uv_treatment/output/PRJEB79569/annotation/bakta/TBF2_MAGScoT_cleanbin_000087/bakta.done	/scratch/users/snarayanasamy/phage_uv_treatment/output/PRJEB79569/annotation/bakta/TBF2_MAGScoT_cleanbin_000087/TBF2_MAGScoT_cleanbin_000087.gff3	/scratch/users/snarayanasamy/phage_uv_treatment/output/PRJEB79569/annotation/bakta/TBF2_MAGScoT_cleanbin_000087/TBF2_MAGScoT_cleanbin_000087.tsv	/scratch/users/snarayanasamy/phage_uv_treatment/output/PRJEB79569/annotation/bakta/TBF2_MAGScoT_cleanbin_000087/TBF2_MAGScoT_cleanbin_000087.faa	/scratch/users/snarayanasamy/phage_uv_treatment/output/PRJEB79569/annotation/bakta/TBF2_MAGScoT_cleanbin_000087/TBF2_MAGScoT_cleanbin_000087.ffn	/scratch/users/snarayanasamy/phage_uv_treatment/output/PRJEB79569/annotation/bakta/TBF2_MAGScoT_cleanbin_000087/TBF2_MAGScoT_cleanbin_000087.json	/scratch/users/snarayanasamy/phage_uv_treatment/output/PRJEB79569/annotation/bakta/TBF2_MAGScoT_cleanbin_000087/TBF2_MAGScoT_cleanbin_000087.gbff	/scratch/users/snarayanasamy/phage_uv_treatment/output/PRJEB79569/annotation/bakta/TBF2_MAGScoT_cleanbin_000087/TBF2_MAGScoT_cleanbin_000087.hypotheticals.tsv	/scratch/users/snarayanasamy/phage_uv_treatment/output/PRJEB79569/annotation/bakta/TBF2_MAGScoT_cleanbin_000087/TBF2_MAGScoT_cleanbin_000087.inference.tsv
TBF2_MAGScoT_cleanbin_000093	/scratch/users/snarayanasamy/phage_uv_treatment/output/PRJEB79569/binning/dereplication/dereplicated_genomes/TBF2_MAGScoT_cleanbin_000093.fasta	/scratch/users/snarayanasamy/phage_uv_treatment/output/PRJEB79569/annotation/bakta/TBF2_MAGScoT_cleanbin_000093	/scratch/users/snarayanasamy/phage_uv_treatment/output/PRJEB79569/annotation/bakta/TBF2_MAGScoT_cleanbin_000093/bakta.done	/scratch/users/snarayanasamy/phage_uv_treatment/output/PRJEB79569/annotation/bakta/TBF2_MAGScoT_cleanbin_000093/TBF2_MAGScoT_cleanbin_000093.gff3	/scratch/users/snarayanasamy/phage_uv_treatment/output/PRJEB79569/annotation/bakta/TBF2_MAGScoT_cleanbin_000093/TBF2_MAGScoT_cleanbin_000093.tsv	/scratch/users/snarayanasamy/phage_uv_treatment/output/PRJEB79569/annotation/bakta/TBF2_MAGScoT_cleanbin_000093/TBF2_MAGScoT_cleanbin_000093.faa	/scratch/users/snarayanasamy/phage_uv_treatment/output/PRJEB79569/annotation/bakta/TBF2_MAGScoT_cleanbin_000093/TBF2_MAGScoT_cleanbin_000093.ffn	/scratch/users/snarayanasamy/phage_uv_treatment/output/PRJEB79569/annotation/bakta/TBF2_MAGScoT_cleanbin_000093/TBF2_MAGScoT_cleanbin_000093.json	/scratch/users/snarayanasamy/phage_uv_treatment/output/PRJEB79569/annotation/bakta/TBF2_MAGScoT_cleanbin_000093/TBF2_MAGScoT_cleanbin_000093.gbff	/scratch/users/snarayanasamy/phage_uv_treatment/output/PRJEB79569/annotation/bakta/TBF2_MAGScoT_cleanbin_000093/TBF2_MAGScoT_cleanbin_000093.hypotheticals.tsv	/scratch/users/snarayanasamy/phage_uv_treatment/output/PRJEB79569/annotation/bakta/TBF2_MAGScoT_cleanbin_000093/TBF2_MAGScoT_cleanbin_000093.inference.tsv
TBF2_MAGScoT_cleanbin_000095	/scratch/users/snarayanasamy/phage_uv_treatment/output/PRJEB79569/binning/dereplication/dereplicated_genomes/TBF2_MAGScoT_cleanbin_000095.fasta	/scratch/users/snarayanasamy/phage_uv_treatment/output/PRJEB79569/annotation/bakta/TBF2_MAGScoT_cleanbin_000095	/scratch/users/snarayanasamy/phage_uv_treatment/output/PRJEB79569/annotation/bakta/TBF2_MAGScoT_cleanbin_000095/bakta.done	/scratch/users/snarayanasamy/phage_uv_treatment/output/PRJEB79569/annotation/bakta/TBF2_MAGScoT_cleanbin_000095/TBF2_MAGScoT_cleanbin_000095.gff3	/scratch/users/snarayanasamy/phage_uv_treatment/output/PRJEB79569/annotation/bakta/TBF2_MAGScoT_cleanbin_000095/TBF2_MAGScoT_cleanbin_000095.tsv	/scratch/users/snarayanasamy/phage_uv_treatment/output/PRJEB79569/annotation/bakta/TBF2_MAGScoT_cleanbin_000095/TBF2_MAGScoT_cleanbin_000095.faa	/scratch/users/snarayanasamy/phage_uv_treatment/output/PRJEB79569/annotation/bakta/TBF2_MAGScoT_cleanbin_000095/TBF2_MAGScoT_cleanbin_000095.ffn	/scratch/users/snarayanasamy/phage_uv_treatment/output/PRJEB79569/annotation/bakta/TBF2_MAGScoT_cleanbin_000095/TBF2_MAGScoT_cleanbin_000095.json	/scratch/users/snarayanasamy/phage_uv_treatment/output/PRJEB79569/annotation/bakta/TBF2_MAGScoT_cleanbin_000095/TBF2_MAGScoT_cleanbin_000095.gbff	/scratch/users/snarayanasamy/phage_uv_treatment/output/PRJEB79569/annotation/bakta/TBF2_MAGScoT_cleanbin_000095/TBF2_MAGScoT_cleanbin_000095.hypotheticals.tsv	/scratch/users/snarayanasamy/phage_uv_treatment/output/PRJEB79569/annotation/bakta/TBF2_MAGScoT_cleanbin_000095/TBF2_MAGScoT_cleanbin_000095.inference.tsv
TBF2_MAGScoT_cleanbin_000101	/scratch/users/snarayanasamy/phage_uv_treatment/output/PRJEB79569/binning/dereplication/dereplicated_genomes/TBF2_MAGScoT_cleanbin_000101.fasta	/scratch/users/snarayanasamy/phage_uv_treatment/output/PRJEB79569/annotation/bakta/TBF2_MAGScoT_cleanbin_000101	/scratch/users/snarayanasamy/phage_uv_treatment/output/PRJEB79569/annotation/bakta/TBF2_MAGScoT_cleanbin_000101/bakta.done	/scratch/users/snarayanasamy/phage_uv_treatment/output/PRJEB79569/annotation/bakta/TBF2_MAGScoT_cleanbin_000101/TBF2_MAGScoT_cleanbin_000101.gff3	/scratch/users/snarayanasamy/phage_uv_treatment/output/PRJEB79569/annotation/bakta/TBF2_MAGScoT_cleanbin_000101/TBF2_MAGScoT_cleanbin_000101.tsv	/scratch/users/snarayanasamy/phage_uv_treatment/output/PRJEB79569/annotation/bakta/TBF2_MAGScoT_cleanbin_000101/TBF2_MAGScoT_cleanbin_000101.faa	/scratch/users/snarayanasamy/phage_uv_treatment/output/PRJEB79569/annotation/bakta/TBF2_MAGScoT_cleanbin_000101/TBF2_MAGScoT_cleanbin_000101.ffn	/scratch/users/snarayanasamy/phage_uv_treatment/output/PRJEB79569/annotation/bakta/TBF2_MAGScoT_cleanbin_000101/TBF2_MAGScoT_cleanbin_000101.json	/scratch/users/snarayanasamy/phage_uv_treatment/output/PRJEB79569/annotation/bakta/TBF2_MAGScoT_cleanbin_000101/TBF2_MAGScoT_cleanbin_000101.gbff	/scratch/users/snarayanasamy/phage_uv_treatment/output/PRJEB79569/annotation/bakta/TBF2_MAGScoT_cleanbin_000101/TBF2_MAGScoT_cleanbin_000101.hypotheticals.tsv	/scratch/users/snarayanasamy/phage_uv_treatment/output/PRJEB79569/annotation/bakta/TBF2_MAGScoT_cleanbin_000101/TBF2_MAGScoT_cleanbin_000101.inference.tsv
TBF2_MAGScoT_cleanbin_000102	/scratch/users/snarayanasamy/phage_uv_treatment/output/PRJEB79569/binning/dereplication/dereplicated_genomes/TBF2_MAGScoT_cleanbin_000102.fasta	/scratch/users/snarayanasamy/phage_uv_treatment/output/PRJEB79569/annotation/bakta/TBF2_MAGScoT_cleanbin_000102	/scratch/users/snarayanasamy/phage_uv_treatment/output/PRJEB79569/annotation/bakta/TBF2_MAGScoT_cleanbin_000102/bakta.done	/scratch/users/snarayanasamy/phage_uv_treatment/output/PRJEB79569/annotation/bakta/TBF2_MAGScoT_cleanbin_000102/TBF2_MAGScoT_cleanbin_000102.gff3	/scratch/users/snarayanasamy/phage_uv_treatment/output/PRJEB79569/annotation/bakta/TBF2_MAGScoT_cleanbin_000102/TBF2_MAGScoT_cleanbin_000102.tsv	/scratch/users/snarayanasamy/phage_uv_treatment/output/PRJEB79569/annotation/bakta/TBF2_MAGScoT_cleanbin_000102/TBF2_MAGScoT_cleanbin_000102.faa	/scratch/users/snarayanasamy/phage_uv_treatment/output/PRJEB79569/annotation/bakta/TBF2_MAGScoT_cleanbin_000102/TBF2_MAGScoT_cleanbin_000102.ffn	/scratch/users/snarayanasamy/phage_uv_treatment/output/PRJEB79569/annotation/bakta/TBF2_MAGScoT_cleanbin_000102/TBF2_MAGScoT_cleanbin_000102.json	/scratch/users/snarayanasamy/phage_uv_treatment/output/PRJEB79569/annotation/bakta/TBF2_MAGScoT_cleanbin_000102/TBF2_MAGScoT_cleanbin_000102.gbff	/scratch/users/snarayanasamy/phage_uv_treatment/output/PRJEB79569/annotation/bakta/TBF2_MAGScoT_cleanbin_000102/TBF2_MAGScoT_cleanbin_000102.hypotheticals.tsv	/scratch/users/snarayanasamy/phage_uv_treatment/output/PRJEB79569/annotation/bakta/TBF2_MAGScoT_cleanbin_000102/TBF2_MAGScoT_cleanbin_000102.inference.tsv
TBF2_MAGScoT_cleanbin_000107	/scratch/users/snarayanasamy/phage_uv_treatment/output/PRJEB79569/binning/dereplication/dereplicated_genomes/TBF2_MAGScoT_cleanbin_000107.fasta	/scratch/users/snarayanasamy/phage_uv_treatment/output/PRJEB79569/annotation/bakta/TBF2_MAGScoT_cleanbin_000107	/scratch/users/snarayanasamy/phage_uv_treatment/output/PRJEB79569/annotation/bakta/TBF2_MAGScoT_cleanbin_000107/bakta.done	/scratch/users/snarayanasamy/phage_uv_treatment/output/PRJEB79569/annotation/bakta/TBF2_MAGScoT_cleanbin_000107/TBF2_MAGScoT_cleanbin_000107.gff3	/scratch/users/snarayanasamy/phage_uv_treatment/output/PRJEB79569/annotation/bakta/TBF2_MAGScoT_cleanbin_000107/TBF2_MAGScoT_cleanbin_000107.tsv	/scratch/users/snarayanasamy/phage_uv_treatment/output/PRJEB79569/annotation/bakta/TBF2_MAGScoT_cleanbin_000107/TBF2_MAGScoT_cleanbin_000107.faa	/scratch/users/snarayanasamy/phage_uv_treatment/output/PRJEB79569/annotation/bakta/TBF2_MAGScoT_cleanbin_000107/TBF2_MAGScoT_cleanbin_000107.ffn	/scratch/users/snarayanasamy/phage_uv_treatment/output/PRJEB79569/annotation/bakta/TBF2_MAGScoT_cleanbin_000107/TBF2_MAGScoT_cleanbin_000107.json	/scratch/users/snarayanasamy/phage_uv_treatment/output/PRJEB79569/annotation/bakta/TBF2_MAGScoT_cleanbin_000107/TBF2_MAGScoT_cleanbin_000107.gbff	/scratch/users/snarayanasamy/phage_uv_treatment/output/PRJEB79569/annotation/bakta/TBF2_MAGScoT_cleanbin_000107/TBF2_MAGScoT_cleanbin_000107.hypotheticals.tsv	/scratch/users/snarayanasamy/phage_uv_treatment/output/PRJEB79569/annotation/bakta/TBF2_MAGScoT_cleanbin_000107/TBF2_MAGScoT_cleanbin_000107.inference.tsv
TBF2_MAGScoT_cleanbin_000108	/scratch/users/snarayanasamy/phage_uv_treatment/output/PRJEB79569/binning/dereplication/dereplicated_genomes/TBF2_MAGScoT_cleanbin_000108.fasta	/scratch/users/snarayanasamy/phage_uv_treatment/output/PRJEB79569/annotation/bakta/TBF2_MAGScoT_cleanbin_000108	/scratch/users/snarayanasamy/phage_uv_treatment/output/PRJEB79569/annotation/bakta/TBF2_MAGScoT_cleanbin_000108/bakta.done	/scratch/users/snarayanasamy/phage_uv_treatment/output/PRJEB79569/annotation/bakta/TBF2_MAGScoT_cleanbin_000108/TBF2_MAGScoT_cleanbin_000108.gff3	/scratch/users/snarayanasamy/phage_uv_treatment/output/PRJEB79569/annotation/bakta/TBF2_MAGScoT_cleanbin_000108/TBF2_MAGScoT_cleanbin_000108.tsv	/scratch/users/snarayanasamy/phage_uv_treatment/output/PRJEB79569/annotation/bakta/TBF2_MAGScoT_cleanbin_000108/TBF2_MAGScoT_cleanbin_000108.faa	/scratch/users/snarayanasamy/phage_uv_treatment/output/PRJEB79569/annotation/bakta/TBF2_MAGScoT_cleanbin_000108/TBF2_MAGScoT_cleanbin_000108.ffn	/scratch/users/snarayanasamy/phage_uv_treatment/output/PRJEB79569/annotation/bakta/TBF2_MAGScoT_cleanbin_000108/TBF2_MAGScoT_cleanbin_000108.json	/scratch/users/snarayanasamy/phage_uv_treatment/output/PRJEB79569/annotation/bakta/TBF2_MAGScoT_cleanbin_000108/TBF2_MAGScoT_cleanbin_000108.gbff	/scratch/users/snarayanasamy/phage_uv_treatment/output/PRJEB79569/annotation/bakta/TBF2_MAGScoT_cleanbin_000108/TBF2_MAGScoT_cleanbin_000108.hypotheticals.tsv	/scratch/users/snarayanasamy/phage_uv_treatment/output/PRJEB79569/annotation/bakta/TBF2_MAGScoT_cleanbin_000108/TBF2_MAGScoT_cleanbin_000108.inference.tsv
TBF2_MAGScoT_cleanbin_000112	/scratch/users/snarayanasamy/phage_uv_treatment/output/PRJEB79569/binning/dereplication/dereplicated_genomes/TBF2_MAGScoT_cleanbin_000112.fasta	/scratch/users/snarayanasamy/phage_uv_treatment/output/PRJEB79569/annotation/bakta/TBF2_MAGScoT_cleanbin_000112	/scratch/users/snarayanasamy/phage_uv_treatment/output/PRJEB79569/annotation/bakta/TBF2_MAGScoT_cleanbin_000112/bakta.done	/scratch/users/snarayanasamy/phage_uv_treatment/output/PRJEB79569/annotation/bakta/TBF2_MAGScoT_cleanbin_000112/TBF2_MAGScoT_cleanbin_000112.gff3	/scratch/users/snarayanasamy/phage_uv_treatment/output/PRJEB79569/annotation/bakta/TBF2_MAGScoT_cleanbin_000112/TBF2_MAGScoT_cleanbin_000112.tsv	/scratch/users/snarayanasamy/phage_uv_treatment/output/PRJEB79569/annotation/bakta/TBF2_MAGScoT_cleanbin_000112/TBF2_MAGScoT_cleanbin_000112.faa	/scratch/users/snarayanasamy/phage_uv_treatment/output/PRJEB79569/annotation/bakta/TBF2_MAGScoT_cleanbin_000112/TBF2_MAGScoT_cleanbin_000112.ffn	/scratch/users/snarayanasamy/phage_uv_treatment/output/PRJEB79569/annotation/bakta/TBF2_MAGScoT_cleanbin_000112/TBF2_MAGScoT_cleanbin_000112.json	/scratch/users/snarayanasamy/phage_uv_treatment/output/PRJEB79569/annotation/bakta/TBF2_MAGScoT_cleanbin_000112/TBF2_MAGScoT_cleanbin_000112.gbff	/scratch/users/snarayanasamy/phage_uv_treatment/output/PRJEB79569/annotation/bakta/TBF2_MAGScoT_cleanbin_000112/TBF2_MAGScoT_cleanbin_000112.hypotheticals.tsv	/scratch/users/snarayanasamy/phage_uv_treatment/output/PRJEB79569/annotation/bakta/TBF2_MAGScoT_cleanbin_000112/TBF2_MAGScoT_cleanbin_000112.inference.tsv
TBF2_MAGScoT_cleanbin_000119	/scratch/users/snarayanasamy/phage_uv_treatment/output/PRJEB79569/binning/dereplication/dereplicated_genomes/TBF2_MAGScoT_cleanbin_000119.fasta	/scratch/users/snarayanasamy/phage_uv_treatment/output/PRJEB79569/annotation/bakta/TBF2_MAGScoT_cleanbin_000119	/scratch/users/snarayanasamy/phage_uv_treatment/output/PRJEB79569/annotation/bakta/TBF2_MAGScoT_cleanbin_000119/bakta.done	/scratch/users/snarayanasamy/phage_uv_treatment/output/PRJEB79569/annotation/bakta/TBF2_MAGScoT_cleanbin_000119/TBF2_MAGScoT_cleanbin_000119.gff3	/scratch/users/snarayanasamy/phage_uv_treatment/output/PRJEB79569/annotation/bakta/TBF2_MAGScoT_cleanbin_000119/TBF2_MAGScoT_cleanbin_000119.tsv	/scratch/users/snarayanasamy/phage_uv_treatment/output/PRJEB79569/annotation/bakta/TBF2_MAGScoT_cleanbin_000119/TBF2_MAGScoT_cleanbin_000119.faa	/scratch/users/snarayanasamy/phage_uv_treatment/output/PRJEB79569/annotation/bakta/TBF2_MAGScoT_cleanbin_000119/TBF2_MAGScoT_cleanbin_000119.ffn	/scratch/users/snarayanasamy/phage_uv_treatment/output/PRJEB79569/annotation/bakta/TBF2_MAGScoT_cleanbin_000119/TBF2_MAGScoT_cleanbin_000119.json	/scratch/users/snarayanasamy/phage_uv_treatment/output/PRJEB79569/annotation/bakta/TBF2_MAGScoT_cleanbin_000119/TBF2_MAGScoT_cleanbin_000119.gbff	/scratch/users/snarayanasamy/phage_uv_treatment/output/PRJEB79569/annotation/bakta/TBF2_MAGScoT_cleanbin_000119/TBF2_MAGScoT_cleanbin_000119.hypotheticals.tsv	/scratch/users/snarayanasamy/phage_uv_treatment/output/PRJEB79569/annotation/bakta/TBF2_MAGScoT_cleanbin_000119/TBF2_MAGScoT_cleanbin_000119.inference.tsv
TBF2_MAGScoT_cleanbin_000120	/scratch/users/snarayanasamy/phage_uv_treatment/output/PRJEB79569/binning/dereplication/dereplicated_genomes/TBF2_MAGScoT_cleanbin_000120.fasta	/scratch/users/snarayanasamy/phage_uv_treatment/output/PRJEB79569/annotation/bakta/TBF2_MAGScoT_cleanbin_000120	/scratch/users/snarayanasamy/phage_uv_treatment/output/PRJEB79569/annotation/bakta/TBF2_MAGScoT_cleanbin_000120/bakta.done	/scratch/users/snarayanasamy/phage_uv_treatment/output/PRJEB79569/annotation/bakta/TBF2_MAGScoT_cleanbin_000120/TBF2_MAGScoT_cleanbin_000120.gff3	/scratch/users/snarayanasamy/phage_uv_treatment/output/PRJEB79569/annotation/bakta/TBF2_MAGScoT_cleanbin_000120/TBF2_MAGScoT_cleanbin_000120.tsv	/scratch/users/snarayanasamy/phage_uv_treatment/output/PRJEB79569/annotation/bakta/TBF2_MAGScoT_cleanbin_000120/TBF2_MAGScoT_cleanbin_000120.faa	/scratch/users/snarayanasamy/phage_uv_treatment/output/PRJEB79569/annotation/bakta/TBF2_MAGScoT_cleanbin_000120/TBF2_MAGScoT_cleanbin_000120.ffn	/scratch/users/snarayanasamy/phage_uv_treatment/output/PRJEB79569/annotation/bakta/TBF2_MAGScoT_cleanbin_000120/TBF2_MAGScoT_cleanbin_000120.json	/scratch/users/snarayanasamy/phage_uv_treatment/output/PRJEB79569/annotation/bakta/TBF2_MAGScoT_cleanbin_000120/TBF2_MAGScoT_cleanbin_000120.gbff	/scratch/users/snarayanasamy/phage_uv_treatment/output/PRJEB79569/annotation/bakta/TBF2_MAGScoT_cleanbin_000120/TBF2_MAGScoT_cleanbin_000120.hypotheticals.tsv	/scratch/users/snarayanasamy/phage_uv_treatment/output/PRJEB79569/annotation/bakta/TBF2_MAGScoT_cleanbin_000120/TBF2_MAGScoT_cleanbin_000120.inference.tsv
TBF2_MAGScoT_cleanbin_000121	/scratch/users/snarayanasamy/phage_uv_treatment/output/PRJEB79569/binning/dereplication/dereplicated_genomes/TBF2_MAGScoT_cleanbin_000121.fasta	/scratch/users/snarayanasamy/phage_uv_treatment/output/PRJEB79569/annotation/bakta/TBF2_MAGScoT_cleanbin_000121	/scratch/users/snarayanasamy/phage_uv_treatment/output/PRJEB79569/annotation/bakta/TBF2_MAGScoT_cleanbin_000121/bakta.done	/scratch/users/snarayanasamy/phage_uv_treatment/output/PRJEB79569/annotation/bakta/TBF2_MAGScoT_cleanbin_000121/TBF2_MAGScoT_cleanbin_000121.gff3	/scratch/users/snarayanasamy/phage_uv_treatment/output/PRJEB79569/annotation/bakta/TBF2_MAGScoT_cleanbin_000121/TBF2_MAGScoT_cleanbin_000121.tsv	/scratch/users/snarayanasamy/phage_uv_treatment/output/PRJEB79569/annotation/bakta/TBF2_MAGScoT_cleanbin_000121/TBF2_MAGScoT_cleanbin_000121.faa	/scratch/users/snarayanasamy/phage_uv_treatment/output/PRJEB79569/annotation/bakta/TBF2_MAGScoT_cleanbin_000121/TBF2_MAGScoT_cleanbin_000121.ffn	/scratch/users/snarayanasamy/phage_uv_treatment/output/PRJEB79569/annotation/bakta/TBF2_MAGScoT_cleanbin_000121/TBF2_MAGScoT_cleanbin_000121.json	/scratch/users/snarayanasamy/phage_uv_treatment/output/PRJEB79569/annotation/bakta/TBF2_MAGScoT_cleanbin_000121/TBF2_MAGScoT_cleanbin_000121.gbff	/scratch/users/snarayanasamy/phage_uv_treatment/output/PRJEB79569/annotation/bakta/TBF2_MAGScoT_cleanbin_000121/TBF2_MAGScoT_cleanbin_000121.hypotheticals.tsv	/scratch/users/snarayanasamy/phage_uv_treatment/output/PRJEB79569/annotation/bakta/TBF2_MAGScoT_cleanbin_000121/TBF2_MAGScoT_cleanbin_000121.inference.tsv
TBF2_MAGScoT_cleanbin_000123	/scratch/users/snarayanasamy/phage_uv_treatment/output/PRJEB79569/binning/dereplication/dereplicated_genomes/TBF2_MAGScoT_cleanbin_000123.fasta	/scratch/users/snarayanasamy/phage_uv_treatment/output/PRJEB79569/annotation/bakta/TBF2_MAGScoT_cleanbin_000123	/scratch/users/snarayanasamy/phage_uv_treatment/output/PRJEB79569/annotation/bakta/TBF2_MAGScoT_cleanbin_000123/bakta.done	/scratch/users/snarayanasamy/phage_uv_treatment/output/PRJEB79569/annotation/bakta/TBF2_MAGScoT_cleanbin_000123/TBF2_MAGScoT_cleanbin_000123.gff3	/scratch/users/snarayanasamy/phage_uv_treatment/output/PRJEB79569/annotation/bakta/TBF2_MAGScoT_cleanbin_000123/TBF2_MAGScoT_cleanbin_000123.tsv	/scratch/users/snarayanasamy/phage_uv_treatment/output/PRJEB79569/annotation/bakta/TBF2_MAGScoT_cleanbin_000123/TBF2_MAGScoT_cleanbin_000123.faa	/scratch/users/snarayanasamy/phage_uv_treatment/output/PRJEB79569/annotation/bakta/TBF2_MAGScoT_cleanbin_000123/TBF2_MAGScoT_cleanbin_000123.ffn	/scratch/users/snarayanasamy/phage_uv_treatment/output/PRJEB79569/annotation/bakta/TBF2_MAGScoT_cleanbin_000123/TBF2_MAGScoT_cleanbin_000123.json	/scratch/users/snarayanasamy/phage_uv_treatment/output/PRJEB79569/annotation/bakta/TBF2_MAGScoT_cleanbin_000123/TBF2_MAGScoT_cleanbin_000123.gbff	/scratch/users/snarayanasamy/phage_uv_treatment/output/PRJEB79569/annotation/bakta/TBF2_MAGScoT_cleanbin_000123/TBF2_MAGScoT_cleanbin_000123.hypotheticals.tsv	/scratch/users/snarayanasamy/phage_uv_treatment/output/PRJEB79569/annotation/bakta/TBF2_MAGScoT_cleanbin_000123/TBF2_MAGScoT_cleanbin_000123.inference.tsv
TBF2_MAGScoT_cleanbin_000129	/scratch/users/snarayanasamy/phage_uv_treatment/output/PRJEB79569/binning/dereplication/dereplicated_genomes/TBF2_MAGScoT_cleanbin_000129.fasta	/scratch/users/snarayanasamy/phage_uv_treatment/output/PRJEB79569/annotation/bakta/TBF2_MAGScoT_cleanbin_000129	/scratch/users/snarayanasamy/phage_uv_treatment/output/PRJEB79569/annotation/bakta/TBF2_MAGScoT_cleanbin_000129/bakta.done	/scratch/users/snarayanasamy/phage_uv_treatment/output/PRJEB79569/annotation/bakta/TBF2_MAGScoT_cleanbin_000129/TBF2_MAGScoT_cleanbin_000129.gff3	/scratch/users/snarayanasamy/phage_uv_treatment/output/PRJEB79569/annotation/bakta/TBF2_MAGScoT_cleanbin_000129/TBF2_MAGScoT_cleanbin_000129.tsv	/scratch/users/snarayanasamy/phage_uv_treatment/output/PRJEB79569/annotation/bakta/TBF2_MAGScoT_cleanbin_000129/TBF2_MAGScoT_cleanbin_000129.faa	/scratch/users/snarayanasamy/phage_uv_treatment/output/PRJEB79569/annotation/bakta/TBF2_MAGScoT_cleanbin_000129/TBF2_MAGScoT_cleanbin_000129.ffn	/scratch/users/snarayanasamy/phage_uv_treatment/output/PRJEB79569/annotation/bakta/TBF2_MAGScoT_cleanbin_000129/TBF2_MAGScoT_cleanbin_000129.json	/scratch/users/snarayanasamy/phage_uv_treatment/output/PRJEB79569/annotation/bakta/TBF2_MAGScoT_cleanbin_000129/TBF2_MAGScoT_cleanbin_000129.gbff	/scratch/users/snarayanasamy/phage_uv_treatment/output/PRJEB79569/annotation/bakta/TBF2_MAGScoT_cleanbin_000129/TBF2_MAGScoT_cleanbin_000129.hypotheticals.tsv	/scratch/users/snarayanasamy/phage_uv_treatment/output/PRJEB79569/annotation/bakta/TBF2_MAGScoT_cleanbin_000129/TBF2_MAGScoT_cleanbin_000129.inference.tsv
TBF2_MAGScoT_cleanbin_000134	/scratch/users/snarayanasamy/phage_uv_treatment/output/PRJEB79569/binning/dereplication/dereplicated_genomes/TBF2_MAGScoT_cleanbin_000134.fasta	/scratch/users/snarayanasamy/phage_uv_treatment/output/PRJEB79569/annotation/bakta/TBF2_MAGScoT_cleanbin_000134	/scratch/users/snarayanasamy/phage_uv_treatment/output/PRJEB79569/annotation/bakta/TBF2_MAGScoT_cleanbin_000134/bakta.done	/scratch/users/snarayanasamy/phage_uv_treatment/output/PRJEB79569/annotation/bakta/TBF2_MAGScoT_cleanbin_000134/TBF2_MAGScoT_cleanbin_000134.gff3	/scratch/users/snarayanasamy/phage_uv_treatment/output/PRJEB79569/annotation/bakta/TBF2_MAGScoT_cleanbin_000134/TBF2_MAGScoT_cleanbin_000134.tsv	/scratch/users/snarayanasamy/phage_uv_treatment/output/PRJEB79569/annotation/bakta/TBF2_MAGScoT_cleanbin_000134/TBF2_MAGScoT_cleanbin_000134.faa	/scratch/users/snarayanasamy/phage_uv_treatment/output/PRJEB79569/annotation/bakta/TBF2_MAGScoT_cleanbin_000134/TBF2_MAGScoT_cleanbin_000134.ffn	/scratch/users/snarayanasamy/phage_uv_treatment/output/PRJEB79569/annotation/bakta/TBF2_MAGScoT_cleanbin_000134/TBF2_MAGScoT_cleanbin_000134.json	/scratch/users/snarayanasamy/phage_uv_treatment/output/PRJEB79569/annotation/bakta/TBF2_MAGScoT_cleanbin_000134/TBF2_MAGScoT_cleanbin_000134.gbff	/scratch/users/snarayanasamy/phage_uv_treatment/output/PRJEB79569/annotation/bakta/TBF2_MAGScoT_cleanbin_000134/TBF2_MAGScoT_cleanbin_000134.hypotheticals.tsv	/scratch/users/snarayanasamy/phage_uv_treatment/output/PRJEB79569/annotation/bakta/TBF2_MAGScoT_cleanbin_000134/TBF2_MAGScoT_cleanbin_000134.inference.tsv
TBF2_MAGScoT_cleanbin_000146	/scratch/users/snarayanasamy/phage_uv_treatment/output/PRJEB79569/binning/dereplication/dereplicated_genomes/TBF2_MAGScoT_cleanbin_000146.fasta	/scratch/users/snarayanasamy/phage_uv_treatment/output/PRJEB79569/annotation/bakta/TBF2_MAGScoT_cleanbin_000146	/scratch/users/snarayanasamy/phage_uv_treatment/output/PRJEB79569/annotation/bakta/TBF2_MAGScoT_cleanbin_000146/bakta.done	/scratch/users/snarayanasamy/phage_uv_treatment/output/PRJEB79569/annotation/bakta/TBF2_MAGScoT_cleanbin_000146/TBF2_MAGScoT_cleanbin_000146.gff3	/scratch/users/snarayanasamy/phage_uv_treatment/output/PRJEB79569/annotation/bakta/TBF2_MAGScoT_cleanbin_000146/TBF2_MAGScoT_cleanbin_000146.tsv	/scratch/users/snarayanasamy/phage_uv_treatment/output/PRJEB79569/annotation/bakta/TBF2_MAGScoT_cleanbin_000146/TBF2_MAGScoT_cleanbin_000146.faa	/scratch/users/snarayanasamy/phage_uv_treatment/output/PRJEB79569/annotation/bakta/TBF2_MAGScoT_cleanbin_000146/TBF2_MAGScoT_cleanbin_000146.ffn	/scratch/users/snarayanasamy/phage_uv_treatment/output/PRJEB79569/annotation/bakta/TBF2_MAGScoT_cleanbin_000146/TBF2_MAGScoT_cleanbin_000146.json	/scratch/users/snarayanasamy/phage_uv_treatment/output/PRJEB79569/annotation/bakta/TBF2_MAGScoT_cleanbin_000146/TBF2_MAGScoT_cleanbin_000146.gbff	/scratch/users/snarayanasamy/phage_uv_treatment/output/PRJEB79569/annotation/bakta/TBF2_MAGScoT_cleanbin_000146/TBF2_MAGScoT_cleanbin_000146.hypotheticals.tsv	/scratch/users/snarayanasamy/phage_uv_treatment/output/PRJEB79569/annotation/bakta/TBF2_MAGScoT_cleanbin_000146/TBF2_MAGScoT_cleanbin_000146.inference.tsv
TBF2_MAGScoT_cleanbin_000152	/scratch/users/snarayanasamy/phage_uv_treatment/output/PRJEB79569/binning/dereplication/dereplicated_genomes/TBF2_MAGScoT_cleanbin_000152.fasta	/scratch/users/snarayanasamy/phage_uv_treatment/output/PRJEB79569/annotation/bakta/TBF2_MAGScoT_cleanbin_000152	/scratch/users/snarayanasamy/phage_uv_treatment/output/PRJEB79569/annotation/bakta/TBF2_MAGScoT_cleanbin_000152/bakta.done	/scratch/users/snarayanasamy/phage_uv_treatment/output/PRJEB79569/annotation/bakta/TBF2_MAGScoT_cleanbin_000152/TBF2_MAGScoT_cleanbin_000152.gff3	/scratch/users/snarayanasamy/phage_uv_treatment/output/PRJEB79569/annotation/bakta/TBF2_MAGScoT_cleanbin_000152/TBF2_MAGScoT_cleanbin_000152.tsv	/scratch/users/snarayanasamy/phage_uv_treatment/output/PRJEB79569/annotation/bakta/TBF2_MAGScoT_cleanbin_000152/TBF2_MAGScoT_cleanbin_000152.faa	/scratch/users/snarayanasamy/phage_uv_treatment/output/PRJEB79569/annotation/bakta/TBF2_MAGScoT_cleanbin_000152/TBF2_MAGScoT_cleanbin_000152.ffn	/scratch/users/snarayanasamy/phage_uv_treatment/output/PRJEB79569/annotation/bakta/TBF2_MAGScoT_cleanbin_000152/TBF2_MAGScoT_cleanbin_000152.json	/scratch/users/snarayanasamy/phage_uv_treatment/output/PRJEB79569/annotation/bakta/TBF2_MAGScoT_cleanbin_000152/TBF2_MAGScoT_cleanbin_000152.gbff	/scratch/users/snarayanasamy/phage_uv_treatment/output/PRJEB79569/annotation/bakta/TBF2_MAGScoT_cleanbin_000152/TBF2_MAGScoT_cleanbin_000152.hypotheticals.tsv	/scratch/users/snarayanasamy/phage_uv_treatment/output/PRJEB79569/annotation/bakta/TBF2_MAGScoT_cleanbin_000152/TBF2_MAGScoT_cleanbin_000152.inference.tsv
TBF2_MAGScoT_cleanbin_000169	/scratch/users/snarayanasamy/phage_uv_treatment/output/PRJEB79569/binning/dereplication/dereplicated_genomes/TBF2_MAGScoT_cleanbin_000169.fasta	/scratch/users/snarayanasamy/phage_uv_treatment/output/PRJEB79569/annotation/bakta/TBF2_MAGScoT_cleanbin_000169	/scratch/users/snarayanasamy/phage_uv_treatment/output/PRJEB79569/annotation/bakta/TBF2_MAGScoT_cleanbin_000169/bakta.done	/scratch/users/snarayanasamy/phage_uv_treatment/output/PRJEB79569/annotation/bakta/TBF2_MAGScoT_cleanbin_000169/TBF2_MAGScoT_cleanbin_000169.gff3	/scratch/users/snarayanasamy/phage_uv_treatment/output/PRJEB79569/annotation/bakta/TBF2_MAGScoT_cleanbin_000169/TBF2_MAGScoT_cleanbin_000169.tsv	/scratch/users/snarayanasamy/phage_uv_treatment/output/PRJEB79569/annotation/bakta/TBF2_MAGScoT_cleanbin_000169/TBF2_MAGScoT_cleanbin_000169.faa	/scratch/users/snarayanasamy/phage_uv_treatment/output/PRJEB79569/annotation/bakta/TBF2_MAGScoT_cleanbin_000169/TBF2_MAGScoT_cleanbin_000169.ffn	/scratch/users/snarayanasamy/phage_uv_treatment/output/PRJEB79569/annotation/bakta/TBF2_MAGScoT_cleanbin_000169/TBF2_MAGScoT_cleanbin_000169.json	/scratch/users/snarayanasamy/phage_uv_treatment/output/PRJEB79569/annotation/bakta/TBF2_MAGScoT_cleanbin_000169/TBF2_MAGScoT_cleanbin_000169.gbff	/scratch/users/snarayanasamy/phage_uv_treatment/output/PRJEB79569/annotation/bakta/TBF2_MAGScoT_cleanbin_000169/TBF2_MAGScoT_cleanbin_000169.hypotheticals.tsv	/scratch/users/snarayanasamy/phage_uv_treatment/output/PRJEB79569/annotation/bakta/TBF2_MAGScoT_cleanbin_000169/TBF2_MAGScoT_cleanbin_000169.inference.tsv
TBF2_MAGScoT_cleanbin_000172	/scratch/users/snarayanasamy/phage_uv_treatment/output/PRJEB79569/binning/dereplication/dereplicated_genomes/TBF2_MAGScoT_cleanbin_000172.fasta	/scratch/users/snarayanasamy/phage_uv_treatment/output/PRJEB79569/annotation/bakta/TBF2_MAGScoT_cleanbin_000172	/scratch/users/snarayanasamy/phage_uv_treatment/output/PRJEB79569/annotation/bakta/TBF2_MAGScoT_cleanbin_000172/bakta.done	/scratch/users/snarayanasamy/phage_uv_treatment/output/PRJEB79569/annotation/bakta/TBF2_MAGScoT_cleanbin_000172/TBF2_MAGScoT_cleanbin_000172.gff3	/scratch/users/snarayanasamy/phage_uv_treatment/output/PRJEB79569/annotation/bakta/TBF2_MAGScoT_cleanbin_000172/TBF2_MAGScoT_cleanbin_000172.tsv	/scratch/users/snarayanasamy/phage_uv_treatment/output/PRJEB79569/annotation/bakta/TBF2_MAGScoT_cleanbin_000172/TBF2_MAGScoT_cleanbin_000172.faa	/scratch/users/snarayanasamy/phage_uv_treatment/output/PRJEB79569/annotation/bakta/TBF2_MAGScoT_cleanbin_000172/TBF2_MAGScoT_cleanbin_000172.ffn	/scratch/users/snarayanasamy/phage_uv_treatment/output/PRJEB79569/annotation/bakta/TBF2_MAGScoT_cleanbin_000172/TBF2_MAGScoT_cleanbin_000172.json	/scratch/users/snarayanasamy/phage_uv_treatment/output/PRJEB79569/annotation/bakta/TBF2_MAGScoT_cleanbin_000172/TBF2_MAGScoT_cleanbin_000172.gbff	/scratch/users/snarayanasamy/phage_uv_treatment/output/PRJEB79569/annotation/bakta/TBF2_MAGScoT_cleanbin_000172/TBF2_MAGScoT_cleanbin_000172.hypotheticals.tsv	/scratch/users/snarayanasamy/phage_uv_treatment/output/PRJEB79569/annotation/bakta/TBF2_MAGScoT_cleanbin_000172/TBF2_MAGScoT_cleanbin_000172.inference.tsv
TBF2_MAGScoT_cleanbin_000175	/scratch/users/snarayanasamy/phage_uv_treatment/output/PRJEB79569/binning/dereplication/dereplicated_genomes/TBF2_MAGScoT_cleanbin_000175.fasta	/scratch/users/snarayanasamy/phage_uv_treatment/output/PRJEB79569/annotation/bakta/TBF2_MAGScoT_cleanbin_000175	/scratch/users/snarayanasamy/phage_uv_treatment/output/PRJEB79569/annotation/bakta/TBF2_MAGScoT_cleanbin_000175/bakta.done	/scratch/users/snarayanasamy/phage_uv_treatment/output/PRJEB79569/annotation/bakta/TBF2_MAGScoT_cleanbin_000175/TBF2_MAGScoT_cleanbin_000175.gff3	/scratch/users/snarayanasamy/phage_uv_treatment/output/PRJEB79569/annotation/bakta/TBF2_MAGScoT_cleanbin_000175/TBF2_MAGScoT_cleanbin_000175.tsv	/scratch/users/snarayanasamy/phage_uv_treatment/output/PRJEB79569/annotation/bakta/TBF2_MAGScoT_cleanbin_000175/TBF2_MAGScoT_cleanbin_000175.faa	/scratch/users/snarayanasamy/phage_uv_treatment/output/PRJEB79569/annotation/bakta/TBF2_MAGScoT_cleanbin_000175/TBF2_MAGScoT_cleanbin_000175.ffn	/scratch/users/snarayanasamy/phage_uv_treatment/output/PRJEB79569/annotation/bakta/TBF2_MAGScoT_cleanbin_000175/TBF2_MAGScoT_cleanbin_000175.json	/scratch/users/snarayanasamy/phage_uv_treatment/output/PRJEB79569/annotation/bakta/TBF2_MAGScoT_cleanbin_000175/TBF2_MAGScoT_cleanbin_000175.gbff	/scratch/users/snarayanasamy/phage_uv_treatment/output/PRJEB79569/annotation/bakta/TBF2_MAGScoT_cleanbin_000175/TBF2_MAGScoT_cleanbin_000175.hypotheticals.tsv	/scratch/users/snarayanasamy/phage_uv_treatment/output/PRJEB79569/annotation/bakta/TBF2_MAGScoT_cleanbin_000175/TBF2_MAGScoT_cleanbin_000175.inference.tsv
TBF2_MAGScoT_cleanbin_000178	/scratch/users/snarayanasamy/phage_uv_treatment/output/PRJEB79569/binning/dereplication/dereplicated_genomes/TBF2_MAGScoT_cleanbin_000178.fasta	/scratch/users/snarayanasamy/phage_uv_treatment/output/PRJEB79569/annotation/bakta/TBF2_MAGScoT_cleanbin_000178	/scratch/users/snarayanasamy/phage_uv_treatment/output/PRJEB79569/annotation/bakta/TBF2_MAGScoT_cleanbin_000178/bakta.done	/scratch/users/snarayanasamy/phage_uv_treatment/output/PRJEB79569/annotation/bakta/TBF2_MAGScoT_cleanbin_000178/TBF2_MAGScoT_cleanbin_000178.gff3	/scratch/users/snarayanasamy/phage_uv_treatment/output/PRJEB79569/annotation/bakta/TBF2_MAGScoT_cleanbin_000178/TBF2_MAGScoT_cleanbin_000178.tsv	/scratch/users/snarayanasamy/phage_uv_treatment/output/PRJEB79569/annotation/bakta/TBF2_MAGScoT_cleanbin_000178/TBF2_MAGScoT_cleanbin_000178.faa	/scratch/users/snarayanasamy/phage_uv_treatment/output/PRJEB79569/annotation/bakta/TBF2_MAGScoT_cleanbin_000178/TBF2_MAGScoT_cleanbin_000178.ffn	/scratch/users/snarayanasamy/phage_uv_treatment/output/PRJEB79569/annotation/bakta/TBF2_MAGScoT_cleanbin_000178/TBF2_MAGScoT_cleanbin_000178.json	/scratch/users/snarayanasamy/phage_uv_treatment/output/PRJEB79569/annotation/bakta/TBF2_MAGScoT_cleanbin_000178/TBF2_MAGScoT_cleanbin_000178.gbff	/scratch/users/snarayanasamy/phage_uv_treatment/output/PRJEB79569/annotation/bakta/TBF2_MAGScoT_cleanbin_000178/TBF2_MAGScoT_cleanbin_000178.hypotheticals.tsv	/scratch/users/snarayanasamy/phage_uv_treatment/output/PRJEB79569/annotation/bakta/TBF2_MAGScoT_cleanbin_000178/TBF2_MAGScoT_cleanbin_000178.inference.tsv
TBF2_MAGScoT_cleanbin_000184	/scratch/users/snarayanasamy/phage_uv_treatment/output/PRJEB79569/binning/dereplication/dereplicated_genomes/TBF2_MAGScoT_cleanbin_000184.fasta	/scratch/users/snarayanasamy/phage_uv_treatment/output/PRJEB79569/annotation/bakta/TBF2_MAGScoT_cleanbin_000184	/scratch/users/snarayanasamy/phage_uv_treatment/output/PRJEB79569/annotation/bakta/TBF2_MAGScoT_cleanbin_000184/bakta.done	/scratch/users/snarayanasamy/phage_uv_treatment/output/PRJEB79569/annotation/bakta/TBF2_MAGScoT_cleanbin_000184/TBF2_MAGScoT_cleanbin_000184.gff3	/scratch/users/snarayanasamy/phage_uv_treatment/output/PRJEB79569/annotation/bakta/TBF2_MAGScoT_cleanbin_000184/TBF2_MAGScoT_cleanbin_000184.tsv	/scratch/users/snarayanasamy/phage_uv_treatment/output/PRJEB79569/annotation/bakta/TBF2_MAGScoT_cleanbin_000184/TBF2_MAGScoT_cleanbin_000184.faa	/scratch/users/snarayanasamy/phage_uv_treatment/output/PRJEB79569/annotation/bakta/TBF2_MAGScoT_cleanbin_000184/TBF2_MAGScoT_cleanbin_000184.ffn	/scratch/users/snarayanasamy/phage_uv_treatment/output/PRJEB79569/annotation/bakta/TBF2_MAGScoT_cleanbin_000184/TBF2_MAGScoT_cleanbin_000184.json	/scratch/users/snarayanasamy/phage_uv_treatment/output/PRJEB79569/annotation/bakta/TBF2_MAGScoT_cleanbin_000184/TBF2_MAGScoT_cleanbin_000184.gbff	/scratch/users/snarayanasamy/phage_uv_treatment/output/PRJEB79569/annotation/bakta/TBF2_MAGScoT_cleanbin_000184/TBF2_MAGScoT_cleanbin_000184.hypotheticals.tsv	/scratch/users/snarayanasamy/phage_uv_treatment/output/PRJEB79569/annotation/bakta/TBF2_MAGScoT_cleanbin_000184/TBF2_MAGScoT_cleanbin_000184.inference.tsv
TBF2_MAGScoT_cleanbin_000185	/scratch/users/snarayanasamy/phage_uv_treatment/output/PRJEB79569/binning/dereplication/dereplicated_genomes/TBF2_MAGScoT_cleanbin_000185.fasta	/scratch/users/snarayanasamy/phage_uv_treatment/output/PRJEB79569/annotation/bakta/TBF2_MAGScoT_cleanbin_000185	/scratch/users/snarayanasamy/phage_uv_treatment/output/PRJEB79569/annotation/bakta/TBF2_MAGScoT_cleanbin_000185/bakta.done	/scratch/users/snarayanasamy/phage_uv_treatment/output/PRJEB79569/annotation/bakta/TBF2_MAGScoT_cleanbin_000185/TBF2_MAGScoT_cleanbin_000185.gff3	/scratch/users/snarayanasamy/phage_uv_treatment/output/PRJEB79569/annotation/bakta/TBF2_MAGScoT_cleanbin_000185/TBF2_MAGScoT_cleanbin_000185.tsv	/scratch/users/snarayanasamy/phage_uv_treatment/output/PRJEB79569/annotation/bakta/TBF2_MAGScoT_cleanbin_000185/TBF2_MAGScoT_cleanbin_000185.faa	/scratch/users/snarayanasamy/phage_uv_treatment/output/PRJEB79569/annotation/bakta/TBF2_MAGScoT_cleanbin_000185/TBF2_MAGScoT_cleanbin_000185.ffn	/scratch/users/snarayanasamy/phage_uv_treatment/output/PRJEB79569/annotation/bakta/TBF2_MAGScoT_cleanbin_000185/TBF2_MAGScoT_cleanbin_000185.json	/scratch/users/snarayanasamy/phage_uv_treatment/output/PRJEB79569/annotation/bakta/TBF2_MAGScoT_cleanbin_000185/TBF2_MAGScoT_cleanbin_000185.gbff	/scratch/users/snarayanasamy/phage_uv_treatment/output/PRJEB79569/annotation/bakta/TBF2_MAGScoT_cleanbin_000185/TBF2_MAGScoT_cleanbin_000185.hypotheticals.tsv	/scratch/users/snarayanasamy/phage_uv_treatment/output/PRJEB79569/annotation/bakta/TBF2_MAGScoT_cleanbin_000185/TBF2_MAGScoT_cleanbin_000185.inference.tsv
TBF2_MAGScoT_cleanbin_000187	/scratch/users/snarayanasamy/phage_uv_treatment/output/PRJEB79569/binning/dereplication/dereplicated_genomes/TBF2_MAGScoT_cleanbin_000187.fasta	/scratch/users/snarayanasamy/phage_uv_treatment/output/PRJEB79569/annotation/bakta/TBF2_MAGScoT_cleanbin_000187	/scratch/users/snarayanasamy/phage_uv_treatment/output/PRJEB79569/annotation/bakta/TBF2_MAGScoT_cleanbin_000187/bakta.done	/scratch/users/snarayanasamy/phage_uv_treatment/output/PRJEB79569/annotation/bakta/TBF2_MAGScoT_cleanbin_000187/TBF2_MAGScoT_cleanbin_000187.gff3	/scratch/users/snarayanasamy/phage_uv_treatment/output/PRJEB79569/annotation/bakta/TBF2_MAGScoT_cleanbin_000187/TBF2_MAGScoT_cleanbin_000187.tsv	/scratch/users/snarayanasamy/phage_uv_treatment/output/PRJEB79569/annotation/bakta/TBF2_MAGScoT_cleanbin_000187/TBF2_MAGScoT_cleanbin_000187.faa	/scratch/users/snarayanasamy/phage_uv_treatment/output/PRJEB79569/annotation/bakta/TBF2_MAGScoT_cleanbin_000187/TBF2_MAGScoT_cleanbin_000187.ffn	/scratch/users/snarayanasamy/phage_uv_treatment/output/PRJEB79569/annotation/bakta/TBF2_MAGScoT_cleanbin_000187/TBF2_MAGScoT_cleanbin_000187.json	/scratch/users/snarayanasamy/phage_uv_treatment/output/PRJEB79569/annotation/bakta/TBF2_MAGScoT_cleanbin_000187/TBF2_MAGScoT_cleanbin_000187.gbff	/scratch/users/snarayanasamy/phage_uv_treatment/output/PRJEB79569/annotation/bakta/TBF2_MAGScoT_cleanbin_000187/TBF2_MAGScoT_cleanbin_000187.hypotheticals.tsv	/scratch/users/snarayanasamy/phage_uv_treatment/output/PRJEB79569/annotation/bakta/TBF2_MAGScoT_cleanbin_000187/TBF2_MAGScoT_cleanbin_000187.inference.tsv
TBF2_MAGScoT_cleanbin_000236	/scratch/users/snarayanasamy/phage_uv_treatment/output/PRJEB79569/binning/dereplication/dereplicated_genomes/TBF2_MAGScoT_cleanbin_000236.fasta	/scratch/users/snarayanasamy/phage_uv_treatment/output/PRJEB79569/annotation/bakta/TBF2_MAGScoT_cleanbin_000236	/scratch/users/snarayanasamy/phage_uv_treatment/output/PRJEB79569/annotation/bakta/TBF2_MAGScoT_cleanbin_000236/bakta.done	/scratch/users/snarayanasamy/phage_uv_treatment/output/PRJEB79569/annotation/bakta/TBF2_MAGScoT_cleanbin_000236/TBF2_MAGScoT_cleanbin_000236.gff3	/scratch/users/snarayanasamy/phage_uv_treatment/output/PRJEB79569/annotation/bakta/TBF2_MAGScoT_cleanbin_000236/TBF2_MAGScoT_cleanbin_000236.tsv	/scratch/users/snarayanasamy/phage_uv_treatment/output/PRJEB79569/annotation/bakta/TBF2_MAGScoT_cleanbin_000236/TBF2_MAGScoT_cleanbin_000236.faa	/scratch/users/snarayanasamy/phage_uv_treatment/output/PRJEB79569/annotation/bakta/TBF2_MAGScoT_cleanbin_000236/TBF2_MAGScoT_cleanbin_000236.ffn	/scratch/users/snarayanasamy/phage_uv_treatment/output/PRJEB79569/annotation/bakta/TBF2_MAGScoT_cleanbin_000236/TBF2_MAGScoT_cleanbin_000236.json	/scratch/users/snarayanasamy/phage_uv_treatment/output/PRJEB79569/annotation/bakta/TBF2_MAGScoT_cleanbin_000236/TBF2_MAGScoT_cleanbin_000236.gbff	/scratch/users/snarayanasamy/phage_uv_treatment/output/PRJEB79569/annotation/bakta/TBF2_MAGScoT_cleanbin_000236/TBF2_MAGScoT_cleanbin_000236.hypotheticals.tsv	/scratch/users/snarayanasamy/phage_uv_treatment/output/PRJEB79569/annotation/bakta/TBF2_MAGScoT_cleanbin_000236/TBF2_MAGScoT_cleanbin_000236.inference.tsv
TBF3_MAGScoT_cleanbin_000008	/scratch/users/snarayanasamy/phage_uv_treatment/output/PRJEB79569/binning/dereplication/dereplicated_genomes/TBF3_MAGScoT_cleanbin_000008.fasta	/scratch/users/snarayanasamy/phage_uv_treatment/output/PRJEB79569/annotation/bakta/TBF3_MAGScoT_cleanbin_000008	/scratch/users/snarayanasamy/phage_uv_treatment/output/PRJEB79569/annotation/bakta/TBF3_MAGScoT_cleanbin_000008/bakta.done	/scratch/users/snarayanasamy/phage_uv_treatment/output/PRJEB79569/annotation/bakta/TBF3_MAGScoT_cleanbin_000008/TBF3_MAGScoT_cleanbin_000008.gff3	/scratch/users/snarayanasamy/phage_uv_treatment/output/PRJEB79569/annotation/bakta/TBF3_MAGScoT_cleanbin_000008/TBF3_MAGScoT_cleanbin_000008.tsv	/scratch/users/snarayanasamy/phage_uv_treatment/output/PRJEB79569/annotation/bakta/TBF3_MAGScoT_cleanbin_000008/TBF3_MAGScoT_cleanbin_000008.faa	/scratch/users/snarayanasamy/phage_uv_treatment/output/PRJEB79569/annotation/bakta/TBF3_MAGScoT_cleanbin_000008/TBF3_MAGScoT_cleanbin_000008.ffn	/scratch/users/snarayanasamy/phage_uv_treatment/output/PRJEB79569/annotation/bakta/TBF3_MAGScoT_cleanbin_000008/TBF3_MAGScoT_cleanbin_000008.json	/scratch/users/snarayanasamy/phage_uv_treatment/output/PRJEB79569/annotation/bakta/TBF3_MAGScoT_cleanbin_000008/TBF3_MAGScoT_cleanbin_000008.gbff	/scratch/users/snarayanasamy/phage_uv_treatment/output/PRJEB79569/annotation/bakta/TBF3_MAGScoT_cleanbin_000008/TBF3_MAGScoT_cleanbin_000008.hypotheticals.tsv	/scratch/users/snarayanasamy/phage_uv_treatment/output/PRJEB79569/annotation/bakta/TBF3_MAGScoT_cleanbin_000008/TBF3_MAGScoT_cleanbin_000008.inference.tsv
TBF3_MAGScoT_cleanbin_000010	/scratch/users/snarayanasamy/phage_uv_treatment/output/PRJEB79569/binning/dereplication/dereplicated_genomes/TBF3_MAGScoT_cleanbin_000010.fasta	/scratch/users/snarayanasamy/phage_uv_treatment/output/PRJEB79569/annotation/bakta/TBF3_MAGScoT_cleanbin_000010	/scratch/users/snarayanasamy/phage_uv_treatment/output/PRJEB79569/annotation/bakta/TBF3_MAGScoT_cleanbin_000010/bakta.done	/scratch/users/snarayanasamy/phage_uv_treatment/output/PRJEB79569/annotation/bakta/TBF3_MAGScoT_cleanbin_000010/TBF3_MAGScoT_cleanbin_000010.gff3	/scratch/users/snarayanasamy/phage_uv_treatment/output/PRJEB79569/annotation/bakta/TBF3_MAGScoT_cleanbin_000010/TBF3_MAGScoT_cleanbin_000010.tsv	/scratch/users/snarayanasamy/phage_uv_treatment/output/PRJEB79569/annotation/bakta/TBF3_MAGScoT_cleanbin_000010/TBF3_MAGScoT_cleanbin_000010.faa	/scratch/users/snarayanasamy/phage_uv_treatment/output/PRJEB79569/annotation/bakta/TBF3_MAGScoT_cleanbin_000010/TBF3_MAGScoT_cleanbin_000010.ffn	/scratch/users/snarayanasamy/phage_uv_treatment/output/PRJEB79569/annotation/bakta/TBF3_MAGScoT_cleanbin_000010/TBF3_MAGScoT_cleanbin_000010.json	/scratch/users/snarayanasamy/phage_uv_treatment/output/PRJEB79569/annotation/bakta/TBF3_MAGScoT_cleanbin_000010/TBF3_MAGScoT_cleanbin_000010.gbff	/scratch/users/snarayanasamy/phage_uv_treatment/output/PRJEB79569/annotation/bakta/TBF3_MAGScoT_cleanbin_000010/TBF3_MAGScoT_cleanbin_000010.hypotheticals.tsv	/scratch/users/snarayanasamy/phage_uv_treatment/output/PRJEB79569/annotation/bakta/TBF3_MAGScoT_cleanbin_000010/TBF3_MAGScoT_cleanbin_000010.inference.tsv
TBF3_MAGScoT_cleanbin_000017	/scratch/users/snarayanasamy/phage_uv_treatment/output/PRJEB79569/binning/dereplication/dereplicated_genomes/TBF3_MAGScoT_cleanbin_000017.fasta	/scratch/users/snarayanasamy/phage_uv_treatment/output/PRJEB79569/annotation/bakta/TBF3_MAGScoT_cleanbin_000017	/scratch/users/snarayanasamy/phage_uv_treatment/output/PRJEB79569/annotation/bakta/TBF3_MAGScoT_cleanbin_000017/bakta.done	/scratch/users/snarayanasamy/phage_uv_treatment/output/PRJEB79569/annotation/bakta/TBF3_MAGScoT_cleanbin_000017/TBF3_MAGScoT_cleanbin_000017.gff3	/scratch/users/snarayanasamy/phage_uv_treatment/output/PRJEB79569/annotation/bakta/TBF3_MAGScoT_cleanbin_000017/TBF3_MAGScoT_cleanbin_000017.tsv	/scratch/users/snarayanasamy/phage_uv_treatment/output/PRJEB79569/annotation/bakta/TBF3_MAGScoT_cleanbin_000017/TBF3_MAGScoT_cleanbin_000017.faa	/scratch/users/snarayanasamy/phage_uv_treatment/output/PRJEB79569/annotation/bakta/TBF3_MAGScoT_cleanbin_000017/TBF3_MAGScoT_cleanbin_000017.ffn	/scratch/users/snarayanasamy/phage_uv_treatment/output/PRJEB79569/annotation/bakta/TBF3_MAGScoT_cleanbin_000017/TBF3_MAGScoT_cleanbin_000017.json	/scratch/users/snarayanasamy/phage_uv_treatment/output/PRJEB79569/annotation/bakta/TBF3_MAGScoT_cleanbin_000017/TBF3_MAGScoT_cleanbin_000017.gbff	/scratch/users/snarayanasamy/phage_uv_treatment/output/PRJEB79569/annotation/bakta/TBF3_MAGScoT_cleanbin_000017/TBF3_MAGScoT_cleanbin_000017.hypotheticals.tsv	/scratch/users/snarayanasamy/phage_uv_treatment/output/PRJEB79569/annotation/bakta/TBF3_MAGScoT_cleanbin_000017/TBF3_MAGScoT_cleanbin_000017.inference.tsv
TBF3_MAGScoT_cleanbin_000022	/scratch/users/snarayanasamy/phage_uv_treatment/output/PRJEB79569/binning/dereplication/dereplicated_genomes/TBF3_MAGScoT_cleanbin_000022.fasta	/scratch/users/snarayanasamy/phage_uv_treatment/output/PRJEB79569/annotation/bakta/TBF3_MAGScoT_cleanbin_000022	/scratch/users/snarayanasamy/phage_uv_treatment/output/PRJEB79569/annotation/bakta/TBF3_MAGScoT_cleanbin_000022/bakta.done	/scratch/users/snarayanasamy/phage_uv_treatment/output/PRJEB79569/annotation/bakta/TBF3_MAGScoT_cleanbin_000022/TBF3_MAGScoT_cleanbin_000022.gff3	/scratch/users/snarayanasamy/phage_uv_treatment/output/PRJEB79569/annotation/bakta/TBF3_MAGScoT_cleanbin_000022/TBF3_MAGScoT_cleanbin_000022.tsv	/scratch/users/snarayanasamy/phage_uv_treatment/output/PRJEB79569/annotation/bakta/TBF3_MAGScoT_cleanbin_000022/TBF3_MAGScoT_cleanbin_000022.faa	/scratch/users/snarayanasamy/phage_uv_treatment/output/PRJEB79569/annotation/bakta/TBF3_MAGScoT_cleanbin_000022/TBF3_MAGScoT_cleanbin_000022.ffn	/scratch/users/snarayanasamy/phage_uv_treatment/output/PRJEB79569/annotation/bakta/TBF3_MAGScoT_cleanbin_000022/TBF3_MAGScoT_cleanbin_000022.json	/scratch/users/snarayanasamy/phage_uv_treatment/output/PRJEB79569/annotation/bakta/TBF3_MAGScoT_cleanbin_000022/TBF3_MAGScoT_cleanbin_000022.gbff	/scratch/users/snarayanasamy/phage_uv_treatment/output/PRJEB79569/annotation/bakta/TBF3_MAGScoT_cleanbin_000022/TBF3_MAGScoT_cleanbin_000022.hypotheticals.tsv	/scratch/users/snarayanasamy/phage_uv_treatment/output/PRJEB79569/annotation/bakta/TBF3_MAGScoT_cleanbin_000022/TBF3_MAGScoT_cleanbin_000022.inference.tsv
TBF3_MAGScoT_cleanbin_000023	/scratch/users/snarayanasamy/phage_uv_treatment/output/PRJEB79569/binning/dereplication/dereplicated_genomes/TBF3_MAGScoT_cleanbin_000023.fasta	/scratch/users/snarayanasamy/phage_uv_treatment/output/PRJEB79569/annotation/bakta/TBF3_MAGScoT_cleanbin_000023	/scratch/users/snarayanasamy/phage_uv_treatment/output/PRJEB79569/annotation/bakta/TBF3_MAGScoT_cleanbin_000023/bakta.done	/scratch/users/snarayanasamy/phage_uv_treatment/output/PRJEB79569/annotation/bakta/TBF3_MAGScoT_cleanbin_000023/TBF3_MAGScoT_cleanbin_000023.gff3	/scratch/users/snarayanasamy/phage_uv_treatment/output/PRJEB79569/annotation/bakta/TBF3_MAGScoT_cleanbin_000023/TBF3_MAGScoT_cleanbin_000023.tsv	/scratch/users/snarayanasamy/phage_uv_treatment/output/PRJEB79569/annotation/bakta/TBF3_MAGScoT_cleanbin_000023/TBF3_MAGScoT_cleanbin_000023.faa	/scratch/users/snarayanasamy/phage_uv_treatment/output/PRJEB79569/annotation/bakta/TBF3_MAGScoT_cleanbin_000023/TBF3_MAGScoT_cleanbin_000023.ffn	/scratch/users/snarayanasamy/phage_uv_treatment/output/PRJEB79569/annotation/bakta/TBF3_MAGScoT_cleanbin_000023/TBF3_MAGScoT_cleanbin_000023.json	/scratch/users/snarayanasamy/phage_uv_treatment/output/PRJEB79569/annotation/bakta/TBF3_MAGScoT_cleanbin_000023/TBF3_MAGScoT_cleanbin_000023.gbff	/scratch/users/snarayanasamy/phage_uv_treatment/output/PRJEB79569/annotation/bakta/TBF3_MAGScoT_cleanbin_000023/TBF3_MAGScoT_cleanbin_000023.hypotheticals.tsv	/scratch/users/snarayanasamy/phage_uv_treatment/output/PRJEB79569/annotation/bakta/TBF3_MAGScoT_cleanbin_000023/TBF3_MAGScoT_cleanbin_000023.inference.tsv
TBF3_MAGScoT_cleanbin_000025	/scratch/users/snarayanasamy/phage_uv_treatment/output/PRJEB79569/binning/dereplication/dereplicated_genomes/TBF3_MAGScoT_cleanbin_000025.fasta	/scratch/users/snarayanasamy/phage_uv_treatment/output/PRJEB79569/annotation/bakta/TBF3_MAGScoT_cleanbin_000025	/scratch/users/snarayanasamy/phage_uv_treatment/output/PRJEB79569/annotation/bakta/TBF3_MAGScoT_cleanbin_000025/bakta.done	/scratch/users/snarayanasamy/phage_uv_treatment/output/PRJEB79569/annotation/bakta/TBF3_MAGScoT_cleanbin_000025/TBF3_MAGScoT_cleanbin_000025.gff3	/scratch/users/snarayanasamy/phage_uv_treatment/output/PRJEB79569/annotation/bakta/TBF3_MAGScoT_cleanbin_000025/TBF3_MAGScoT_cleanbin_000025.tsv	/scratch/users/snarayanasamy/phage_uv_treatment/output/PRJEB79569/annotation/bakta/TBF3_MAGScoT_cleanbin_000025/TBF3_MAGScoT_cleanbin_000025.faa	/scratch/users/snarayanasamy/phage_uv_treatment/output/PRJEB79569/annotation/bakta/TBF3_MAGScoT_cleanbin_000025/TBF3_MAGScoT_cleanbin_000025.ffn	/scratch/users/snarayanasamy/phage_uv_treatment/output/PRJEB79569/annotation/bakta/TBF3_MAGScoT_cleanbin_000025/TBF3_MAGScoT_cleanbin_000025.json	/scratch/users/snarayanasamy/phage_uv_treatment/output/PRJEB79569/annotation/bakta/TBF3_MAGScoT_cleanbin_000025/TBF3_MAGScoT_cleanbin_000025.gbff	/scratch/users/snarayanasamy/phage_uv_treatment/output/PRJEB79569/annotation/bakta/TBF3_MAGScoT_cleanbin_000025/TBF3_MAGScoT_cleanbin_000025.hypotheticals.tsv	/scratch/users/snarayanasamy/phage_uv_treatment/output/PRJEB79569/annotation/bakta/TBF3_MAGScoT_cleanbin_000025/TBF3_MAGScoT_cleanbin_000025.inference.tsv
TBF3_MAGScoT_cleanbin_000041	/scratch/users/snarayanasamy/phage_uv_treatment/output/PRJEB79569/binning/dereplication/dereplicated_genomes/TBF3_MAGScoT_cleanbin_000041.fasta	/scratch/users/snarayanasamy/phage_uv_treatment/output/PRJEB79569/annotation/bakta/TBF3_MAGScoT_cleanbin_000041	/scratch/users/snarayanasamy/phage_uv_treatment/output/PRJEB79569/annotation/bakta/TBF3_MAGScoT_cleanbin_000041/bakta.done	/scratch/users/snarayanasamy/phage_uv_treatment/output/PRJEB79569/annotation/bakta/TBF3_MAGScoT_cleanbin_000041/TBF3_MAGScoT_cleanbin_000041.gff3	/scratch/users/snarayanasamy/phage_uv_treatment/output/PRJEB79569/annotation/bakta/TBF3_MAGScoT_cleanbin_000041/TBF3_MAGScoT_cleanbin_000041.tsv	/scratch/users/snarayanasamy/phage_uv_treatment/output/PRJEB79569/annotation/bakta/TBF3_MAGScoT_cleanbin_000041/TBF3_MAGScoT_cleanbin_000041.faa	/scratch/users/snarayanasamy/phage_uv_treatment/output/PRJEB79569/annotation/bakta/TBF3_MAGScoT_cleanbin_000041/TBF3_MAGScoT_cleanbin_000041.ffn	/scratch/users/snarayanasamy/phage_uv_treatment/output/PRJEB79569/annotation/bakta/TBF3_MAGScoT_cleanbin_000041/TBF3_MAGScoT_cleanbin_000041.json	/scratch/users/snarayanasamy/phage_uv_treatment/output/PRJEB79569/annotation/bakta/TBF3_MAGScoT_cleanbin_000041/TBF3_MAGScoT_cleanbin_000041.gbff	/scratch/users/snarayanasamy/phage_uv_treatment/output/PRJEB79569/annotation/bakta/TBF3_MAGScoT_cleanbin_000041/TBF3_MAGScoT_cleanbin_000041.hypotheticals.tsv	/scratch/users/snarayanasamy/phage_uv_treatment/output/PRJEB79569/annotation/bakta/TBF3_MAGScoT_cleanbin_000041/TBF3_MAGScoT_cleanbin_000041.inference.tsv
TBF3_MAGScoT_cleanbin_000042	/scratch/users/snarayanasamy/phage_uv_treatment/output/PRJEB79569/binning/dereplication/dereplicated_genomes/TBF3_MAGScoT_cleanbin_000042.fasta	/scratch/users/snarayanasamy/phage_uv_treatment/output/PRJEB79569/annotation/bakta/TBF3_MAGScoT_cleanbin_000042	/scratch/users/snarayanasamy/phage_uv_treatment/output/PRJEB79569/annotation/bakta/TBF3_MAGScoT_cleanbin_000042/bakta.done	/scratch/users/snarayanasamy/phage_uv_treatment/output/PRJEB79569/annotation/bakta/TBF3_MAGScoT_cleanbin_000042/TBF3_MAGScoT_cleanbin_000042.gff3	/scratch/users/snarayanasamy/phage_uv_treatment/output/PRJEB79569/annotation/bakta/TBF3_MAGScoT_cleanbin_000042/TBF3_MAGScoT_cleanbin_000042.tsv	/scratch/users/snarayanasamy/phage_uv_treatment/output/PRJEB79569/annotation/bakta/TBF3_MAGScoT_cleanbin_000042/TBF3_MAGScoT_cleanbin_000042.faa	/scratch/users/snarayanasamy/phage_uv_treatment/output/PRJEB79569/annotation/bakta/TBF3_MAGScoT_cleanbin_000042/TBF3_MAGScoT_cleanbin_000042.ffn	/scratch/users/snarayanasamy/phage_uv_treatment/output/PRJEB79569/annotation/bakta/TBF3_MAGScoT_cleanbin_000042/TBF3_MAGScoT_cleanbin_000042.json	/scratch/users/snarayanasamy/phage_uv_treatment/output/PRJEB79569/annotation/bakta/TBF3_MAGScoT_cleanbin_000042/TBF3_MAGScoT_cleanbin_000042.gbff	/scratch/users/snarayanasamy/phage_uv_treatment/output/PRJEB79569/annotation/bakta/TBF3_MAGScoT_cleanbin_000042/TBF3_MAGScoT_cleanbin_000042.hypotheticals.tsv	/scratch/users/snarayanasamy/phage_uv_treatment/output/PRJEB79569/annotation/bakta/TBF3_MAGScoT_cleanbin_000042/TBF3_MAGScoT_cleanbin_000042.inference.tsv
TBF3_MAGScoT_cleanbin_000046	/scratch/users/snarayanasamy/phage_uv_treatment/output/PRJEB79569/binning/dereplication/dereplicated_genomes/TBF3_MAGScoT_cleanbin_000046.fasta	/scratch/users/snarayanasamy/phage_uv_treatment/output/PRJEB79569/annotation/bakta/TBF3_MAGScoT_cleanbin_000046	/scratch/users/snarayanasamy/phage_uv_treatment/output/PRJEB79569/annotation/bakta/TBF3_MAGScoT_cleanbin_000046/bakta.done	/scratch/users/snarayanasamy/phage_uv_treatment/output/PRJEB79569/annotation/bakta/TBF3_MAGScoT_cleanbin_000046/TBF3_MAGScoT_cleanbin_000046.gff3	/scratch/users/snarayanasamy/phage_uv_treatment/output/PRJEB79569/annotation/bakta/TBF3_MAGScoT_cleanbin_000046/TBF3_MAGScoT_cleanbin_000046.tsv	/scratch/users/snarayanasamy/phage_uv_treatment/output/PRJEB79569/annotation/bakta/TBF3_MAGScoT_cleanbin_000046/TBF3_MAGScoT_cleanbin_000046.faa	/scratch/users/snarayanasamy/phage_uv_treatment/output/PRJEB79569/annotation/bakta/TBF3_MAGScoT_cleanbin_000046/TBF3_MAGScoT_cleanbin_000046.ffn	/scratch/users/snarayanasamy/phage_uv_treatment/output/PRJEB79569/annotation/bakta/TBF3_MAGScoT_cleanbin_000046/TBF3_MAGScoT_cleanbin_000046.json	/scratch/users/snarayanasamy/phage_uv_treatment/output/PRJEB79569/annotation/bakta/TBF3_MAGScoT_cleanbin_000046/TBF3_MAGScoT_cleanbin_000046.gbff	/scratch/users/snarayanasamy/phage_uv_treatment/output/PRJEB79569/annotation/bakta/TBF3_MAGScoT_cleanbin_000046/TBF3_MAGScoT_cleanbin_000046.hypotheticals.tsv	/scratch/users/snarayanasamy/phage_uv_treatment/output/PRJEB79569/annotation/bakta/TBF3_MAGScoT_cleanbin_000046/TBF3_MAGScoT_cleanbin_000046.inference.tsv
TBF3_MAGScoT_cleanbin_000048	/scratch/users/snarayanasamy/phage_uv_treatment/output/PRJEB79569/binning/dereplication/dereplicated_genomes/TBF3_MAGScoT_cleanbin_000048.fasta	/scratch/users/snarayanasamy/phage_uv_treatment/output/PRJEB79569/annotation/bakta/TBF3_MAGScoT_cleanbin_000048	/scratch/users/snarayanasamy/phage_uv_treatment/output/PRJEB79569/annotation/bakta/TBF3_MAGScoT_cleanbin_000048/bakta.done	/scratch/users/snarayanasamy/phage_uv_treatment/output/PRJEB79569/annotation/bakta/TBF3_MAGScoT_cleanbin_000048/TBF3_MAGScoT_cleanbin_000048.gff3	/scratch/users/snarayanasamy/phage_uv_treatment/output/PRJEB79569/annotation/bakta/TBF3_MAGScoT_cleanbin_000048/TBF3_MAGScoT_cleanbin_000048.tsv	/scratch/users/snarayanasamy/phage_uv_treatment/output/PRJEB79569/annotation/bakta/TBF3_MAGScoT_cleanbin_000048/TBF3_MAGScoT_cleanbin_000048.faa	/scratch/users/snarayanasamy/phage_uv_treatment/output/PRJEB79569/annotation/bakta/TBF3_MAGScoT_cleanbin_000048/TBF3_MAGScoT_cleanbin_000048.ffn	/scratch/users/snarayanasamy/phage_uv_treatment/output/PRJEB79569/annotation/bakta/TBF3_MAGScoT_cleanbin_000048/TBF3_MAGScoT_cleanbin_000048.json	/scratch/users/snarayanasamy/phage_uv_treatment/output/PRJEB79569/annotation/bakta/TBF3_MAGScoT_cleanbin_000048/TBF3_MAGScoT_cleanbin_000048.gbff	/scratch/users/snarayanasamy/phage_uv_treatment/output/PRJEB79569/annotation/bakta/TBF3_MAGScoT_cleanbin_000048/TBF3_MAGScoT_cleanbin_000048.hypotheticals.tsv	/scratch/users/snarayanasamy/phage_uv_treatment/output/PRJEB79569/annotation/bakta/TBF3_MAGScoT_cleanbin_000048/TBF3_MAGScoT_cleanbin_000048.inference.tsv
TBF3_MAGScoT_cleanbin_000049	/scratch/users/snarayanasamy/phage_uv_treatment/output/PRJEB79569/binning/dereplication/dereplicated_genomes/TBF3_MAGScoT_cleanbin_000049.fasta	/scratch/users/snarayanasamy/phage_uv_treatment/output/PRJEB79569/annotation/bakta/TBF3_MAGScoT_cleanbin_000049	/scratch/users/snarayanasamy/phage_uv_treatment/output/PRJEB79569/annotation/bakta/TBF3_MAGScoT_cleanbin_000049/bakta.done	/scratch/users/snarayanasamy/phage_uv_treatment/output/PRJEB79569/annotation/bakta/TBF3_MAGScoT_cleanbin_000049/TBF3_MAGScoT_cleanbin_000049.gff3	/scratch/users/snarayanasamy/phage_uv_treatment/output/PRJEB79569/annotation/bakta/TBF3_MAGScoT_cleanbin_000049/TBF3_MAGScoT_cleanbin_000049.tsv	/scratch/users/snarayanasamy/phage_uv_treatment/output/PRJEB79569/annotation/bakta/TBF3_MAGScoT_cleanbin_000049/TBF3_MAGScoT_cleanbin_000049.faa	/scratch/users/snarayanasamy/phage_uv_treatment/output/PRJEB79569/annotation/bakta/TBF3_MAGScoT_cleanbin_000049/TBF3_MAGScoT_cleanbin_000049.ffn	/scratch/users/snarayanasamy/phage_uv_treatment/output/PRJEB79569/annotation/bakta/TBF3_MAGScoT_cleanbin_000049/TBF3_MAGScoT_cleanbin_000049.json	/scratch/users/snarayanasamy/phage_uv_treatment/output/PRJEB79569/annotation/bakta/TBF3_MAGScoT_cleanbin_000049/TBF3_MAGScoT_cleanbin_000049.gbff	/scratch/users/snarayanasamy/phage_uv_treatment/output/PRJEB79569/annotation/bakta/TBF3_MAGScoT_cleanbin_000049/TBF3_MAGScoT_cleanbin_000049.hypotheticals.tsv	/scratch/users/snarayanasamy/phage_uv_treatment/output/PRJEB79569/annotation/bakta/TBF3_MAGScoT_cleanbin_000049/TBF3_MAGScoT_cleanbin_000049.inference.tsv
TBF3_MAGScoT_cleanbin_000051	/scratch/users/snarayanasamy/phage_uv_treatment/output/PRJEB79569/binning/dereplication/dereplicated_genomes/TBF3_MAGScoT_cleanbin_000051.fasta	/scratch/users/snarayanasamy/phage_uv_treatment/output/PRJEB79569/annotation/bakta/TBF3_MAGScoT_cleanbin_000051	/scratch/users/snarayanasamy/phage_uv_treatment/output/PRJEB79569/annotation/bakta/TBF3_MAGScoT_cleanbin_000051/bakta.done	/scratch/users/snarayanasamy/phage_uv_treatment/output/PRJEB79569/annotation/bakta/TBF3_MAGScoT_cleanbin_000051/TBF3_MAGScoT_cleanbin_000051.gff3	/scratch/users/snarayanasamy/phage_uv_treatment/output/PRJEB79569/annotation/bakta/TBF3_MAGScoT_cleanbin_000051/TBF3_MAGScoT_cleanbin_000051.tsv	/scratch/users/snarayanasamy/phage_uv_treatment/output/PRJEB79569/annotation/bakta/TBF3_MAGScoT_cleanbin_000051/TBF3_MAGScoT_cleanbin_000051.faa	/scratch/users/snarayanasamy/phage_uv_treatment/output/PRJEB79569/annotation/bakta/TBF3_MAGScoT_cleanbin_000051/TBF3_MAGScoT_cleanbin_000051.ffn	/scratch/users/snarayanasamy/phage_uv_treatment/output/PRJEB79569/annotation/bakta/TBF3_MAGScoT_cleanbin_000051/TBF3_MAGScoT_cleanbin_000051.json	/scratch/users/snarayanasamy/phage_uv_treatment/output/PRJEB79569/annotation/bakta/TBF3_MAGScoT_cleanbin_000051/TBF3_MAGScoT_cleanbin_000051.gbff	/scratch/users/snarayanasamy/phage_uv_treatment/output/PRJEB79569/annotation/bakta/TBF3_MAGScoT_cleanbin_000051/TBF3_MAGScoT_cleanbin_000051.hypotheticals.tsv	/scratch/users/snarayanasamy/phage_uv_treatment/output/PRJEB79569/annotation/bakta/TBF3_MAGScoT_cleanbin_000051/TBF3_MAGScoT_cleanbin_000051.inference.tsv
TBF3_MAGScoT_cleanbin_000057	/scratch/users/snarayanasamy/phage_uv_treatment/output/PRJEB79569/binning/dereplication/dereplicated_genomes/TBF3_MAGScoT_cleanbin_000057.fasta	/scratch/users/snarayanasamy/phage_uv_treatment/output/PRJEB79569/annotation/bakta/TBF3_MAGScoT_cleanbin_000057	/scratch/users/snarayanasamy/phage_uv_treatment/output/PRJEB79569/annotation/bakta/TBF3_MAGScoT_cleanbin_000057/bakta.done	/scratch/users/snarayanasamy/phage_uv_treatment/output/PRJEB79569/annotation/bakta/TBF3_MAGScoT_cleanbin_000057/TBF3_MAGScoT_cleanbin_000057.gff3	/scratch/users/snarayanasamy/phage_uv_treatment/output/PRJEB79569/annotation/bakta/TBF3_MAGScoT_cleanbin_000057/TBF3_MAGScoT_cleanbin_000057.tsv	/scratch/users/snarayanasamy/phage_uv_treatment/output/PRJEB79569/annotation/bakta/TBF3_MAGScoT_cleanbin_000057/TBF3_MAGScoT_cleanbin_000057.faa	/scratch/users/snarayanasamy/phage_uv_treatment/output/PRJEB79569/annotation/bakta/TBF3_MAGScoT_cleanbin_000057/TBF3_MAGScoT_cleanbin_000057.ffn	/scratch/users/snarayanasamy/phage_uv_treatment/output/PRJEB79569/annotation/bakta/TBF3_MAGScoT_cleanbin_000057/TBF3_MAGScoT_cleanbin_000057.json	/scratch/users/snarayanasamy/phage_uv_treatment/output/PRJEB79569/annotation/bakta/TBF3_MAGScoT_cleanbin_000057/TBF3_MAGScoT_cleanbin_000057.gbff	/scratch/users/snarayanasamy/phage_uv_treatment/output/PRJEB79569/annotation/bakta/TBF3_MAGScoT_cleanbin_000057/TBF3_MAGScoT_cleanbin_000057.hypotheticals.tsv	/scratch/users/snarayanasamy/phage_uv_treatment/output/PRJEB79569/annotation/bakta/TBF3_MAGScoT_cleanbin_000057/TBF3_MAGScoT_cleanbin_000057.inference.tsv
TBF3_MAGScoT_cleanbin_000058	/scratch/users/snarayanasamy/phage_uv_treatment/output/PRJEB79569/binning/dereplication/dereplicated_genomes/TBF3_MAGScoT_cleanbin_000058.fasta	/scratch/users/snarayanasamy/phage_uv_treatment/output/PRJEB79569/annotation/bakta/TBF3_MAGScoT_cleanbin_000058	/scratch/users/snarayanasamy/phage_uv_treatment/output/PRJEB79569/annotation/bakta/TBF3_MAGScoT_cleanbin_000058/bakta.done	/scratch/users/snarayanasamy/phage_uv_treatment/output/PRJEB79569/annotation/bakta/TBF3_MAGScoT_cleanbin_000058/TBF3_MAGScoT_cleanbin_000058.gff3	/scratch/users/snarayanasamy/phage_uv_treatment/output/PRJEB79569/annotation/bakta/TBF3_MAGScoT_cleanbin_000058/TBF3_MAGScoT_cleanbin_000058.tsv	/scratch/users/snarayanasamy/phage_uv_treatment/output/PRJEB79569/annotation/bakta/TBF3_MAGScoT_cleanbin_000058/TBF3_MAGScoT_cleanbin_000058.faa	/scratch/users/snarayanasamy/phage_uv_treatment/output/PRJEB79569/annotation/bakta/TBF3_MAGScoT_cleanbin_000058/TBF3_MAGScoT_cleanbin_000058.ffn	/scratch/users/snarayanasamy/phage_uv_treatment/output/PRJEB79569/annotation/bakta/TBF3_MAGScoT_cleanbin_000058/TBF3_MAGScoT_cleanbin_000058.json	/scratch/users/snarayanasamy/phage_uv_treatment/output/PRJEB79569/annotation/bakta/TBF3_MAGScoT_cleanbin_000058/TBF3_MAGScoT_cleanbin_000058.gbff	/scratch/users/snarayanasamy/phage_uv_treatment/output/PRJEB79569/annotation/bakta/TBF3_MAGScoT_cleanbin_000058/TBF3_MAGScoT_cleanbin_000058.hypotheticals.tsv	/scratch/users/snarayanasamy/phage_uv_treatment/output/PRJEB79569/annotation/bakta/TBF3_MAGScoT_cleanbin_000058/TBF3_MAGScoT_cleanbin_000058.inference.tsv
TBF3_MAGScoT_cleanbin_000064	/scratch/users/snarayanasamy/phage_uv_treatment/output/PRJEB79569/binning/dereplication/dereplicated_genomes/TBF3_MAGScoT_cleanbin_000064.fasta	/scratch/users/snarayanasamy/phage_uv_treatment/output/PRJEB79569/annotation/bakta/TBF3_MAGScoT_cleanbin_000064	/scratch/users/snarayanasamy/phage_uv_treatment/output/PRJEB79569/annotation/bakta/TBF3_MAGScoT_cleanbin_000064/bakta.done	/scratch/users/snarayanasamy/phage_uv_treatment/output/PRJEB79569/annotation/bakta/TBF3_MAGScoT_cleanbin_000064/TBF3_MAGScoT_cleanbin_000064.gff3	/scratch/users/snarayanasamy/phage_uv_treatment/output/PRJEB79569/annotation/bakta/TBF3_MAGScoT_cleanbin_000064/TBF3_MAGScoT_cleanbin_000064.tsv	/scratch/users/snarayanasamy/phage_uv_treatment/output/PRJEB79569/annotation/bakta/TBF3_MAGScoT_cleanbin_000064/TBF3_MAGScoT_cleanbin_000064.faa	/scratch/users/snarayanasamy/phage_uv_treatment/output/PRJEB79569/annotation/bakta/TBF3_MAGScoT_cleanbin_000064/TBF3_MAGScoT_cleanbin_000064.ffn	/scratch/users/snarayanasamy/phage_uv_treatment/output/PRJEB79569/annotation/bakta/TBF3_MAGScoT_cleanbin_000064/TBF3_MAGScoT_cleanbin_000064.json	/scratch/users/snarayanasamy/phage_uv_treatment/output/PRJEB79569/annotation/bakta/TBF3_MAGScoT_cleanbin_000064/TBF3_MAGScoT_cleanbin_000064.gbff	/scratch/users/snarayanasamy/phage_uv_treatment/output/PRJEB79569/annotation/bakta/TBF3_MAGScoT_cleanbin_000064/TBF3_MAGScoT_cleanbin_000064.hypotheticals.tsv	/scratch/users/snarayanasamy/phage_uv_treatment/output/PRJEB79569/annotation/bakta/TBF3_MAGScoT_cleanbin_000064/TBF3_MAGScoT_cleanbin_000064.inference.tsv
TBF3_MAGScoT_cleanbin_000066	/scratch/users/snarayanasamy/phage_uv_treatment/output/PRJEB79569/binning/dereplication/dereplicated_genomes/TBF3_MAGScoT_cleanbin_000066.fasta	/scratch/users/snarayanasamy/phage_uv_treatment/output/PRJEB79569/annotation/bakta/TBF3_MAGScoT_cleanbin_000066	/scratch/users/snarayanasamy/phage_uv_treatment/output/PRJEB79569/annotation/bakta/TBF3_MAGScoT_cleanbin_000066/bakta.done	/scratch/users/snarayanasamy/phage_uv_treatment/output/PRJEB79569/annotation/bakta/TBF3_MAGScoT_cleanbin_000066/TBF3_MAGScoT_cleanbin_000066.gff3	/scratch/users/snarayanasamy/phage_uv_treatment/output/PRJEB79569/annotation/bakta/TBF3_MAGScoT_cleanbin_000066/TBF3_MAGScoT_cleanbin_000066.tsv	/scratch/users/snarayanasamy/phage_uv_treatment/output/PRJEB79569/annotation/bakta/TBF3_MAGScoT_cleanbin_000066/TBF3_MAGScoT_cleanbin_000066.faa	/scratch/users/snarayanasamy/phage_uv_treatment/output/PRJEB79569/annotation/bakta/TBF3_MAGScoT_cleanbin_000066/TBF3_MAGScoT_cleanbin_000066.ffn	/scratch/users/snarayanasamy/phage_uv_treatment/output/PRJEB79569/annotation/bakta/TBF3_MAGScoT_cleanbin_000066/TBF3_MAGScoT_cleanbin_000066.json	/scratch/users/snarayanasamy/phage_uv_treatment/output/PRJEB79569/annotation/bakta/TBF3_MAGScoT_cleanbin_000066/TBF3_MAGScoT_cleanbin_000066.gbff	/scratch/users/snarayanasamy/phage_uv_treatment/output/PRJEB79569/annotation/bakta/TBF3_MAGScoT_cleanbin_000066/TBF3_MAGScoT_cleanbin_000066.hypotheticals.tsv	/scratch/users/snarayanasamy/phage_uv_treatment/output/PRJEB79569/annotation/bakta/TBF3_MAGScoT_cleanbin_000066/TBF3_MAGScoT_cleanbin_000066.inference.tsv
TBF3_MAGScoT_cleanbin_000069	/scratch/users/snarayanasamy/phage_uv_treatment/output/PRJEB79569/binning/dereplication/dereplicated_genomes/TBF3_MAGScoT_cleanbin_000069.fasta	/scratch/users/snarayanasamy/phage_uv_treatment/output/PRJEB79569/annotation/bakta/TBF3_MAGScoT_cleanbin_000069	/scratch/users/snarayanasamy/phage_uv_treatment/output/PRJEB79569/annotation/bakta/TBF3_MAGScoT_cleanbin_000069/bakta.done	/scratch/users/snarayanasamy/phage_uv_treatment/output/PRJEB79569/annotation/bakta/TBF3_MAGScoT_cleanbin_000069/TBF3_MAGScoT_cleanbin_000069.gff3	/scratch/users/snarayanasamy/phage_uv_treatment/output/PRJEB79569/annotation/bakta/TBF3_MAGScoT_cleanbin_000069/TBF3_MAGScoT_cleanbin_000069.tsv	/scratch/users/snarayanasamy/phage_uv_treatment/output/PRJEB79569/annotation/bakta/TBF3_MAGScoT_cleanbin_000069/TBF3_MAGScoT_cleanbin_000069.faa	/scratch/users/snarayanasamy/phage_uv_treatment/output/PRJEB79569/annotation/bakta/TBF3_MAGScoT_cleanbin_000069/TBF3_MAGScoT_cleanbin_000069.ffn	/scratch/users/snarayanasamy/phage_uv_treatment/output/PRJEB79569/annotation/bakta/TBF3_MAGScoT_cleanbin_000069/TBF3_MAGScoT_cleanbin_000069.json	/scratch/users/snarayanasamy/phage_uv_treatment/output/PRJEB79569/annotation/bakta/TBF3_MAGScoT_cleanbin_000069/TBF3_MAGScoT_cleanbin_000069.gbff	/scratch/users/snarayanasamy/phage_uv_treatment/output/PRJEB79569/annotation/bakta/TBF3_MAGScoT_cleanbin_000069/TBF3_MAGScoT_cleanbin_000069.hypotheticals.tsv	/scratch/users/snarayanasamy/phage_uv_treatment/output/PRJEB79569/annotation/bakta/TBF3_MAGScoT_cleanbin_000069/TBF3_MAGScoT_cleanbin_000069.inference.tsv
TBF3_MAGScoT_cleanbin_000070	/scratch/users/snarayanasamy/phage_uv_treatment/output/PRJEB79569/binning/dereplication/dereplicated_genomes/TBF3_MAGScoT_cleanbin_000070.fasta	/scratch/users/snarayanasamy/phage_uv_treatment/output/PRJEB79569/annotation/bakta/TBF3_MAGScoT_cleanbin_000070	/scratch/users/snarayanasamy/phage_uv_treatment/output/PRJEB79569/annotation/bakta/TBF3_MAGScoT_cleanbin_000070/bakta.done	/scratch/users/snarayanasamy/phage_uv_treatment/output/PRJEB79569/annotation/bakta/TBF3_MAGScoT_cleanbin_000070/TBF3_MAGScoT_cleanbin_000070.gff3	/scratch/users/snarayanasamy/phage_uv_treatment/output/PRJEB79569/annotation/bakta/TBF3_MAGScoT_cleanbin_000070/TBF3_MAGScoT_cleanbin_000070.tsv	/scratch/users/snarayanasamy/phage_uv_treatment/output/PRJEB79569/annotation/bakta/TBF3_MAGScoT_cleanbin_000070/TBF3_MAGScoT_cleanbin_000070.faa	/scratch/users/snarayanasamy/phage_uv_treatment/output/PRJEB79569/annotation/bakta/TBF3_MAGScoT_cleanbin_000070/TBF3_MAGScoT_cleanbin_000070.ffn	/scratch/users/snarayanasamy/phage_uv_treatment/output/PRJEB79569/annotation/bakta/TBF3_MAGScoT_cleanbin_000070/TBF3_MAGScoT_cleanbin_000070.json	/scratch/users/snarayanasamy/phage_uv_treatment/output/PRJEB79569/annotation/bakta/TBF3_MAGScoT_cleanbin_000070/TBF3_MAGScoT_cleanbin_000070.gbff	/scratch/users/snarayanasamy/phage_uv_treatment/output/PRJEB79569/annotation/bakta/TBF3_MAGScoT_cleanbin_000070/TBF3_MAGScoT_cleanbin_000070.hypotheticals.tsv	/scratch/users/snarayanasamy/phage_uv_treatment/output/PRJEB79569/annotation/bakta/TBF3_MAGScoT_cleanbin_000070/TBF3_MAGScoT_cleanbin_000070.inference.tsv
TBF3_MAGScoT_cleanbin_000081	/scratch/users/snarayanasamy/phage_uv_treatment/output/PRJEB79569/binning/dereplication/dereplicated_genomes/TBF3_MAGScoT_cleanbin_000081.fasta	/scratch/users/snarayanasamy/phage_uv_treatment/output/PRJEB79569/annotation/bakta/TBF3_MAGScoT_cleanbin_000081	/scratch/users/snarayanasamy/phage_uv_treatment/output/PRJEB79569/annotation/bakta/TBF3_MAGScoT_cleanbin_000081/bakta.done	/scratch/users/snarayanasamy/phage_uv_treatment/output/PRJEB79569/annotation/bakta/TBF3_MAGScoT_cleanbin_000081/TBF3_MAGScoT_cleanbin_000081.gff3	/scratch/users/snarayanasamy/phage_uv_treatment/output/PRJEB79569/annotation/bakta/TBF3_MAGScoT_cleanbin_000081/TBF3_MAGScoT_cleanbin_000081.tsv	/scratch/users/snarayanasamy/phage_uv_treatment/output/PRJEB79569/annotation/bakta/TBF3_MAGScoT_cleanbin_000081/TBF3_MAGScoT_cleanbin_000081.faa	/scratch/users/snarayanasamy/phage_uv_treatment/output/PRJEB79569/annotation/bakta/TBF3_MAGScoT_cleanbin_000081/TBF3_MAGScoT_cleanbin_000081.ffn	/scratch/users/snarayanasamy/phage_uv_treatment/output/PRJEB79569/annotation/bakta/TBF3_MAGScoT_cleanbin_000081/TBF3_MAGScoT_cleanbin_000081.json	/scratch/users/snarayanasamy/phage_uv_treatment/output/PRJEB79569/annotation/bakta/TBF3_MAGScoT_cleanbin_000081/TBF3_MAGScoT_cleanbin_000081.gbff	/scratch/users/snarayanasamy/phage_uv_treatment/output/PRJEB79569/annotation/bakta/TBF3_MAGScoT_cleanbin_000081/TBF3_MAGScoT_cleanbin_000081.hypotheticals.tsv	/scratch/users/snarayanasamy/phage_uv_treatment/output/PRJEB79569/annotation/bakta/TBF3_MAGScoT_cleanbin_000081/TBF3_MAGScoT_cleanbin_000081.inference.tsv
TBF3_MAGScoT_cleanbin_000082	/scratch/users/snarayanasamy/phage_uv_treatment/output/PRJEB79569/binning/dereplication/dereplicated_genomes/TBF3_MAGScoT_cleanbin_000082.fasta	/scratch/users/snarayanasamy/phage_uv_treatment/output/PRJEB79569/annotation/bakta/TBF3_MAGScoT_cleanbin_000082	/scratch/users/snarayanasamy/phage_uv_treatment/output/PRJEB79569/annotation/bakta/TBF3_MAGScoT_cleanbin_000082/bakta.done	/scratch/users/snarayanasamy/phage_uv_treatment/output/PRJEB79569/annotation/bakta/TBF3_MAGScoT_cleanbin_000082/TBF3_MAGScoT_cleanbin_000082.gff3	/scratch/users/snarayanasamy/phage_uv_treatment/output/PRJEB79569/annotation/bakta/TBF3_MAGScoT_cleanbin_000082/TBF3_MAGScoT_cleanbin_000082.tsv	/scratch/users/snarayanasamy/phage_uv_treatment/output/PRJEB79569/annotation/bakta/TBF3_MAGScoT_cleanbin_000082/TBF3_MAGScoT_cleanbin_000082.faa	/scratch/users/snarayanasamy/phage_uv_treatment/output/PRJEB79569/annotation/bakta/TBF3_MAGScoT_cleanbin_000082/TBF3_MAGScoT_cleanbin_000082.ffn	/scratch/users/snarayanasamy/phage_uv_treatment/output/PRJEB79569/annotation/bakta/TBF3_MAGScoT_cleanbin_000082/TBF3_MAGScoT_cleanbin_000082.json	/scratch/users/snarayanasamy/phage_uv_treatment/output/PRJEB79569/annotation/bakta/TBF3_MAGScoT_cleanbin_000082/TBF3_MAGScoT_cleanbin_000082.gbff	/scratch/users/snarayanasamy/phage_uv_treatment/output/PRJEB79569/annotation/bakta/TBF3_MAGScoT_cleanbin_000082/TBF3_MAGScoT_cleanbin_000082.hypotheticals.tsv	/scratch/users/snarayanasamy/phage_uv_treatment/output/PRJEB79569/annotation/bakta/TBF3_MAGScoT_cleanbin_000082/TBF3_MAGScoT_cleanbin_000082.inference.tsv
TBF3_MAGScoT_cleanbin_000084	/scratch/users/snarayanasamy/phage_uv_treatment/output/PRJEB79569/binning/dereplication/dereplicated_genomes/TBF3_MAGScoT_cleanbin_000084.fasta	/scratch/users/snarayanasamy/phage_uv_treatment/output/PRJEB79569/annotation/bakta/TBF3_MAGScoT_cleanbin_000084	/scratch/users/snarayanasamy/phage_uv_treatment/output/PRJEB79569/annotation/bakta/TBF3_MAGScoT_cleanbin_000084/bakta.done	/scratch/users/snarayanasamy/phage_uv_treatment/output/PRJEB79569/annotation/bakta/TBF3_MAGScoT_cleanbin_000084/TBF3_MAGScoT_cleanbin_000084.gff3	/scratch/users/snarayanasamy/phage_uv_treatment/output/PRJEB79569/annotation/bakta/TBF3_MAGScoT_cleanbin_000084/TBF3_MAGScoT_cleanbin_000084.tsv	/scratch/users/snarayanasamy/phage_uv_treatment/output/PRJEB79569/annotation/bakta/TBF3_MAGScoT_cleanbin_000084/TBF3_MAGScoT_cleanbin_000084.faa	/scratch/users/snarayanasamy/phage_uv_treatment/output/PRJEB79569/annotation/bakta/TBF3_MAGScoT_cleanbin_000084/TBF3_MAGScoT_cleanbin_000084.ffn	/scratch/users/snarayanasamy/phage_uv_treatment/output/PRJEB79569/annotation/bakta/TBF3_MAGScoT_cleanbin_000084/TBF3_MAGScoT_cleanbin_000084.json	/scratch/users/snarayanasamy/phage_uv_treatment/output/PRJEB79569/annotation/bakta/TBF3_MAGScoT_cleanbin_000084/TBF3_MAGScoT_cleanbin_000084.gbff	/scratch/users/snarayanasamy/phage_uv_treatment/output/PRJEB79569/annotation/bakta/TBF3_MAGScoT_cleanbin_000084/TBF3_MAGScoT_cleanbin_000084.hypotheticals.tsv	/scratch/users/snarayanasamy/phage_uv_treatment/output/PRJEB79569/annotation/bakta/TBF3_MAGScoT_cleanbin_000084/TBF3_MAGScoT_cleanbin_000084.inference.tsv
TBF3_MAGScoT_cleanbin_000087	/scratch/users/snarayanasamy/phage_uv_treatment/output/PRJEB79569/binning/dereplication/dereplicated_genomes/TBF3_MAGScoT_cleanbin_000087.fasta	/scratch/users/snarayanasamy/phage_uv_treatment/output/PRJEB79569/annotation/bakta/TBF3_MAGScoT_cleanbin_000087	/scratch/users/snarayanasamy/phage_uv_treatment/output/PRJEB79569/annotation/bakta/TBF3_MAGScoT_cleanbin_000087/bakta.done	/scratch/users/snarayanasamy/phage_uv_treatment/output/PRJEB79569/annotation/bakta/TBF3_MAGScoT_cleanbin_000087/TBF3_MAGScoT_cleanbin_000087.gff3	/scratch/users/snarayanasamy/phage_uv_treatment/output/PRJEB79569/annotation/bakta/TBF3_MAGScoT_cleanbin_000087/TBF3_MAGScoT_cleanbin_000087.tsv	/scratch/users/snarayanasamy/phage_uv_treatment/output/PRJEB79569/annotation/bakta/TBF3_MAGScoT_cleanbin_000087/TBF3_MAGScoT_cleanbin_000087.faa	/scratch/users/snarayanasamy/phage_uv_treatment/output/PRJEB79569/annotation/bakta/TBF3_MAGScoT_cleanbin_000087/TBF3_MAGScoT_cleanbin_000087.ffn	/scratch/users/snarayanasamy/phage_uv_treatment/output/PRJEB79569/annotation/bakta/TBF3_MAGScoT_cleanbin_000087/TBF3_MAGScoT_cleanbin_000087.json	/scratch/users/snarayanasamy/phage_uv_treatment/output/PRJEB79569/annotation/bakta/TBF3_MAGScoT_cleanbin_000087/TBF3_MAGScoT_cleanbin_000087.gbff	/scratch/users/snarayanasamy/phage_uv_treatment/output/PRJEB79569/annotation/bakta/TBF3_MAGScoT_cleanbin_000087/TBF3_MAGScoT_cleanbin_000087.hypotheticals.tsv	/scratch/users/snarayanasamy/phage_uv_treatment/output/PRJEB79569/annotation/bakta/TBF3_MAGScoT_cleanbin_000087/TBF3_MAGScoT_cleanbin_000087.inference.tsv
TBF3_MAGScoT_cleanbin_000088	/scratch/users/snarayanasamy/phage_uv_treatment/output/PRJEB79569/binning/dereplication/dereplicated_genomes/TBF3_MAGScoT_cleanbin_000088.fasta	/scratch/users/snarayanasamy/phage_uv_treatment/output/PRJEB79569/annotation/bakta/TBF3_MAGScoT_cleanbin_000088	/scratch/users/snarayanasamy/phage_uv_treatment/output/PRJEB79569/annotation/bakta/TBF3_MAGScoT_cleanbin_000088/bakta.done	/scratch/users/snarayanasamy/phage_uv_treatment/output/PRJEB79569/annotation/bakta/TBF3_MAGScoT_cleanbin_000088/TBF3_MAGScoT_cleanbin_000088.gff3	/scratch/users/snarayanasamy/phage_uv_treatment/output/PRJEB79569/annotation/bakta/TBF3_MAGScoT_cleanbin_000088/TBF3_MAGScoT_cleanbin_000088.tsv	/scratch/users/snarayanasamy/phage_uv_treatment/output/PRJEB79569/annotation/bakta/TBF3_MAGScoT_cleanbin_000088/TBF3_MAGScoT_cleanbin_000088.faa	/scratch/users/snarayanasamy/phage_uv_treatment/output/PRJEB79569/annotation/bakta/TBF3_MAGScoT_cleanbin_000088/TBF3_MAGScoT_cleanbin_000088.ffn	/scratch/users/snarayanasamy/phage_uv_treatment/output/PRJEB79569/annotation/bakta/TBF3_MAGScoT_cleanbin_000088/TBF3_MAGScoT_cleanbin_000088.json	/scratch/users/snarayanasamy/phage_uv_treatment/output/PRJEB79569/annotation/bakta/TBF3_MAGScoT_cleanbin_000088/TBF3_MAGScoT_cleanbin_000088.gbff	/scratch/users/snarayanasamy/phage_uv_treatment/output/PRJEB79569/annotation/bakta/TBF3_MAGScoT_cleanbin_000088/TBF3_MAGScoT_cleanbin_000088.hypotheticals.tsv	/scratch/users/snarayanasamy/phage_uv_treatment/output/PRJEB79569/annotation/bakta/TBF3_MAGScoT_cleanbin_000088/TBF3_MAGScoT_cleanbin_000088.inference.tsv
TBF3_MAGScoT_cleanbin_000091	/scratch/users/snarayanasamy/phage_uv_treatment/output/PRJEB79569/binning/dereplication/dereplicated_genomes/TBF3_MAGScoT_cleanbin_000091.fasta	/scratch/users/snarayanasamy/phage_uv_treatment/output/PRJEB79569/annotation/bakta/TBF3_MAGScoT_cleanbin_000091	/scratch/users/snarayanasamy/phage_uv_treatment/output/PRJEB79569/annotation/bakta/TBF3_MAGScoT_cleanbin_000091/bakta.done	/scratch/users/snarayanasamy/phage_uv_treatment/output/PRJEB79569/annotation/bakta/TBF3_MAGScoT_cleanbin_000091/TBF3_MAGScoT_cleanbin_000091.gff3	/scratch/users/snarayanasamy/phage_uv_treatment/output/PRJEB79569/annotation/bakta/TBF3_MAGScoT_cleanbin_000091/TBF3_MAGScoT_cleanbin_000091.tsv	/scratch/users/snarayanasamy/phage_uv_treatment/output/PRJEB79569/annotation/bakta/TBF3_MAGScoT_cleanbin_000091/TBF3_MAGScoT_cleanbin_000091.faa	/scratch/users/snarayanasamy/phage_uv_treatment/output/PRJEB79569/annotation/bakta/TBF3_MAGScoT_cleanbin_000091/TBF3_MAGScoT_cleanbin_000091.ffn	/scratch/users/snarayanasamy/phage_uv_treatment/output/PRJEB79569/annotation/bakta/TBF3_MAGScoT_cleanbin_000091/TBF3_MAGScoT_cleanbin_000091.json	/scratch/users/snarayanasamy/phage_uv_treatment/output/PRJEB79569/annotation/bakta/TBF3_MAGScoT_cleanbin_000091/TBF3_MAGScoT_cleanbin_000091.gbff	/scratch/users/snarayanasamy/phage_uv_treatment/output/PRJEB79569/annotation/bakta/TBF3_MAGScoT_cleanbin_000091/TBF3_MAGScoT_cleanbin_000091.hypotheticals.tsv	/scratch/users/snarayanasamy/phage_uv_treatment/output/PRJEB79569/annotation/bakta/TBF3_MAGScoT_cleanbin_000091/TBF3_MAGScoT_cleanbin_000091.inference.tsv
TBF3_MAGScoT_cleanbin_000093	/scratch/users/snarayanasamy/phage_uv_treatment/output/PRJEB79569/binning/dereplication/dereplicated_genomes/TBF3_MAGScoT_cleanbin_000093.fasta	/scratch/users/snarayanasamy/phage_uv_treatment/output/PRJEB79569/annotation/bakta/TBF3_MAGScoT_cleanbin_000093	/scratch/users/snarayanasamy/phage_uv_treatment/output/PRJEB79569/annotation/bakta/TBF3_MAGScoT_cleanbin_000093/bakta.done	/scratch/users/snarayanasamy/phage_uv_treatment/output/PRJEB79569/annotation/bakta/TBF3_MAGScoT_cleanbin_000093/TBF3_MAGScoT_cleanbin_000093.gff3	/scratch/users/snarayanasamy/phage_uv_treatment/output/PRJEB79569/annotation/bakta/TBF3_MAGScoT_cleanbin_000093/TBF3_MAGScoT_cleanbin_000093.tsv	/scratch/users/snarayanasamy/phage_uv_treatment/output/PRJEB79569/annotation/bakta/TBF3_MAGScoT_cleanbin_000093/TBF3_MAGScoT_cleanbin_000093.faa	/scratch/users/snarayanasamy/phage_uv_treatment/output/PRJEB79569/annotation/bakta/TBF3_MAGScoT_cleanbin_000093/TBF3_MAGScoT_cleanbin_000093.ffn	/scratch/users/snarayanasamy/phage_uv_treatment/output/PRJEB79569/annotation/bakta/TBF3_MAGScoT_cleanbin_000093/TBF3_MAGScoT_cleanbin_000093.json	/scratch/users/snarayanasamy/phage_uv_treatment/output/PRJEB79569/annotation/bakta/TBF3_MAGScoT_cleanbin_000093/TBF3_MAGScoT_cleanbin_000093.gbff	/scratch/users/snarayanasamy/phage_uv_treatment/output/PRJEB79569/annotation/bakta/TBF3_MAGScoT_cleanbin_000093/TBF3_MAGScoT_cleanbin_000093.hypotheticals.tsv	/scratch/users/snarayanasamy/phage_uv_treatment/output/PRJEB79569/annotation/bakta/TBF3_MAGScoT_cleanbin_000093/TBF3_MAGScoT_cleanbin_000093.inference.tsv
TBF3_MAGScoT_cleanbin_000096	/scratch/users/snarayanasamy/phage_uv_treatment/output/PRJEB79569/binning/dereplication/dereplicated_genomes/TBF3_MAGScoT_cleanbin_000096.fasta	/scratch/users/snarayanasamy/phage_uv_treatment/output/PRJEB79569/annotation/bakta/TBF3_MAGScoT_cleanbin_000096	/scratch/users/snarayanasamy/phage_uv_treatment/output/PRJEB79569/annotation/bakta/TBF3_MAGScoT_cleanbin_000096/bakta.done	/scratch/users/snarayanasamy/phage_uv_treatment/output/PRJEB79569/annotation/bakta/TBF3_MAGScoT_cleanbin_000096/TBF3_MAGScoT_cleanbin_000096.gff3	/scratch/users/snarayanasamy/phage_uv_treatment/output/PRJEB79569/annotation/bakta/TBF3_MAGScoT_cleanbin_000096/TBF3_MAGScoT_cleanbin_000096.tsv	/scratch/users/snarayanasamy/phage_uv_treatment/output/PRJEB79569/annotation/bakta/TBF3_MAGScoT_cleanbin_000096/TBF3_MAGScoT_cleanbin_000096.faa	/scratch/users/snarayanasamy/phage_uv_treatment/output/PRJEB79569/annotation/bakta/TBF3_MAGScoT_cleanbin_000096/TBF3_MAGScoT_cleanbin_000096.ffn	/scratch/users/snarayanasamy/phage_uv_treatment/output/PRJEB79569/annotation/bakta/TBF3_MAGScoT_cleanbin_000096/TBF3_MAGScoT_cleanbin_000096.json	/scratch/users/snarayanasamy/phage_uv_treatment/output/PRJEB79569/annotation/bakta/TBF3_MAGScoT_cleanbin_000096/TBF3_MAGScoT_cleanbin_000096.gbff	/scratch/users/snarayanasamy/phage_uv_treatment/output/PRJEB79569/annotation/bakta/TBF3_MAGScoT_cleanbin_000096/TBF3_MAGScoT_cleanbin_000096.hypotheticals.tsv	/scratch/users/snarayanasamy/phage_uv_treatment/output/PRJEB79569/annotation/bakta/TBF3_MAGScoT_cleanbin_000096/TBF3_MAGScoT_cleanbin_000096.inference.tsv
TBF3_MAGScoT_cleanbin_000105	/scratch/users/snarayanasamy/phage_uv_treatment/output/PRJEB79569/binning/dereplication/dereplicated_genomes/TBF3_MAGScoT_cleanbin_000105.fasta	/scratch/users/snarayanasamy/phage_uv_treatment/output/PRJEB79569/annotation/bakta/TBF3_MAGScoT_cleanbin_000105	/scratch/users/snarayanasamy/phage_uv_treatment/output/PRJEB79569/annotation/bakta/TBF3_MAGScoT_cleanbin_000105/bakta.done	/scratch/users/snarayanasamy/phage_uv_treatment/output/PRJEB79569/annotation/bakta/TBF3_MAGScoT_cleanbin_000105/TBF3_MAGScoT_cleanbin_000105.gff3	/scratch/users/snarayanasamy/phage_uv_treatment/output/PRJEB79569/annotation/bakta/TBF3_MAGScoT_cleanbin_000105/TBF3_MAGScoT_cleanbin_000105.tsv	/scratch/users/snarayanasamy/phage_uv_treatment/output/PRJEB79569/annotation/bakta/TBF3_MAGScoT_cleanbin_000105/TBF3_MAGScoT_cleanbin_000105.faa	/scratch/users/snarayanasamy/phage_uv_treatment/output/PRJEB79569/annotation/bakta/TBF3_MAGScoT_cleanbin_000105/TBF3_MAGScoT_cleanbin_000105.ffn	/scratch/users/snarayanasamy/phage_uv_treatment/output/PRJEB79569/annotation/bakta/TBF3_MAGScoT_cleanbin_000105/TBF3_MAGScoT_cleanbin_000105.json	/scratch/users/snarayanasamy/phage_uv_treatment/output/PRJEB79569/annotation/bakta/TBF3_MAGScoT_cleanbin_000105/TBF3_MAGScoT_cleanbin_000105.gbff	/scratch/users/snarayanasamy/phage_uv_treatment/output/PRJEB79569/annotation/bakta/TBF3_MAGScoT_cleanbin_000105/TBF3_MAGScoT_cleanbin_000105.hypotheticals.tsv	/scratch/users/snarayanasamy/phage_uv_treatment/output/PRJEB79569/annotation/bakta/TBF3_MAGScoT_cleanbin_000105/TBF3_MAGScoT_cleanbin_000105.inference.tsv
TBF3_MAGScoT_cleanbin_000114	/scratch/users/snarayanasamy/phage_uv_treatment/output/PRJEB79569/binning/dereplication/dereplicated_genomes/TBF3_MAGScoT_cleanbin_000114.fasta	/scratch/users/snarayanasamy/phage_uv_treatment/output/PRJEB79569/annotation/bakta/TBF3_MAGScoT_cleanbin_000114	/scratch/users/snarayanasamy/phage_uv_treatment/output/PRJEB79569/annotation/bakta/TBF3_MAGScoT_cleanbin_000114/bakta.done	/scratch/users/snarayanasamy/phage_uv_treatment/output/PRJEB79569/annotation/bakta/TBF3_MAGScoT_cleanbin_000114/TBF3_MAGScoT_cleanbin_000114.gff3	/scratch/users/snarayanasamy/phage_uv_treatment/output/PRJEB79569/annotation/bakta/TBF3_MAGScoT_cleanbin_000114/TBF3_MAGScoT_cleanbin_000114.tsv	/scratch/users/snarayanasamy/phage_uv_treatment/output/PRJEB79569/annotation/bakta/TBF3_MAGScoT_cleanbin_000114/TBF3_MAGScoT_cleanbin_000114.faa	/scratch/users/snarayanasamy/phage_uv_treatment/output/PRJEB79569/annotation/bakta/TBF3_MAGScoT_cleanbin_000114/TBF3_MAGScoT_cleanbin_000114.ffn	/scratch/users/snarayanasamy/phage_uv_treatment/output/PRJEB79569/annotation/bakta/TBF3_MAGScoT_cleanbin_000114/TBF3_MAGScoT_cleanbin_000114.json	/scratch/users/snarayanasamy/phage_uv_treatment/output/PRJEB79569/annotation/bakta/TBF3_MAGScoT_cleanbin_000114/TBF3_MAGScoT_cleanbin_000114.gbff	/scratch/users/snarayanasamy/phage_uv_treatment/output/PRJEB79569/annotation/bakta/TBF3_MAGScoT_cleanbin_000114/TBF3_MAGScoT_cleanbin_000114.hypotheticals.tsv	/scratch/users/snarayanasamy/phage_uv_treatment/output/PRJEB79569/annotation/bakta/TBF3_MAGScoT_cleanbin_000114/TBF3_MAGScoT_cleanbin_000114.inference.tsv
TBF3_MAGScoT_cleanbin_000118	/scratch/users/snarayanasamy/phage_uv_treatment/output/PRJEB79569/binning/dereplication/dereplicated_genomes/TBF3_MAGScoT_cleanbin_000118.fasta	/scratch/users/snarayanasamy/phage_uv_treatment/output/PRJEB79569/annotation/bakta/TBF3_MAGScoT_cleanbin_000118	/scratch/users/snarayanasamy/phage_uv_treatment/output/PRJEB79569/annotation/bakta/TBF3_MAGScoT_cleanbin_000118/bakta.done	/scratch/users/snarayanasamy/phage_uv_treatment/output/PRJEB79569/annotation/bakta/TBF3_MAGScoT_cleanbin_000118/TBF3_MAGScoT_cleanbin_000118.gff3	/scratch/users/snarayanasamy/phage_uv_treatment/output/PRJEB79569/annotation/bakta/TBF3_MAGScoT_cleanbin_000118/TBF3_MAGScoT_cleanbin_000118.tsv	/scratch/users/snarayanasamy/phage_uv_treatment/output/PRJEB79569/annotation/bakta/TBF3_MAGScoT_cleanbin_000118/TBF3_MAGScoT_cleanbin_000118.faa	/scratch/users/snarayanasamy/phage_uv_treatment/output/PRJEB79569/annotation/bakta/TBF3_MAGScoT_cleanbin_000118/TBF3_MAGScoT_cleanbin_000118.ffn	/scratch/users/snarayanasamy/phage_uv_treatment/output/PRJEB79569/annotation/bakta/TBF3_MAGScoT_cleanbin_000118/TBF3_MAGScoT_cleanbin_000118.json	/scratch/users/snarayanasamy/phage_uv_treatment/output/PRJEB79569/annotation/bakta/TBF3_MAGScoT_cleanbin_000118/TBF3_MAGScoT_cleanbin_000118.gbff	/scratch/users/snarayanasamy/phage_uv_treatment/output/PRJEB79569/annotation/bakta/TBF3_MAGScoT_cleanbin_000118/TBF3_MAGScoT_cleanbin_000118.hypotheticals.tsv	/scratch/users/snarayanasamy/phage_uv_treatment/output/PRJEB79569/annotation/bakta/TBF3_MAGScoT_cleanbin_000118/TBF3_MAGScoT_cleanbin_000118.inference.tsv
TBF3_MAGScoT_cleanbin_000123	/scratch/users/snarayanasamy/phage_uv_treatment/output/PRJEB79569/binning/dereplication/dereplicated_genomes/TBF3_MAGScoT_cleanbin_000123.fasta	/scratch/users/snarayanasamy/phage_uv_treatment/output/PRJEB79569/annotation/bakta/TBF3_MAGScoT_cleanbin_000123	/scratch/users/snarayanasamy/phage_uv_treatment/output/PRJEB79569/annotation/bakta/TBF3_MAGScoT_cleanbin_000123/bakta.done	/scratch/users/snarayanasamy/phage_uv_treatment/output/PRJEB79569/annotation/bakta/TBF3_MAGScoT_cleanbin_000123/TBF3_MAGScoT_cleanbin_000123.gff3	/scratch/users/snarayanasamy/phage_uv_treatment/output/PRJEB79569/annotation/bakta/TBF3_MAGScoT_cleanbin_000123/TBF3_MAGScoT_cleanbin_000123.tsv	/scratch/users/snarayanasamy/phage_uv_treatment/output/PRJEB79569/annotation/bakta/TBF3_MAGScoT_cleanbin_000123/TBF3_MAGScoT_cleanbin_000123.faa	/scratch/users/snarayanasamy/phage_uv_treatment/output/PRJEB79569/annotation/bakta/TBF3_MAGScoT_cleanbin_000123/TBF3_MAGScoT_cleanbin_000123.ffn	/scratch/users/snarayanasamy/phage_uv_treatment/output/PRJEB79569/annotation/bakta/TBF3_MAGScoT_cleanbin_000123/TBF3_MAGScoT_cleanbin_000123.json	/scratch/users/snarayanasamy/phage_uv_treatment/output/PRJEB79569/annotation/bakta/TBF3_MAGScoT_cleanbin_000123/TBF3_MAGScoT_cleanbin_000123.gbff	/scratch/users/snarayanasamy/phage_uv_treatment/output/PRJEB79569/annotation/bakta/TBF3_MAGScoT_cleanbin_000123/TBF3_MAGScoT_cleanbin_000123.hypotheticals.tsv	/scratch/users/snarayanasamy/phage_uv_treatment/output/PRJEB79569/annotation/bakta/TBF3_MAGScoT_cleanbin_000123/TBF3_MAGScoT_cleanbin_000123.inference.tsv
TBF3_MAGScoT_cleanbin_000125	/scratch/users/snarayanasamy/phage_uv_treatment/output/PRJEB79569/binning/dereplication/dereplicated_genomes/TBF3_MAGScoT_cleanbin_000125.fasta	/scratch/users/snarayanasamy/phage_uv_treatment/output/PRJEB79569/annotation/bakta/TBF3_MAGScoT_cleanbin_000125	/scratch/users/snarayanasamy/phage_uv_treatment/output/PRJEB79569/annotation/bakta/TBF3_MAGScoT_cleanbin_000125/bakta.done	/scratch/users/snarayanasamy/phage_uv_treatment/output/PRJEB79569/annotation/bakta/TBF3_MAGScoT_cleanbin_000125/TBF3_MAGScoT_cleanbin_000125.gff3	/scratch/users/snarayanasamy/phage_uv_treatment/output/PRJEB79569/annotation/bakta/TBF3_MAGScoT_cleanbin_000125/TBF3_MAGScoT_cleanbin_000125.tsv	/scratch/users/snarayanasamy/phage_uv_treatment/output/PRJEB79569/annotation/bakta/TBF3_MAGScoT_cleanbin_000125/TBF3_MAGScoT_cleanbin_000125.faa	/scratch/users/snarayanasamy/phage_uv_treatment/output/PRJEB79569/annotation/bakta/TBF3_MAGScoT_cleanbin_000125/TBF3_MAGScoT_cleanbin_000125.ffn	/scratch/users/snarayanasamy/phage_uv_treatment/output/PRJEB79569/annotation/bakta/TBF3_MAGScoT_cleanbin_000125/TBF3_MAGScoT_cleanbin_000125.json	/scratch/users/snarayanasamy/phage_uv_treatment/output/PRJEB79569/annotation/bakta/TBF3_MAGScoT_cleanbin_000125/TBF3_MAGScoT_cleanbin_000125.gbff	/scratch/users/snarayanasamy/phage_uv_treatment/output/PRJEB79569/annotation/bakta/TBF3_MAGScoT_cleanbin_000125/TBF3_MAGScoT_cleanbin_000125.hypotheticals.tsv	/scratch/users/snarayanasamy/phage_uv_treatment/output/PRJEB79569/annotation/bakta/TBF3_MAGScoT_cleanbin_000125/TBF3_MAGScoT_cleanbin_000125.inference.tsv
TBF3_MAGScoT_cleanbin_000130	/scratch/users/snarayanasamy/phage_uv_treatment/output/PRJEB79569/binning/dereplication/dereplicated_genomes/TBF3_MAGScoT_cleanbin_000130.fasta	/scratch/users/snarayanasamy/phage_uv_treatment/output/PRJEB79569/annotation/bakta/TBF3_MAGScoT_cleanbin_000130	/scratch/users/snarayanasamy/phage_uv_treatment/output/PRJEB79569/annotation/bakta/TBF3_MAGScoT_cleanbin_000130/bakta.done	/scratch/users/snarayanasamy/phage_uv_treatment/output/PRJEB79569/annotation/bakta/TBF3_MAGScoT_cleanbin_000130/TBF3_MAGScoT_cleanbin_000130.gff3	/scratch/users/snarayanasamy/phage_uv_treatment/output/PRJEB79569/annotation/bakta/TBF3_MAGScoT_cleanbin_000130/TBF3_MAGScoT_cleanbin_000130.tsv	/scratch/users/snarayanasamy/phage_uv_treatment/output/PRJEB79569/annotation/bakta/TBF3_MAGScoT_cleanbin_000130/TBF3_MAGScoT_cleanbin_000130.faa	/scratch/users/snarayanasamy/phage_uv_treatment/output/PRJEB79569/annotation/bakta/TBF3_MAGScoT_cleanbin_000130/TBF3_MAGScoT_cleanbin_000130.ffn	/scratch/users/snarayanasamy/phage_uv_treatment/output/PRJEB79569/annotation/bakta/TBF3_MAGScoT_cleanbin_000130/TBF3_MAGScoT_cleanbin_000130.json	/scratch/users/snarayanasamy/phage_uv_treatment/output/PRJEB79569/annotation/bakta/TBF3_MAGScoT_cleanbin_000130/TBF3_MAGScoT_cleanbin_000130.gbff	/scratch/users/snarayanasamy/phage_uv_treatment/output/PRJEB79569/annotation/bakta/TBF3_MAGScoT_cleanbin_000130/TBF3_MAGScoT_cleanbin_000130.hypotheticals.tsv	/scratch/users/snarayanasamy/phage_uv_treatment/output/PRJEB79569/annotation/bakta/TBF3_MAGScoT_cleanbin_000130/TBF3_MAGScoT_cleanbin_000130.inference.tsv
TBF3_MAGScoT_cleanbin_000132	/scratch/users/snarayanasamy/phage_uv_treatment/output/PRJEB79569/binning/dereplication/dereplicated_genomes/TBF3_MAGScoT_cleanbin_000132.fasta	/scratch/users/snarayanasamy/phage_uv_treatment/output/PRJEB79569/annotation/bakta/TBF3_MAGScoT_cleanbin_000132	/scratch/users/snarayanasamy/phage_uv_treatment/output/PRJEB79569/annotation/bakta/TBF3_MAGScoT_cleanbin_000132/bakta.done	/scratch/users/snarayanasamy/phage_uv_treatment/output/PRJEB79569/annotation/bakta/TBF3_MAGScoT_cleanbin_000132/TBF3_MAGScoT_cleanbin_000132.gff3	/scratch/users/snarayanasamy/phage_uv_treatment/output/PRJEB79569/annotation/bakta/TBF3_MAGScoT_cleanbin_000132/TBF3_MAGScoT_cleanbin_000132.tsv	/scratch/users/snarayanasamy/phage_uv_treatment/output/PRJEB79569/annotation/bakta/TBF3_MAGScoT_cleanbin_000132/TBF3_MAGScoT_cleanbin_000132.faa	/scratch/users/snarayanasamy/phage_uv_treatment/output/PRJEB79569/annotation/bakta/TBF3_MAGScoT_cleanbin_000132/TBF3_MAGScoT_cleanbin_000132.ffn	/scratch/users/snarayanasamy/phage_uv_treatment/output/PRJEB79569/annotation/bakta/TBF3_MAGScoT_cleanbin_000132/TBF3_MAGScoT_cleanbin_000132.json	/scratch/users/snarayanasamy/phage_uv_treatment/output/PRJEB79569/annotation/bakta/TBF3_MAGScoT_cleanbin_000132/TBF3_MAGScoT_cleanbin_000132.gbff	/scratch/users/snarayanasamy/phage_uv_treatment/output/PRJEB79569/annotation/bakta/TBF3_MAGScoT_cleanbin_000132/TBF3_MAGScoT_cleanbin_000132.hypotheticals.tsv	/scratch/users/snarayanasamy/phage_uv_treatment/output/PRJEB79569/annotation/bakta/TBF3_MAGScoT_cleanbin_000132/TBF3_MAGScoT_cleanbin_000132.inference.tsv
TBF3_MAGScoT_cleanbin_000165	/scratch/users/snarayanasamy/phage_uv_treatment/output/PRJEB79569/binning/dereplication/dereplicated_genomes/TBF3_MAGScoT_cleanbin_000165.fasta	/scratch/users/snarayanasamy/phage_uv_treatment/output/PRJEB79569/annotation/bakta/TBF3_MAGScoT_cleanbin_000165	/scratch/users/snarayanasamy/phage_uv_treatment/output/PRJEB79569/annotation/bakta/TBF3_MAGScoT_cleanbin_000165/bakta.done	/scratch/users/snarayanasamy/phage_uv_treatment/output/PRJEB79569/annotation/bakta/TBF3_MAGScoT_cleanbin_000165/TBF3_MAGScoT_cleanbin_000165.gff3	/scratch/users/snarayanasamy/phage_uv_treatment/output/PRJEB79569/annotation/bakta/TBF3_MAGScoT_cleanbin_000165/TBF3_MAGScoT_cleanbin_000165.tsv	/scratch/users/snarayanasamy/phage_uv_treatment/output/PRJEB79569/annotation/bakta/TBF3_MAGScoT_cleanbin_000165/TBF3_MAGScoT_cleanbin_000165.faa	/scratch/users/snarayanasamy/phage_uv_treatment/output/PRJEB79569/annotation/bakta/TBF3_MAGScoT_cleanbin_000165/TBF3_MAGScoT_cleanbin_000165.ffn	/scratch/users/snarayanasamy/phage_uv_treatment/output/PRJEB79569/annotation/bakta/TBF3_MAGScoT_cleanbin_000165/TBF3_MAGScoT_cleanbin_000165.json	/scratch/users/snarayanasamy/phage_uv_treatment/output/PRJEB79569/annotation/bakta/TBF3_MAGScoT_cleanbin_000165/TBF3_MAGScoT_cleanbin_000165.gbff	/scratch/users/snarayanasamy/phage_uv_treatment/output/PRJEB79569/annotation/bakta/TBF3_MAGScoT_cleanbin_000165/TBF3_MAGScoT_cleanbin_000165.hypotheticals.tsv	/scratch/users/snarayanasamy/phage_uv_treatment/output/PRJEB79569/annotation/bakta/TBF3_MAGScoT_cleanbin_000165/TBF3_MAGScoT_cleanbin_000165.inference.tsv
TI1_MAGScoT_cleanbin_000019	/scratch/users/snarayanasamy/phage_uv_treatment/output/PRJEB79569/binning/dereplication/dereplicated_genomes/TI1_MAGScoT_cleanbin_000019.fasta	/scratch/users/snarayanasamy/phage_uv_treatment/output/PRJEB79569/annotation/bakta/TI1_MAGScoT_cleanbin_000019	/scratch/users/snarayanasamy/phage_uv_treatment/output/PRJEB79569/annotation/bakta/TI1_MAGScoT_cleanbin_000019/bakta.done	/scratch/users/snarayanasamy/phage_uv_treatment/output/PRJEB79569/annotation/bakta/TI1_MAGScoT_cleanbin_000019/TI1_MAGScoT_cleanbin_000019.gff3	/scratch/users/snarayanasamy/phage_uv_treatment/output/PRJEB79569/annotation/bakta/TI1_MAGScoT_cleanbin_000019/TI1_MAGScoT_cleanbin_000019.tsv	/scratch/users/snarayanasamy/phage_uv_treatment/output/PRJEB79569/annotation/bakta/TI1_MAGScoT_cleanbin_000019/TI1_MAGScoT_cleanbin_000019.faa	/scratch/users/snarayanasamy/phage_uv_treatment/output/PRJEB79569/annotation/bakta/TI1_MAGScoT_cleanbin_000019/TI1_MAGScoT_cleanbin_000019.ffn	/scratch/users/snarayanasamy/phage_uv_treatment/output/PRJEB79569/annotation/bakta/TI1_MAGScoT_cleanbin_000019/TI1_MAGScoT_cleanbin_000019.json	/scratch/users/snarayanasamy/phage_uv_treatment/output/PRJEB79569/annotation/bakta/TI1_MAGScoT_cleanbin_000019/TI1_MAGScoT_cleanbin_000019.gbff	/scratch/users/snarayanasamy/phage_uv_treatment/output/PRJEB79569/annotation/bakta/TI1_MAGScoT_cleanbin_000019/TI1_MAGScoT_cleanbin_000019.hypotheticals.tsv	/scratch/users/snarayanasamy/phage_uv_treatment/output/PRJEB79569/annotation/bakta/TI1_MAGScoT_cleanbin_000019/TI1_MAGScoT_cleanbin_000019.inference.tsv
TI1_MAGScoT_cleanbin_000025	/scratch/users/snarayanasamy/phage_uv_treatment/output/PRJEB79569/binning/dereplication/dereplicated_genomes/TI1_MAGScoT_cleanbin_000025.fasta	/scratch/users/snarayanasamy/phage_uv_treatment/output/PRJEB79569/annotation/bakta/TI1_MAGScoT_cleanbin_000025	/scratch/users/snarayanasamy/phage_uv_treatment/output/PRJEB79569/annotation/bakta/TI1_MAGScoT_cleanbin_000025/bakta.done	/scratch/users/snarayanasamy/phage_uv_treatment/output/PRJEB79569/annotation/bakta/TI1_MAGScoT_cleanbin_000025/TI1_MAGScoT_cleanbin_000025.gff3	/scratch/users/snarayanasamy/phage_uv_treatment/output/PRJEB79569/annotation/bakta/TI1_MAGScoT_cleanbin_000025/TI1_MAGScoT_cleanbin_000025.tsv	/scratch/users/snarayanasamy/phage_uv_treatment/output/PRJEB79569/annotation/bakta/TI1_MAGScoT_cleanbin_000025/TI1_MAGScoT_cleanbin_000025.faa	/scratch/users/snarayanasamy/phage_uv_treatment/output/PRJEB79569/annotation/bakta/TI1_MAGScoT_cleanbin_000025/TI1_MAGScoT_cleanbin_000025.ffn	/scratch/users/snarayanasamy/phage_uv_treatment/output/PRJEB79569/annotation/bakta/TI1_MAGScoT_cleanbin_000025/TI1_MAGScoT_cleanbin_000025.json	/scratch/users/snarayanasamy/phage_uv_treatment/output/PRJEB79569/annotation/bakta/TI1_MAGScoT_cleanbin_000025/TI1_MAGScoT_cleanbin_000025.gbff	/scratch/users/snarayanasamy/phage_uv_treatment/output/PRJEB79569/annotation/bakta/TI1_MAGScoT_cleanbin_000025/TI1_MAGScoT_cleanbin_000025.hypotheticals.tsv	/scratch/users/snarayanasamy/phage_uv_treatment/output/PRJEB79569/annotation/bakta/TI1_MAGScoT_cleanbin_000025/TI1_MAGScoT_cleanbin_000025.inference.tsv
TI1_MAGScoT_cleanbin_000030	/scratch/users/snarayanasamy/phage_uv_treatment/output/PRJEB79569/binning/dereplication/dereplicated_genomes/TI1_MAGScoT_cleanbin_000030.fasta	/scratch/users/snarayanasamy/phage_uv_treatment/output/PRJEB79569/annotation/bakta/TI1_MAGScoT_cleanbin_000030	/scratch/users/snarayanasamy/phage_uv_treatment/output/PRJEB79569/annotation/bakta/TI1_MAGScoT_cleanbin_000030/bakta.done	/scratch/users/snarayanasamy/phage_uv_treatment/output/PRJEB79569/annotation/bakta/TI1_MAGScoT_cleanbin_000030/TI1_MAGScoT_cleanbin_000030.gff3	/scratch/users/snarayanasamy/phage_uv_treatment/output/PRJEB79569/annotation/bakta/TI1_MAGScoT_cleanbin_000030/TI1_MAGScoT_cleanbin_000030.tsv	/scratch/users/snarayanasamy/phage_uv_treatment/output/PRJEB79569/annotation/bakta/TI1_MAGScoT_cleanbin_000030/TI1_MAGScoT_cleanbin_000030.faa	/scratch/users/snarayanasamy/phage_uv_treatment/output/PRJEB79569/annotation/bakta/TI1_MAGScoT_cleanbin_000030/TI1_MAGScoT_cleanbin_000030.ffn	/scratch/users/snarayanasamy/phage_uv_treatment/output/PRJEB79569/annotation/bakta/TI1_MAGScoT_cleanbin_000030/TI1_MAGScoT_cleanbin_000030.json	/scratch/users/snarayanasamy/phage_uv_treatment/output/PRJEB79569/annotation/bakta/TI1_MAGScoT_cleanbin_000030/TI1_MAGScoT_cleanbin_000030.gbff	/scratch/users/snarayanasamy/phage_uv_treatment/output/PRJEB79569/annotation/bakta/TI1_MAGScoT_cleanbin_000030/TI1_MAGScoT_cleanbin_000030.hypotheticals.tsv	/scratch/users/snarayanasamy/phage_uv_treatment/output/PRJEB79569/annotation/bakta/TI1_MAGScoT_cleanbin_000030/TI1_MAGScoT_cleanbin_000030.inference.tsv
TI1_MAGScoT_cleanbin_000038	/scratch/users/snarayanasamy/phage_uv_treatment/output/PRJEB79569/binning/dereplication/dereplicated_genomes/TI1_MAGScoT_cleanbin_000038.fasta	/scratch/users/snarayanasamy/phage_uv_treatment/output/PRJEB79569/annotation/bakta/TI1_MAGScoT_cleanbin_000038	/scratch/users/snarayanasamy/phage_uv_treatment/output/PRJEB79569/annotation/bakta/TI1_MAGScoT_cleanbin_000038/bakta.done	/scratch/users/snarayanasamy/phage_uv_treatment/output/PRJEB79569/annotation/bakta/TI1_MAGScoT_cleanbin_000038/TI1_MAGScoT_cleanbin_000038.gff3	/scratch/users/snarayanasamy/phage_uv_treatment/output/PRJEB79569/annotation/bakta/TI1_MAGScoT_cleanbin_000038/TI1_MAGScoT_cleanbin_000038.tsv	/scratch/users/snarayanasamy/phage_uv_treatment/output/PRJEB79569/annotation/bakta/TI1_MAGScoT_cleanbin_000038/TI1_MAGScoT_cleanbin_000038.faa	/scratch/users/snarayanasamy/phage_uv_treatment/output/PRJEB79569/annotation/bakta/TI1_MAGScoT_cleanbin_000038/TI1_MAGScoT_cleanbin_000038.ffn	/scratch/users/snarayanasamy/phage_uv_treatment/output/PRJEB79569/annotation/bakta/TI1_MAGScoT_cleanbin_000038/TI1_MAGScoT_cleanbin_000038.json	/scratch/users/snarayanasamy/phage_uv_treatment/output/PRJEB79569/annotation/bakta/TI1_MAGScoT_cleanbin_000038/TI1_MAGScoT_cleanbin_000038.gbff	/scratch/users/snarayanasamy/phage_uv_treatment/output/PRJEB79569/annotation/bakta/TI1_MAGScoT_cleanbin_000038/TI1_MAGScoT_cleanbin_000038.hypotheticals.tsv	/scratch/users/snarayanasamy/phage_uv_treatment/output/PRJEB79569/annotation/bakta/TI1_MAGScoT_cleanbin_000038/TI1_MAGScoT_cleanbin_000038.inference.tsv
TI1_MAGScoT_cleanbin_000042	/scratch/users/snarayanasamy/phage_uv_treatment/output/PRJEB79569/binning/dereplication/dereplicated_genomes/TI1_MAGScoT_cleanbin_000042.fasta	/scratch/users/snarayanasamy/phage_uv_treatment/output/PRJEB79569/annotation/bakta/TI1_MAGScoT_cleanbin_000042	/scratch/users/snarayanasamy/phage_uv_treatment/output/PRJEB79569/annotation/bakta/TI1_MAGScoT_cleanbin_000042/bakta.done	/scratch/users/snarayanasamy/phage_uv_treatment/output/PRJEB79569/annotation/bakta/TI1_MAGScoT_cleanbin_000042/TI1_MAGScoT_cleanbin_000042.gff3	/scratch/users/snarayanasamy/phage_uv_treatment/output/PRJEB79569/annotation/bakta/TI1_MAGScoT_cleanbin_000042/TI1_MAGScoT_cleanbin_000042.tsv	/scratch/users/snarayanasamy/phage_uv_treatment/output/PRJEB79569/annotation/bakta/TI1_MAGScoT_cleanbin_000042/TI1_MAGScoT_cleanbin_000042.faa	/scratch/users/snarayanasamy/phage_uv_treatment/output/PRJEB79569/annotation/bakta/TI1_MAGScoT_cleanbin_000042/TI1_MAGScoT_cleanbin_000042.ffn	/scratch/users/snarayanasamy/phage_uv_treatment/output/PRJEB79569/annotation/bakta/TI1_MAGScoT_cleanbin_000042/TI1_MAGScoT_cleanbin_000042.json	/scratch/users/snarayanasamy/phage_uv_treatment/output/PRJEB79569/annotation/bakta/TI1_MAGScoT_cleanbin_000042/TI1_MAGScoT_cleanbin_000042.gbff	/scratch/users/snarayanasamy/phage_uv_treatment/output/PRJEB79569/annotation/bakta/TI1_MAGScoT_cleanbin_000042/TI1_MAGScoT_cleanbin_000042.hypotheticals.tsv	/scratch/users/snarayanasamy/phage_uv_treatment/output/PRJEB79569/annotation/bakta/TI1_MAGScoT_cleanbin_000042/TI1_MAGScoT_cleanbin_000042.inference.tsv
TI1_MAGScoT_cleanbin_000043	/scratch/users/snarayanasamy/phage_uv_treatment/output/PRJEB79569/binning/dereplication/dereplicated_genomes/TI1_MAGScoT_cleanbin_000043.fasta	/scratch/users/snarayanasamy/phage_uv_treatment/output/PRJEB79569/annotation/bakta/TI1_MAGScoT_cleanbin_000043	/scratch/users/snarayanasamy/phage_uv_treatment/output/PRJEB79569/annotation/bakta/TI1_MAGScoT_cleanbin_000043/bakta.done	/scratch/users/snarayanasamy/phage_uv_treatment/output/PRJEB79569/annotation/bakta/TI1_MAGScoT_cleanbin_000043/TI1_MAGScoT_cleanbin_000043.gff3	/scratch/users/snarayanasamy/phage_uv_treatment/output/PRJEB79569/annotation/bakta/TI1_MAGScoT_cleanbin_000043/TI1_MAGScoT_cleanbin_000043.tsv	/scratch/users/snarayanasamy/phage_uv_treatment/output/PRJEB79569/annotation/bakta/TI1_MAGScoT_cleanbin_000043/TI1_MAGScoT_cleanbin_000043.faa	/scratch/users/snarayanasamy/phage_uv_treatment/output/PRJEB79569/annotation/bakta/TI1_MAGScoT_cleanbin_000043/TI1_MAGScoT_cleanbin_000043.ffn	/scratch/users/snarayanasamy/phage_uv_treatment/output/PRJEB79569/annotation/bakta/TI1_MAGScoT_cleanbin_000043/TI1_MAGScoT_cleanbin_000043.json	/scratch/users/snarayanasamy/phage_uv_treatment/output/PRJEB79569/annotation/bakta/TI1_MAGScoT_cleanbin_000043/TI1_MAGScoT_cleanbin_000043.gbff	/scratch/users/snarayanasamy/phage_uv_treatment/output/PRJEB79569/annotation/bakta/TI1_MAGScoT_cleanbin_000043/TI1_MAGScoT_cleanbin_000043.hypotheticals.tsv	/scratch/users/snarayanasamy/phage_uv_treatment/output/PRJEB79569/annotation/bakta/TI1_MAGScoT_cleanbin_000043/TI1_MAGScoT_cleanbin_000043.inference.tsv
TI1_MAGScoT_cleanbin_000046	/scratch/users/snarayanasamy/phage_uv_treatment/output/PRJEB79569/binning/dereplication/dereplicated_genomes/TI1_MAGScoT_cleanbin_000046.fasta	/scratch/users/snarayanasamy/phage_uv_treatment/output/PRJEB79569/annotation/bakta/TI1_MAGScoT_cleanbin_000046	/scratch/users/snarayanasamy/phage_uv_treatment/output/PRJEB79569/annotation/bakta/TI1_MAGScoT_cleanbin_000046/bakta.done	/scratch/users/snarayanasamy/phage_uv_treatment/output/PRJEB79569/annotation/bakta/TI1_MAGScoT_cleanbin_000046/TI1_MAGScoT_cleanbin_000046.gff3	/scratch/users/snarayanasamy/phage_uv_treatment/output/PRJEB79569/annotation/bakta/TI1_MAGScoT_cleanbin_000046/TI1_MAGScoT_cleanbin_000046.tsv	/scratch/users/snarayanasamy/phage_uv_treatment/output/PRJEB79569/annotation/bakta/TI1_MAGScoT_cleanbin_000046/TI1_MAGScoT_cleanbin_000046.faa	/scratch/users/snarayanasamy/phage_uv_treatment/output/PRJEB79569/annotation/bakta/TI1_MAGScoT_cleanbin_000046/TI1_MAGScoT_cleanbin_000046.ffn	/scratch/users/snarayanasamy/phage_uv_treatment/output/PRJEB79569/annotation/bakta/TI1_MAGScoT_cleanbin_000046/TI1_MAGScoT_cleanbin_000046.json	/scratch/users/snarayanasamy/phage_uv_treatment/output/PRJEB79569/annotation/bakta/TI1_MAGScoT_cleanbin_000046/TI1_MAGScoT_cleanbin_000046.gbff	/scratch/users/snarayanasamy/phage_uv_treatment/output/PRJEB79569/annotation/bakta/TI1_MAGScoT_cleanbin_000046/TI1_MAGScoT_cleanbin_000046.hypotheticals.tsv	/scratch/users/snarayanasamy/phage_uv_treatment/output/PRJEB79569/annotation/bakta/TI1_MAGScoT_cleanbin_000046/TI1_MAGScoT_cleanbin_000046.inference.tsv
TI1_MAGScoT_cleanbin_000051	/scratch/users/snarayanasamy/phage_uv_treatment/output/PRJEB79569/binning/dereplication/dereplicated_genomes/TI1_MAGScoT_cleanbin_000051.fasta	/scratch/users/snarayanasamy/phage_uv_treatment/output/PRJEB79569/annotation/bakta/TI1_MAGScoT_cleanbin_000051	/scratch/users/snarayanasamy/phage_uv_treatment/output/PRJEB79569/annotation/bakta/TI1_MAGScoT_cleanbin_000051/bakta.done	/scratch/users/snarayanasamy/phage_uv_treatment/output/PRJEB79569/annotation/bakta/TI1_MAGScoT_cleanbin_000051/TI1_MAGScoT_cleanbin_000051.gff3	/scratch/users/snarayanasamy/phage_uv_treatment/output/PRJEB79569/annotation/bakta/TI1_MAGScoT_cleanbin_000051/TI1_MAGScoT_cleanbin_000051.tsv	/scratch/users/snarayanasamy/phage_uv_treatment/output/PRJEB79569/annotation/bakta/TI1_MAGScoT_cleanbin_000051/TI1_MAGScoT_cleanbin_000051.faa	/scratch/users/snarayanasamy/phage_uv_treatment/output/PRJEB79569/annotation/bakta/TI1_MAGScoT_cleanbin_000051/TI1_MAGScoT_cleanbin_000051.ffn	/scratch/users/snarayanasamy/phage_uv_treatment/output/PRJEB79569/annotation/bakta/TI1_MAGScoT_cleanbin_000051/TI1_MAGScoT_cleanbin_000051.json	/scratch/users/snarayanasamy/phage_uv_treatment/output/PRJEB79569/annotation/bakta/TI1_MAGScoT_cleanbin_000051/TI1_MAGScoT_cleanbin_000051.gbff	/scratch/users/snarayanasamy/phage_uv_treatment/output/PRJEB79569/annotation/bakta/TI1_MAGScoT_cleanbin_000051/TI1_MAGScoT_cleanbin_000051.hypotheticals.tsv	/scratch/users/snarayanasamy/phage_uv_treatment/output/PRJEB79569/annotation/bakta/TI1_MAGScoT_cleanbin_000051/TI1_MAGScoT_cleanbin_000051.inference.tsv
TI1_MAGScoT_cleanbin_000057	/scratch/users/snarayanasamy/phage_uv_treatment/output/PRJEB79569/binning/dereplication/dereplicated_genomes/TI1_MAGScoT_cleanbin_000057.fasta	/scratch/users/snarayanasamy/phage_uv_treatment/output/PRJEB79569/annotation/bakta/TI1_MAGScoT_cleanbin_000057	/scratch/users/snarayanasamy/phage_uv_treatment/output/PRJEB79569/annotation/bakta/TI1_MAGScoT_cleanbin_000057/bakta.done	/scratch/users/snarayanasamy/phage_uv_treatment/output/PRJEB79569/annotation/bakta/TI1_MAGScoT_cleanbin_000057/TI1_MAGScoT_cleanbin_000057.gff3	/scratch/users/snarayanasamy/phage_uv_treatment/output/PRJEB79569/annotation/bakta/TI1_MAGScoT_cleanbin_000057/TI1_MAGScoT_cleanbin_000057.tsv	/scratch/users/snarayanasamy/phage_uv_treatment/output/PRJEB79569/annotation/bakta/TI1_MAGScoT_cleanbin_000057/TI1_MAGScoT_cleanbin_000057.faa	/scratch/users/snarayanasamy/phage_uv_treatment/output/PRJEB79569/annotation/bakta/TI1_MAGScoT_cleanbin_000057/TI1_MAGScoT_cleanbin_000057.ffn	/scratch/users/snarayanasamy/phage_uv_treatment/output/PRJEB79569/annotation/bakta/TI1_MAGScoT_cleanbin_000057/TI1_MAGScoT_cleanbin_000057.json	/scratch/users/snarayanasamy/phage_uv_treatment/output/PRJEB79569/annotation/bakta/TI1_MAGScoT_cleanbin_000057/TI1_MAGScoT_cleanbin_000057.gbff	/scratch/users/snarayanasamy/phage_uv_treatment/output/PRJEB79569/annotation/bakta/TI1_MAGScoT_cleanbin_000057/TI1_MAGScoT_cleanbin_000057.hypotheticals.tsv	/scratch/users/snarayanasamy/phage_uv_treatment/output/PRJEB79569/annotation/bakta/TI1_MAGScoT_cleanbin_000057/TI1_MAGScoT_cleanbin_000057.inference.tsv
TI1_MAGScoT_cleanbin_000059	/scratch/users/snarayanasamy/phage_uv_treatment/output/PRJEB79569/binning/dereplication/dereplicated_genomes/TI1_MAGScoT_cleanbin_000059.fasta	/scratch/users/snarayanasamy/phage_uv_treatment/output/PRJEB79569/annotation/bakta/TI1_MAGScoT_cleanbin_000059	/scratch/users/snarayanasamy/phage_uv_treatment/output/PRJEB79569/annotation/bakta/TI1_MAGScoT_cleanbin_000059/bakta.done	/scratch/users/snarayanasamy/phage_uv_treatment/output/PRJEB79569/annotation/bakta/TI1_MAGScoT_cleanbin_000059/TI1_MAGScoT_cleanbin_000059.gff3	/scratch/users/snarayanasamy/phage_uv_treatment/output/PRJEB79569/annotation/bakta/TI1_MAGScoT_cleanbin_000059/TI1_MAGScoT_cleanbin_000059.tsv	/scratch/users/snarayanasamy/phage_uv_treatment/output/PRJEB79569/annotation/bakta/TI1_MAGScoT_cleanbin_000059/TI1_MAGScoT_cleanbin_000059.faa	/scratch/users/snarayanasamy/phage_uv_treatment/output/PRJEB79569/annotation/bakta/TI1_MAGScoT_cleanbin_000059/TI1_MAGScoT_cleanbin_000059.ffn	/scratch/users/snarayanasamy/phage_uv_treatment/output/PRJEB79569/annotation/bakta/TI1_MAGScoT_cleanbin_000059/TI1_MAGScoT_cleanbin_000059.json	/scratch/users/snarayanasamy/phage_uv_treatment/output/PRJEB79569/annotation/bakta/TI1_MAGScoT_cleanbin_000059/TI1_MAGScoT_cleanbin_000059.gbff	/scratch/users/snarayanasamy/phage_uv_treatment/output/PRJEB79569/annotation/bakta/TI1_MAGScoT_cleanbin_000059/TI1_MAGScoT_cleanbin_000059.hypotheticals.tsv	/scratch/users/snarayanasamy/phage_uv_treatment/output/PRJEB79569/annotation/bakta/TI1_MAGScoT_cleanbin_000059/TI1_MAGScoT_cleanbin_000059.inference.tsv
TI1_MAGScoT_cleanbin_000079	/scratch/users/snarayanasamy/phage_uv_treatment/output/PRJEB79569/binning/dereplication/dereplicated_genomes/TI1_MAGScoT_cleanbin_000079.fasta	/scratch/users/snarayanasamy/phage_uv_treatment/output/PRJEB79569/annotation/bakta/TI1_MAGScoT_cleanbin_000079	/scratch/users/snarayanasamy/phage_uv_treatment/output/PRJEB79569/annotation/bakta/TI1_MAGScoT_cleanbin_000079/bakta.done	/scratch/users/snarayanasamy/phage_uv_treatment/output/PRJEB79569/annotation/bakta/TI1_MAGScoT_cleanbin_000079/TI1_MAGScoT_cleanbin_000079.gff3	/scratch/users/snarayanasamy/phage_uv_treatment/output/PRJEB79569/annotation/bakta/TI1_MAGScoT_cleanbin_000079/TI1_MAGScoT_cleanbin_000079.tsv	/scratch/users/snarayanasamy/phage_uv_treatment/output/PRJEB79569/annotation/bakta/TI1_MAGScoT_cleanbin_000079/TI1_MAGScoT_cleanbin_000079.faa	/scratch/users/snarayanasamy/phage_uv_treatment/output/PRJEB79569/annotation/bakta/TI1_MAGScoT_cleanbin_000079/TI1_MAGScoT_cleanbin_000079.ffn	/scratch/users/snarayanasamy/phage_uv_treatment/output/PRJEB79569/annotation/bakta/TI1_MAGScoT_cleanbin_000079/TI1_MAGScoT_cleanbin_000079.json	/scratch/users/snarayanasamy/phage_uv_treatment/output/PRJEB79569/annotation/bakta/TI1_MAGScoT_cleanbin_000079/TI1_MAGScoT_cleanbin_000079.gbff	/scratch/users/snarayanasamy/phage_uv_treatment/output/PRJEB79569/annotation/bakta/TI1_MAGScoT_cleanbin_000079/TI1_MAGScoT_cleanbin_000079.hypotheticals.tsv	/scratch/users/snarayanasamy/phage_uv_treatment/output/PRJEB79569/annotation/bakta/TI1_MAGScoT_cleanbin_000079/TI1_MAGScoT_cleanbin_000079.inference.tsv
TI2_MAGScoT_cleanbin_000002	/scratch/users/snarayanasamy/phage_uv_treatment/output/PRJEB79569/binning/dereplication/dereplicated_genomes/TI2_MAGScoT_cleanbin_000002.fasta	/scratch/users/snarayanasamy/phage_uv_treatment/output/PRJEB79569/annotation/bakta/TI2_MAGScoT_cleanbin_000002	/scratch/users/snarayanasamy/phage_uv_treatment/output/PRJEB79569/annotation/bakta/TI2_MAGScoT_cleanbin_000002/bakta.done	/scratch/users/snarayanasamy/phage_uv_treatment/output/PRJEB79569/annotation/bakta/TI2_MAGScoT_cleanbin_000002/TI2_MAGScoT_cleanbin_000002.gff3	/scratch/users/snarayanasamy/phage_uv_treatment/output/PRJEB79569/annotation/bakta/TI2_MAGScoT_cleanbin_000002/TI2_MAGScoT_cleanbin_000002.tsv	/scratch/users/snarayanasamy/phage_uv_treatment/output/PRJEB79569/annotation/bakta/TI2_MAGScoT_cleanbin_000002/TI2_MAGScoT_cleanbin_000002.faa	/scratch/users/snarayanasamy/phage_uv_treatment/output/PRJEB79569/annotation/bakta/TI2_MAGScoT_cleanbin_000002/TI2_MAGScoT_cleanbin_000002.ffn	/scratch/users/snarayanasamy/phage_uv_treatment/output/PRJEB79569/annotation/bakta/TI2_MAGScoT_cleanbin_000002/TI2_MAGScoT_cleanbin_000002.json	/scratch/users/snarayanasamy/phage_uv_treatment/output/PRJEB79569/annotation/bakta/TI2_MAGScoT_cleanbin_000002/TI2_MAGScoT_cleanbin_000002.gbff	/scratch/users/snarayanasamy/phage_uv_treatment/output/PRJEB79569/annotation/bakta/TI2_MAGScoT_cleanbin_000002/TI2_MAGScoT_cleanbin_000002.hypotheticals.tsv	/scratch/users/snarayanasamy/phage_uv_treatment/output/PRJEB79569/annotation/bakta/TI2_MAGScoT_cleanbin_000002/TI2_MAGScoT_cleanbin_000002.inference.tsv
TI2_MAGScoT_cleanbin_000008	/scratch/users/snarayanasamy/phage_uv_treatment/output/PRJEB79569/binning/dereplication/dereplicated_genomes/TI2_MAGScoT_cleanbin_000008.fasta	/scratch/users/snarayanasamy/phage_uv_treatment/output/PRJEB79569/annotation/bakta/TI2_MAGScoT_cleanbin_000008	/scratch/users/snarayanasamy/phage_uv_treatment/output/PRJEB79569/annotation/bakta/TI2_MAGScoT_cleanbin_000008/bakta.done	/scratch/users/snarayanasamy/phage_uv_treatment/output/PRJEB79569/annotation/bakta/TI2_MAGScoT_cleanbin_000008/TI2_MAGScoT_cleanbin_000008.gff3	/scratch/users/snarayanasamy/phage_uv_treatment/output/PRJEB79569/annotation/bakta/TI2_MAGScoT_cleanbin_000008/TI2_MAGScoT_cleanbin_000008.tsv	/scratch/users/snarayanasamy/phage_uv_treatment/output/PRJEB79569/annotation/bakta/TI2_MAGScoT_cleanbin_000008/TI2_MAGScoT_cleanbin_000008.faa	/scratch/users/snarayanasamy/phage_uv_treatment/output/PRJEB79569/annotation/bakta/TI2_MAGScoT_cleanbin_000008/TI2_MAGScoT_cleanbin_000008.ffn	/scratch/users/snarayanasamy/phage_uv_treatment/output/PRJEB79569/annotation/bakta/TI2_MAGScoT_cleanbin_000008/TI2_MAGScoT_cleanbin_000008.json	/scratch/users/snarayanasamy/phage_uv_treatment/output/PRJEB79569/annotation/bakta/TI2_MAGScoT_cleanbin_000008/TI2_MAGScoT_cleanbin_000008.gbff	/scratch/users/snarayanasamy/phage_uv_treatment/output/PRJEB79569/annotation/bakta/TI2_MAGScoT_cleanbin_000008/TI2_MAGScoT_cleanbin_000008.hypotheticals.tsv	/scratch/users/snarayanasamy/phage_uv_treatment/output/PRJEB79569/annotation/bakta/TI2_MAGScoT_cleanbin_000008/TI2_MAGScoT_cleanbin_000008.inference.tsv
TI2_MAGScoT_cleanbin_000010	/scratch/users/snarayanasamy/phage_uv_treatment/output/PRJEB79569/binning/dereplication/dereplicated_genomes/TI2_MAGScoT_cleanbin_000010.fasta	/scratch/users/snarayanasamy/phage_uv_treatment/output/PRJEB79569/annotation/bakta/TI2_MAGScoT_cleanbin_000010	/scratch/users/snarayanasamy/phage_uv_treatment/output/PRJEB79569/annotation/bakta/TI2_MAGScoT_cleanbin_000010/bakta.done	/scratch/users/snarayanasamy/phage_uv_treatment/output/PRJEB79569/annotation/bakta/TI2_MAGScoT_cleanbin_000010/TI2_MAGScoT_cleanbin_000010.gff3	/scratch/users/snarayanasamy/phage_uv_treatment/output/PRJEB79569/annotation/bakta/TI2_MAGScoT_cleanbin_000010/TI2_MAGScoT_cleanbin_000010.tsv	/scratch/users/snarayanasamy/phage_uv_treatment/output/PRJEB79569/annotation/bakta/TI2_MAGScoT_cleanbin_000010/TI2_MAGScoT_cleanbin_000010.faa	/scratch/users/snarayanasamy/phage_uv_treatment/output/PRJEB79569/annotation/bakta/TI2_MAGScoT_cleanbin_000010/TI2_MAGScoT_cleanbin_000010.ffn	/scratch/users/snarayanasamy/phage_uv_treatment/output/PRJEB79569/annotation/bakta/TI2_MAGScoT_cleanbin_000010/TI2_MAGScoT_cleanbin_000010.json	/scratch/users/snarayanasamy/phage_uv_treatment/output/PRJEB79569/annotation/bakta/TI2_MAGScoT_cleanbin_000010/TI2_MAGScoT_cleanbin_000010.gbff	/scratch/users/snarayanasamy/phage_uv_treatment/output/PRJEB79569/annotation/bakta/TI2_MAGScoT_cleanbin_000010/TI2_MAGScoT_cleanbin_000010.hypotheticals.tsv	/scratch/users/snarayanasamy/phage_uv_treatment/output/PRJEB79569/annotation/bakta/TI2_MAGScoT_cleanbin_000010/TI2_MAGScoT_cleanbin_000010.inference.tsv
TI2_MAGScoT_cleanbin_000011	/scratch/users/snarayanasamy/phage_uv_treatment/output/PRJEB79569/binning/dereplication/dereplicated_genomes/TI2_MAGScoT_cleanbin_000011.fasta	/scratch/users/snarayanasamy/phage_uv_treatment/output/PRJEB79569/annotation/bakta/TI2_MAGScoT_cleanbin_000011	/scratch/users/snarayanasamy/phage_uv_treatment/output/PRJEB79569/annotation/bakta/TI2_MAGScoT_cleanbin_000011/bakta.done	/scratch/users/snarayanasamy/phage_uv_treatment/output/PRJEB79569/annotation/bakta/TI2_MAGScoT_cleanbin_000011/TI2_MAGScoT_cleanbin_000011.gff3	/scratch/users/snarayanasamy/phage_uv_treatment/output/PRJEB79569/annotation/bakta/TI2_MAGScoT_cleanbin_000011/TI2_MAGScoT_cleanbin_000011.tsv	/scratch/users/snarayanasamy/phage_uv_treatment/output/PRJEB79569/annotation/bakta/TI2_MAGScoT_cleanbin_000011/TI2_MAGScoT_cleanbin_000011.faa	/scratch/users/snarayanasamy/phage_uv_treatment/output/PRJEB79569/annotation/bakta/TI2_MAGScoT_cleanbin_000011/TI2_MAGScoT_cleanbin_000011.ffn	/scratch/users/snarayanasamy/phage_uv_treatment/output/PRJEB79569/annotation/bakta/TI2_MAGScoT_cleanbin_000011/TI2_MAGScoT_cleanbin_000011.json	/scratch/users/snarayanasamy/phage_uv_treatment/output/PRJEB79569/annotation/bakta/TI2_MAGScoT_cleanbin_000011/TI2_MAGScoT_cleanbin_000011.gbff	/scratch/users/snarayanasamy/phage_uv_treatment/output/PRJEB79569/annotation/bakta/TI2_MAGScoT_cleanbin_000011/TI2_MAGScoT_cleanbin_000011.hypotheticals.tsv	/scratch/users/snarayanasamy/phage_uv_treatment/output/PRJEB79569/annotation/bakta/TI2_MAGScoT_cleanbin_000011/TI2_MAGScoT_cleanbin_000011.inference.tsv
TI2_MAGScoT_cleanbin_000014	/scratch/users/snarayanasamy/phage_uv_treatment/output/PRJEB79569/binning/dereplication/dereplicated_genomes/TI2_MAGScoT_cleanbin_000014.fasta	/scratch/users/snarayanasamy/phage_uv_treatment/output/PRJEB79569/annotation/bakta/TI2_MAGScoT_cleanbin_000014	/scratch/users/snarayanasamy/phage_uv_treatment/output/PRJEB79569/annotation/bakta/TI2_MAGScoT_cleanbin_000014/bakta.done	/scratch/users/snarayanasamy/phage_uv_treatment/output/PRJEB79569/annotation/bakta/TI2_MAGScoT_cleanbin_000014/TI2_MAGScoT_cleanbin_000014.gff3	/scratch/users/snarayanasamy/phage_uv_treatment/output/PRJEB79569/annotation/bakta/TI2_MAGScoT_cleanbin_000014/TI2_MAGScoT_cleanbin_000014.tsv	/scratch/users/snarayanasamy/phage_uv_treatment/output/PRJEB79569/annotation/bakta/TI2_MAGScoT_cleanbin_000014/TI2_MAGScoT_cleanbin_000014.faa	/scratch/users/snarayanasamy/phage_uv_treatment/output/PRJEB79569/annotation/bakta/TI2_MAGScoT_cleanbin_000014/TI2_MAGScoT_cleanbin_000014.ffn	/scratch/users/snarayanasamy/phage_uv_treatment/output/PRJEB79569/annotation/bakta/TI2_MAGScoT_cleanbin_000014/TI2_MAGScoT_cleanbin_000014.json	/scratch/users/snarayanasamy/phage_uv_treatment/output/PRJEB79569/annotation/bakta/TI2_MAGScoT_cleanbin_000014/TI2_MAGScoT_cleanbin_000014.gbff	/scratch/users/snarayanasamy/phage_uv_treatment/output/PRJEB79569/annotation/bakta/TI2_MAGScoT_cleanbin_000014/TI2_MAGScoT_cleanbin_000014.hypotheticals.tsv	/scratch/users/snarayanasamy/phage_uv_treatment/output/PRJEB79569/annotation/bakta/TI2_MAGScoT_cleanbin_000014/TI2_MAGScoT_cleanbin_000014.inference.tsv
TI2_MAGScoT_cleanbin_000023	/scratch/users/snarayanasamy/phage_uv_treatment/output/PRJEB79569/binning/dereplication/dereplicated_genomes/TI2_MAGScoT_cleanbin_000023.fasta	/scratch/users/snarayanasamy/phage_uv_treatment/output/PRJEB79569/annotation/bakta/TI2_MAGScoT_cleanbin_000023	/scratch/users/snarayanasamy/phage_uv_treatment/output/PRJEB79569/annotation/bakta/TI2_MAGScoT_cleanbin_000023/bakta.done	/scratch/users/snarayanasamy/phage_uv_treatment/output/PRJEB79569/annotation/bakta/TI2_MAGScoT_cleanbin_000023/TI2_MAGScoT_cleanbin_000023.gff3	/scratch/users/snarayanasamy/phage_uv_treatment/output/PRJEB79569/annotation/bakta/TI2_MAGScoT_cleanbin_000023/TI2_MAGScoT_cleanbin_000023.tsv	/scratch/users/snarayanasamy/phage_uv_treatment/output/PRJEB79569/annotation/bakta/TI2_MAGScoT_cleanbin_000023/TI2_MAGScoT_cleanbin_000023.faa	/scratch/users/snarayanasamy/phage_uv_treatment/output/PRJEB79569/annotation/bakta/TI2_MAGScoT_cleanbin_000023/TI2_MAGScoT_cleanbin_000023.ffn	/scratch/users/snarayanasamy/phage_uv_treatment/output/PRJEB79569/annotation/bakta/TI2_MAGScoT_cleanbin_000023/TI2_MAGScoT_cleanbin_000023.json	/scratch/users/snarayanasamy/phage_uv_treatment/output/PRJEB79569/annotation/bakta/TI2_MAGScoT_cleanbin_000023/TI2_MAGScoT_cleanbin_000023.gbff	/scratch/users/snarayanasamy/phage_uv_treatment/output/PRJEB79569/annotation/bakta/TI2_MAGScoT_cleanbin_000023/TI2_MAGScoT_cleanbin_000023.hypotheticals.tsv	/scratch/users/snarayanasamy/phage_uv_treatment/output/PRJEB79569/annotation/bakta/TI2_MAGScoT_cleanbin_000023/TI2_MAGScoT_cleanbin_000023.inference.tsv
TI2_MAGScoT_cleanbin_000024	/scratch/users/snarayanasamy/phage_uv_treatment/output/PRJEB79569/binning/dereplication/dereplicated_genomes/TI2_MAGScoT_cleanbin_000024.fasta	/scratch/users/snarayanasamy/phage_uv_treatment/output/PRJEB79569/annotation/bakta/TI2_MAGScoT_cleanbin_000024	/scratch/users/snarayanasamy/phage_uv_treatment/output/PRJEB79569/annotation/bakta/TI2_MAGScoT_cleanbin_000024/bakta.done	/scratch/users/snarayanasamy/phage_uv_treatment/output/PRJEB79569/annotation/bakta/TI2_MAGScoT_cleanbin_000024/TI2_MAGScoT_cleanbin_000024.gff3	/scratch/users/snarayanasamy/phage_uv_treatment/output/PRJEB79569/annotation/bakta/TI2_MAGScoT_cleanbin_000024/TI2_MAGScoT_cleanbin_000024.tsv	/scratch/users/snarayanasamy/phage_uv_treatment/output/PRJEB79569/annotation/bakta/TI2_MAGScoT_cleanbin_000024/TI2_MAGScoT_cleanbin_000024.faa	/scratch/users/snarayanasamy/phage_uv_treatment/output/PRJEB79569/annotation/bakta/TI2_MAGScoT_cleanbin_000024/TI2_MAGScoT_cleanbin_000024.ffn	/scratch/users/snarayanasamy/phage_uv_treatment/output/PRJEB79569/annotation/bakta/TI2_MAGScoT_cleanbin_000024/TI2_MAGScoT_cleanbin_000024.json	/scratch/users/snarayanasamy/phage_uv_treatment/output/PRJEB79569/annotation/bakta/TI2_MAGScoT_cleanbin_000024/TI2_MAGScoT_cleanbin_000024.gbff	/scratch/users/snarayanasamy/phage_uv_treatment/output/PRJEB79569/annotation/bakta/TI2_MAGScoT_cleanbin_000024/TI2_MAGScoT_cleanbin_000024.hypotheticals.tsv	/scratch/users/snarayanasamy/phage_uv_treatment/output/PRJEB79569/annotation/bakta/TI2_MAGScoT_cleanbin_000024/TI2_MAGScoT_cleanbin_000024.inference.tsv
TI2_MAGScoT_cleanbin_000026	/scratch/users/snarayanasamy/phage_uv_treatment/output/PRJEB79569/binning/dereplication/dereplicated_genomes/TI2_MAGScoT_cleanbin_000026.fasta	/scratch/users/snarayanasamy/phage_uv_treatment/output/PRJEB79569/annotation/bakta/TI2_MAGScoT_cleanbin_000026	/scratch/users/snarayanasamy/phage_uv_treatment/output/PRJEB79569/annotation/bakta/TI2_MAGScoT_cleanbin_000026/bakta.done	/scratch/users/snarayanasamy/phage_uv_treatment/output/PRJEB79569/annotation/bakta/TI2_MAGScoT_cleanbin_000026/TI2_MAGScoT_cleanbin_000026.gff3	/scratch/users/snarayanasamy/phage_uv_treatment/output/PRJEB79569/annotation/bakta/TI2_MAGScoT_cleanbin_000026/TI2_MAGScoT_cleanbin_000026.tsv	/scratch/users/snarayanasamy/phage_uv_treatment/output/PRJEB79569/annotation/bakta/TI2_MAGScoT_cleanbin_000026/TI2_MAGScoT_cleanbin_000026.faa	/scratch/users/snarayanasamy/phage_uv_treatment/output/PRJEB79569/annotation/bakta/TI2_MAGScoT_cleanbin_000026/TI2_MAGScoT_cleanbin_000026.ffn	/scratch/users/snarayanasamy/phage_uv_treatment/output/PRJEB79569/annotation/bakta/TI2_MAGScoT_cleanbin_000026/TI2_MAGScoT_cleanbin_000026.json	/scratch/users/snarayanasamy/phage_uv_treatment/output/PRJEB79569/annotation/bakta/TI2_MAGScoT_cleanbin_000026/TI2_MAGScoT_cleanbin_000026.gbff	/scratch/users/snarayanasamy/phage_uv_treatment/output/PRJEB79569/annotation/bakta/TI2_MAGScoT_cleanbin_000026/TI2_MAGScoT_cleanbin_000026.hypotheticals.tsv	/scratch/users/snarayanasamy/phage_uv_treatment/output/PRJEB79569/annotation/bakta/TI2_MAGScoT_cleanbin_000026/TI2_MAGScoT_cleanbin_000026.inference.tsv
TI2_MAGScoT_cleanbin_000030	/scratch/users/snarayanasamy/phage_uv_treatment/output/PRJEB79569/binning/dereplication/dereplicated_genomes/TI2_MAGScoT_cleanbin_000030.fasta	/scratch/users/snarayanasamy/phage_uv_treatment/output/PRJEB79569/annotation/bakta/TI2_MAGScoT_cleanbin_000030	/scratch/users/snarayanasamy/phage_uv_treatment/output/PRJEB79569/annotation/bakta/TI2_MAGScoT_cleanbin_000030/bakta.done	/scratch/users/snarayanasamy/phage_uv_treatment/output/PRJEB79569/annotation/bakta/TI2_MAGScoT_cleanbin_000030/TI2_MAGScoT_cleanbin_000030.gff3	/scratch/users/snarayanasamy/phage_uv_treatment/output/PRJEB79569/annotation/bakta/TI2_MAGScoT_cleanbin_000030/TI2_MAGScoT_cleanbin_000030.tsv	/scratch/users/snarayanasamy/phage_uv_treatment/output/PRJEB79569/annotation/bakta/TI2_MAGScoT_cleanbin_000030/TI2_MAGScoT_cleanbin_000030.faa	/scratch/users/snarayanasamy/phage_uv_treatment/output/PRJEB79569/annotation/bakta/TI2_MAGScoT_cleanbin_000030/TI2_MAGScoT_cleanbin_000030.ffn	/scratch/users/snarayanasamy/phage_uv_treatment/output/PRJEB79569/annotation/bakta/TI2_MAGScoT_cleanbin_000030/TI2_MAGScoT_cleanbin_000030.json	/scratch/users/snarayanasamy/phage_uv_treatment/output/PRJEB79569/annotation/bakta/TI2_MAGScoT_cleanbin_000030/TI2_MAGScoT_cleanbin_000030.gbff	/scratch/users/snarayanasamy/phage_uv_treatment/output/PRJEB79569/annotation/bakta/TI2_MAGScoT_cleanbin_000030/TI2_MAGScoT_cleanbin_000030.hypotheticals.tsv	/scratch/users/snarayanasamy/phage_uv_treatment/output/PRJEB79569/annotation/bakta/TI2_MAGScoT_cleanbin_000030/TI2_MAGScoT_cleanbin_000030.inference.tsv
TI2_MAGScoT_cleanbin_000031	/scratch/users/snarayanasamy/phage_uv_treatment/output/PRJEB79569/binning/dereplication/dereplicated_genomes/TI2_MAGScoT_cleanbin_000031.fasta	/scratch/users/snarayanasamy/phage_uv_treatment/output/PRJEB79569/annotation/bakta/TI2_MAGScoT_cleanbin_000031	/scratch/users/snarayanasamy/phage_uv_treatment/output/PRJEB79569/annotation/bakta/TI2_MAGScoT_cleanbin_000031/bakta.done	/scratch/users/snarayanasamy/phage_uv_treatment/output/PRJEB79569/annotation/bakta/TI2_MAGScoT_cleanbin_000031/TI2_MAGScoT_cleanbin_000031.gff3	/scratch/users/snarayanasamy/phage_uv_treatment/output/PRJEB79569/annotation/bakta/TI2_MAGScoT_cleanbin_000031/TI2_MAGScoT_cleanbin_000031.tsv	/scratch/users/snarayanasamy/phage_uv_treatment/output/PRJEB79569/annotation/bakta/TI2_MAGScoT_cleanbin_000031/TI2_MAGScoT_cleanbin_000031.faa	/scratch/users/snarayanasamy/phage_uv_treatment/output/PRJEB79569/annotation/bakta/TI2_MAGScoT_cleanbin_000031/TI2_MAGScoT_cleanbin_000031.ffn	/scratch/users/snarayanasamy/phage_uv_treatment/output/PRJEB79569/annotation/bakta/TI2_MAGScoT_cleanbin_000031/TI2_MAGScoT_cleanbin_000031.json	/scratch/users/snarayanasamy/phage_uv_treatment/output/PRJEB79569/annotation/bakta/TI2_MAGScoT_cleanbin_000031/TI2_MAGScoT_cleanbin_000031.gbff	/scratch/users/snarayanasamy/phage_uv_treatment/output/PRJEB79569/annotation/bakta/TI2_MAGScoT_cleanbin_000031/TI2_MAGScoT_cleanbin_000031.hypotheticals.tsv	/scratch/users/snarayanasamy/phage_uv_treatment/output/PRJEB79569/annotation/bakta/TI2_MAGScoT_cleanbin_000031/TI2_MAGScoT_cleanbin_000031.inference.tsv
TI2_MAGScoT_cleanbin_000041	/scratch/users/snarayanasamy/phage_uv_treatment/output/PRJEB79569/binning/dereplication/dereplicated_genomes/TI2_MAGScoT_cleanbin_000041.fasta	/scratch/users/snarayanasamy/phage_uv_treatment/output/PRJEB79569/annotation/bakta/TI2_MAGScoT_cleanbin_000041	/scratch/users/snarayanasamy/phage_uv_treatment/output/PRJEB79569/annotation/bakta/TI2_MAGScoT_cleanbin_000041/bakta.done	/scratch/users/snarayanasamy/phage_uv_treatment/output/PRJEB79569/annotation/bakta/TI2_MAGScoT_cleanbin_000041/TI2_MAGScoT_cleanbin_000041.gff3	/scratch/users/snarayanasamy/phage_uv_treatment/output/PRJEB79569/annotation/bakta/TI2_MAGScoT_cleanbin_000041/TI2_MAGScoT_cleanbin_000041.tsv	/scratch/users/snarayanasamy/phage_uv_treatment/output/PRJEB79569/annotation/bakta/TI2_MAGScoT_cleanbin_000041/TI2_MAGScoT_cleanbin_000041.faa	/scratch/users/snarayanasamy/phage_uv_treatment/output/PRJEB79569/annotation/bakta/TI2_MAGScoT_cleanbin_000041/TI2_MAGScoT_cleanbin_000041.ffn	/scratch/users/snarayanasamy/phage_uv_treatment/output/PRJEB79569/annotation/bakta/TI2_MAGScoT_cleanbin_000041/TI2_MAGScoT_cleanbin_000041.json	/scratch/users/snarayanasamy/phage_uv_treatment/output/PRJEB79569/annotation/bakta/TI2_MAGScoT_cleanbin_000041/TI2_MAGScoT_cleanbin_000041.gbff	/scratch/users/snarayanasamy/phage_uv_treatment/output/PRJEB79569/annotation/bakta/TI2_MAGScoT_cleanbin_000041/TI2_MAGScoT_cleanbin_000041.hypotheticals.tsv	/scratch/users/snarayanasamy/phage_uv_treatment/output/PRJEB79569/annotation/bakta/TI2_MAGScoT_cleanbin_000041/TI2_MAGScoT_cleanbin_000041.inference.tsv
TI2_MAGScoT_cleanbin_000046	/scratch/users/snarayanasamy/phage_uv_treatment/output/PRJEB79569/binning/dereplication/dereplicated_genomes/TI2_MAGScoT_cleanbin_000046.fasta	/scratch/users/snarayanasamy/phage_uv_treatment/output/PRJEB79569/annotation/bakta/TI2_MAGScoT_cleanbin_000046	/scratch/users/snarayanasamy/phage_uv_treatment/output/PRJEB79569/annotation/bakta/TI2_MAGScoT_cleanbin_000046/bakta.done	/scratch/users/snarayanasamy/phage_uv_treatment/output/PRJEB79569/annotation/bakta/TI2_MAGScoT_cleanbin_000046/TI2_MAGScoT_cleanbin_000046.gff3	/scratch/users/snarayanasamy/phage_uv_treatment/output/PRJEB79569/annotation/bakta/TI2_MAGScoT_cleanbin_000046/TI2_MAGScoT_cleanbin_000046.tsv	/scratch/users/snarayanasamy/phage_uv_treatment/output/PRJEB79569/annotation/bakta/TI2_MAGScoT_cleanbin_000046/TI2_MAGScoT_cleanbin_000046.faa	/scratch/users/snarayanasamy/phage_uv_treatment/output/PRJEB79569/annotation/bakta/TI2_MAGScoT_cleanbin_000046/TI2_MAGScoT_cleanbin_000046.ffn	/scratch/users/snarayanasamy/phage_uv_treatment/output/PRJEB79569/annotation/bakta/TI2_MAGScoT_cleanbin_000046/TI2_MAGScoT_cleanbin_000046.json	/scratch/users/snarayanasamy/phage_uv_treatment/output/PRJEB79569/annotation/bakta/TI2_MAGScoT_cleanbin_000046/TI2_MAGScoT_cleanbin_000046.gbff	/scratch/users/snarayanasamy/phage_uv_treatment/output/PRJEB79569/annotation/bakta/TI2_MAGScoT_cleanbin_000046/TI2_MAGScoT_cleanbin_000046.hypotheticals.tsv	/scratch/users/snarayanasamy/phage_uv_treatment/output/PRJEB79569/annotation/bakta/TI2_MAGScoT_cleanbin_000046/TI2_MAGScoT_cleanbin_000046.inference.tsv
TI2_MAGScoT_cleanbin_000047	/scratch/users/snarayanasamy/phage_uv_treatment/output/PRJEB79569/binning/dereplication/dereplicated_genomes/TI2_MAGScoT_cleanbin_000047.fasta	/scratch/users/snarayanasamy/phage_uv_treatment/output/PRJEB79569/annotation/bakta/TI2_MAGScoT_cleanbin_000047	/scratch/users/snarayanasamy/phage_uv_treatment/output/PRJEB79569/annotation/bakta/TI2_MAGScoT_cleanbin_000047/bakta.done	/scratch/users/snarayanasamy/phage_uv_treatment/output/PRJEB79569/annotation/bakta/TI2_MAGScoT_cleanbin_000047/TI2_MAGScoT_cleanbin_000047.gff3	/scratch/users/snarayanasamy/phage_uv_treatment/output/PRJEB79569/annotation/bakta/TI2_MAGScoT_cleanbin_000047/TI2_MAGScoT_cleanbin_000047.tsv	/scratch/users/snarayanasamy/phage_uv_treatment/output/PRJEB79569/annotation/bakta/TI2_MAGScoT_cleanbin_000047/TI2_MAGScoT_cleanbin_000047.faa	/scratch/users/snarayanasamy/phage_uv_treatment/output/PRJEB79569/annotation/bakta/TI2_MAGScoT_cleanbin_000047/TI2_MAGScoT_cleanbin_000047.ffn	/scratch/users/snarayanasamy/phage_uv_treatment/output/PRJEB79569/annotation/bakta/TI2_MAGScoT_cleanbin_000047/TI2_MAGScoT_cleanbin_000047.json	/scratch/users/snarayanasamy/phage_uv_treatment/output/PRJEB79569/annotation/bakta/TI2_MAGScoT_cleanbin_000047/TI2_MAGScoT_cleanbin_000047.gbff	/scratch/users/snarayanasamy/phage_uv_treatment/output/PRJEB79569/annotation/bakta/TI2_MAGScoT_cleanbin_000047/TI2_MAGScoT_cleanbin_000047.hypotheticals.tsv	/scratch/users/snarayanasamy/phage_uv_treatment/output/PRJEB79569/annotation/bakta/TI2_MAGScoT_cleanbin_000047/TI2_MAGScoT_cleanbin_000047.inference.tsv
TI2_MAGScoT_cleanbin_000054	/scratch/users/snarayanasamy/phage_uv_treatment/output/PRJEB79569/binning/dereplication/dereplicated_genomes/TI2_MAGScoT_cleanbin_000054.fasta	/scratch/users/snarayanasamy/phage_uv_treatment/output/PRJEB79569/annotation/bakta/TI2_MAGScoT_cleanbin_000054	/scratch/users/snarayanasamy/phage_uv_treatment/output/PRJEB79569/annotation/bakta/TI2_MAGScoT_cleanbin_000054/bakta.done	/scratch/users/snarayanasamy/phage_uv_treatment/output/PRJEB79569/annotation/bakta/TI2_MAGScoT_cleanbin_000054/TI2_MAGScoT_cleanbin_000054.gff3	/scratch/users/snarayanasamy/phage_uv_treatment/output/PRJEB79569/annotation/bakta/TI2_MAGScoT_cleanbin_000054/TI2_MAGScoT_cleanbin_000054.tsv	/scratch/users/snarayanasamy/phage_uv_treatment/output/PRJEB79569/annotation/bakta/TI2_MAGScoT_cleanbin_000054/TI2_MAGScoT_cleanbin_000054.faa	/scratch/users/snarayanasamy/phage_uv_treatment/output/PRJEB79569/annotation/bakta/TI2_MAGScoT_cleanbin_000054/TI2_MAGScoT_cleanbin_000054.ffn	/scratch/users/snarayanasamy/phage_uv_treatment/output/PRJEB79569/annotation/bakta/TI2_MAGScoT_cleanbin_000054/TI2_MAGScoT_cleanbin_000054.json	/scratch/users/snarayanasamy/phage_uv_treatment/output/PRJEB79569/annotation/bakta/TI2_MAGScoT_cleanbin_000054/TI2_MAGScoT_cleanbin_000054.gbff	/scratch/users/snarayanasamy/phage_uv_treatment/output/PRJEB79569/annotation/bakta/TI2_MAGScoT_cleanbin_000054/TI2_MAGScoT_cleanbin_000054.hypotheticals.tsv	/scratch/users/snarayanasamy/phage_uv_treatment/output/PRJEB79569/annotation/bakta/TI2_MAGScoT_cleanbin_000054/TI2_MAGScoT_cleanbin_000054.inference.tsv
TI2_MAGScoT_cleanbin_000069	/scratch/users/snarayanasamy/phage_uv_treatment/output/PRJEB79569/binning/dereplication/dereplicated_genomes/TI2_MAGScoT_cleanbin_000069.fasta	/scratch/users/snarayanasamy/phage_uv_treatment/output/PRJEB79569/annotation/bakta/TI2_MAGScoT_cleanbin_000069	/scratch/users/snarayanasamy/phage_uv_treatment/output/PRJEB79569/annotation/bakta/TI2_MAGScoT_cleanbin_000069/bakta.done	/scratch/users/snarayanasamy/phage_uv_treatment/output/PRJEB79569/annotation/bakta/TI2_MAGScoT_cleanbin_000069/TI2_MAGScoT_cleanbin_000069.gff3	/scratch/users/snarayanasamy/phage_uv_treatment/output/PRJEB79569/annotation/bakta/TI2_MAGScoT_cleanbin_000069/TI2_MAGScoT_cleanbin_000069.tsv	/scratch/users/snarayanasamy/phage_uv_treatment/output/PRJEB79569/annotation/bakta/TI2_MAGScoT_cleanbin_000069/TI2_MAGScoT_cleanbin_000069.faa	/scratch/users/snarayanasamy/phage_uv_treatment/output/PRJEB79569/annotation/bakta/TI2_MAGScoT_cleanbin_000069/TI2_MAGScoT_cleanbin_000069.ffn	/scratch/users/snarayanasamy/phage_uv_treatment/output/PRJEB79569/annotation/bakta/TI2_MAGScoT_cleanbin_000069/TI2_MAGScoT_cleanbin_000069.json	/scratch/users/snarayanasamy/phage_uv_treatment/output/PRJEB79569/annotation/bakta/TI2_MAGScoT_cleanbin_000069/TI2_MAGScoT_cleanbin_000069.gbff	/scratch/users/snarayanasamy/phage_uv_treatment/output/PRJEB79569/annotation/bakta/TI2_MAGScoT_cleanbin_000069/TI2_MAGScoT_cleanbin_000069.hypotheticals.tsv	/scratch/users/snarayanasamy/phage_uv_treatment/output/PRJEB79569/annotation/bakta/TI2_MAGScoT_cleanbin_000069/TI2_MAGScoT_cleanbin_000069.inference.tsv
TI2_MAGScoT_cleanbin_000071	/scratch/users/snarayanasamy/phage_uv_treatment/output/PRJEB79569/binning/dereplication/dereplicated_genomes/TI2_MAGScoT_cleanbin_000071.fasta	/scratch/users/snarayanasamy/phage_uv_treatment/output/PRJEB79569/annotation/bakta/TI2_MAGScoT_cleanbin_000071	/scratch/users/snarayanasamy/phage_uv_treatment/output/PRJEB79569/annotation/bakta/TI2_MAGScoT_cleanbin_000071/bakta.done	/scratch/users/snarayanasamy/phage_uv_treatment/output/PRJEB79569/annotation/bakta/TI2_MAGScoT_cleanbin_000071/TI2_MAGScoT_cleanbin_000071.gff3	/scratch/users/snarayanasamy/phage_uv_treatment/output/PRJEB79569/annotation/bakta/TI2_MAGScoT_cleanbin_000071/TI2_MAGScoT_cleanbin_000071.tsv	/scratch/users/snarayanasamy/phage_uv_treatment/output/PRJEB79569/annotation/bakta/TI2_MAGScoT_cleanbin_000071/TI2_MAGScoT_cleanbin_000071.faa	/scratch/users/snarayanasamy/phage_uv_treatment/output/PRJEB79569/annotation/bakta/TI2_MAGScoT_cleanbin_000071/TI2_MAGScoT_cleanbin_000071.ffn	/scratch/users/snarayanasamy/phage_uv_treatment/output/PRJEB79569/annotation/bakta/TI2_MAGScoT_cleanbin_000071/TI2_MAGScoT_cleanbin_000071.json	/scratch/users/snarayanasamy/phage_uv_treatment/output/PRJEB79569/annotation/bakta/TI2_MAGScoT_cleanbin_000071/TI2_MAGScoT_cleanbin_000071.gbff	/scratch/users/snarayanasamy/phage_uv_treatment/output/PRJEB79569/annotation/bakta/TI2_MAGScoT_cleanbin_000071/TI2_MAGScoT_cleanbin_000071.hypotheticals.tsv	/scratch/users/snarayanasamy/phage_uv_treatment/output/PRJEB79569/annotation/bakta/TI2_MAGScoT_cleanbin_000071/TI2_MAGScoT_cleanbin_000071.inference.tsv
TI2_MAGScoT_cleanbin_000073	/scratch/users/snarayanasamy/phage_uv_treatment/output/PRJEB79569/binning/dereplication/dereplicated_genomes/TI2_MAGScoT_cleanbin_000073.fasta	/scratch/users/snarayanasamy/phage_uv_treatment/output/PRJEB79569/annotation/bakta/TI2_MAGScoT_cleanbin_000073	/scratch/users/snarayanasamy/phage_uv_treatment/output/PRJEB79569/annotation/bakta/TI2_MAGScoT_cleanbin_000073/bakta.done	/scratch/users/snarayanasamy/phage_uv_treatment/output/PRJEB79569/annotation/bakta/TI2_MAGScoT_cleanbin_000073/TI2_MAGScoT_cleanbin_000073.gff3	/scratch/users/snarayanasamy/phage_uv_treatment/output/PRJEB79569/annotation/bakta/TI2_MAGScoT_cleanbin_000073/TI2_MAGScoT_cleanbin_000073.tsv	/scratch/users/snarayanasamy/phage_uv_treatment/output/PRJEB79569/annotation/bakta/TI2_MAGScoT_cleanbin_000073/TI2_MAGScoT_cleanbin_000073.faa	/scratch/users/snarayanasamy/phage_uv_treatment/output/PRJEB79569/annotation/bakta/TI2_MAGScoT_cleanbin_000073/TI2_MAGScoT_cleanbin_000073.ffn	/scratch/users/snarayanasamy/phage_uv_treatment/output/PRJEB79569/annotation/bakta/TI2_MAGScoT_cleanbin_000073/TI2_MAGScoT_cleanbin_000073.json	/scratch/users/snarayanasamy/phage_uv_treatment/output/PRJEB79569/annotation/bakta/TI2_MAGScoT_cleanbin_000073/TI2_MAGScoT_cleanbin_000073.gbff	/scratch/users/snarayanasamy/phage_uv_treatment/output/PRJEB79569/annotation/bakta/TI2_MAGScoT_cleanbin_000073/TI2_MAGScoT_cleanbin_000073.hypotheticals.tsv	/scratch/users/snarayanasamy/phage_uv_treatment/output/PRJEB79569/annotation/bakta/TI2_MAGScoT_cleanbin_000073/TI2_MAGScoT_cleanbin_000073.inference.tsv
TI2_MAGScoT_cleanbin_000078	/scratch/users/snarayanasamy/phage_uv_treatment/output/PRJEB79569/binning/dereplication/dereplicated_genomes/TI2_MAGScoT_cleanbin_000078.fasta	/scratch/users/snarayanasamy/phage_uv_treatment/output/PRJEB79569/annotation/bakta/TI2_MAGScoT_cleanbin_000078	/scratch/users/snarayanasamy/phage_uv_treatment/output/PRJEB79569/annotation/bakta/TI2_MAGScoT_cleanbin_000078/bakta.done	/scratch/users/snarayanasamy/phage_uv_treatment/output/PRJEB79569/annotation/bakta/TI2_MAGScoT_cleanbin_000078/TI2_MAGScoT_cleanbin_000078.gff3	/scratch/users/snarayanasamy/phage_uv_treatment/output/PRJEB79569/annotation/bakta/TI2_MAGScoT_cleanbin_000078/TI2_MAGScoT_cleanbin_000078.tsv	/scratch/users/snarayanasamy/phage_uv_treatment/output/PRJEB79569/annotation/bakta/TI2_MAGScoT_cleanbin_000078/TI2_MAGScoT_cleanbin_000078.faa	/scratch/users/snarayanasamy/phage_uv_treatment/output/PRJEB79569/annotation/bakta/TI2_MAGScoT_cleanbin_000078/TI2_MAGScoT_cleanbin_000078.ffn	/scratch/users/snarayanasamy/phage_uv_treatment/output/PRJEB79569/annotation/bakta/TI2_MAGScoT_cleanbin_000078/TI2_MAGScoT_cleanbin_000078.json	/scratch/users/snarayanasamy/phage_uv_treatment/output/PRJEB79569/annotation/bakta/TI2_MAGScoT_cleanbin_000078/TI2_MAGScoT_cleanbin_000078.gbff	/scratch/users/snarayanasamy/phage_uv_treatment/output/PRJEB79569/annotation/bakta/TI2_MAGScoT_cleanbin_000078/TI2_MAGScoT_cleanbin_000078.hypotheticals.tsv	/scratch/users/snarayanasamy/phage_uv_treatment/output/PRJEB79569/annotation/bakta/TI2_MAGScoT_cleanbin_000078/TI2_MAGScoT_cleanbin_000078.inference.tsv
TI2_MAGScoT_cleanbin_000081	/scratch/users/snarayanasamy/phage_uv_treatment/output/PRJEB79569/binning/dereplication/dereplicated_genomes/TI2_MAGScoT_cleanbin_000081.fasta	/scratch/users/snarayanasamy/phage_uv_treatment/output/PRJEB79569/annotation/bakta/TI2_MAGScoT_cleanbin_000081	/scratch/users/snarayanasamy/phage_uv_treatment/output/PRJEB79569/annotation/bakta/TI2_MAGScoT_cleanbin_000081/bakta.done	/scratch/users/snarayanasamy/phage_uv_treatment/output/PRJEB79569/annotation/bakta/TI2_MAGScoT_cleanbin_000081/TI2_MAGScoT_cleanbin_000081.gff3	/scratch/users/snarayanasamy/phage_uv_treatment/output/PRJEB79569/annotation/bakta/TI2_MAGScoT_cleanbin_000081/TI2_MAGScoT_cleanbin_000081.tsv	/scratch/users/snarayanasamy/phage_uv_treatment/output/PRJEB79569/annotation/bakta/TI2_MAGScoT_cleanbin_000081/TI2_MAGScoT_cleanbin_000081.faa	/scratch/users/snarayanasamy/phage_uv_treatment/output/PRJEB79569/annotation/bakta/TI2_MAGScoT_cleanbin_000081/TI2_MAGScoT_cleanbin_000081.ffn	/scratch/users/snarayanasamy/phage_uv_treatment/output/PRJEB79569/annotation/bakta/TI2_MAGScoT_cleanbin_000081/TI2_MAGScoT_cleanbin_000081.json	/scratch/users/snarayanasamy/phage_uv_treatment/output/PRJEB79569/annotation/bakta/TI2_MAGScoT_cleanbin_000081/TI2_MAGScoT_cleanbin_000081.gbff	/scratch/users/snarayanasamy/phage_uv_treatment/output/PRJEB79569/annotation/bakta/TI2_MAGScoT_cleanbin_000081/TI2_MAGScoT_cleanbin_000081.hypotheticals.tsv	/scratch/users/snarayanasamy/phage_uv_treatment/output/PRJEB79569/annotation/bakta/TI2_MAGScoT_cleanbin_000081/TI2_MAGScoT_cleanbin_000081.inference.tsv
TI2_MAGScoT_cleanbin_000100	/scratch/users/snarayanasamy/phage_uv_treatment/output/PRJEB79569/binning/dereplication/dereplicated_genomes/TI2_MAGScoT_cleanbin_000100.fasta	/scratch/users/snarayanasamy/phage_uv_treatment/output/PRJEB79569/annotation/bakta/TI2_MAGScoT_cleanbin_000100	/scratch/users/snarayanasamy/phage_uv_treatment/output/PRJEB79569/annotation/bakta/TI2_MAGScoT_cleanbin_000100/bakta.done	/scratch/users/snarayanasamy/phage_uv_treatment/output/PRJEB79569/annotation/bakta/TI2_MAGScoT_cleanbin_000100/TI2_MAGScoT_cleanbin_000100.gff3	/scratch/users/snarayanasamy/phage_uv_treatment/output/PRJEB79569/annotation/bakta/TI2_MAGScoT_cleanbin_000100/TI2_MAGScoT_cleanbin_000100.tsv	/scratch/users/snarayanasamy/phage_uv_treatment/output/PRJEB79569/annotation/bakta/TI2_MAGScoT_cleanbin_000100/TI2_MAGScoT_cleanbin_000100.faa	/scratch/users/snarayanasamy/phage_uv_treatment/output/PRJEB79569/annotation/bakta/TI2_MAGScoT_cleanbin_000100/TI2_MAGScoT_cleanbin_000100.ffn	/scratch/users/snarayanasamy/phage_uv_treatment/output/PRJEB79569/annotation/bakta/TI2_MAGScoT_cleanbin_000100/TI2_MAGScoT_cleanbin_000100.json	/scratch/users/snarayanasamy/phage_uv_treatment/output/PRJEB79569/annotation/bakta/TI2_MAGScoT_cleanbin_000100/TI2_MAGScoT_cleanbin_000100.gbff	/scratch/users/snarayanasamy/phage_uv_treatment/output/PRJEB79569/annotation/bakta/TI2_MAGScoT_cleanbin_000100/TI2_MAGScoT_cleanbin_000100.hypotheticals.tsv	/scratch/users/snarayanasamy/phage_uv_treatment/output/PRJEB79569/annotation/bakta/TI2_MAGScoT_cleanbin_000100/TI2_MAGScoT_cleanbin_000100.inference.tsv
TI2_MAGScoT_cleanbin_000103	/scratch/users/snarayanasamy/phage_uv_treatment/output/PRJEB79569/binning/dereplication/dereplicated_genomes/TI2_MAGScoT_cleanbin_000103.fasta	/scratch/users/snarayanasamy/phage_uv_treatment/output/PRJEB79569/annotation/bakta/TI2_MAGScoT_cleanbin_000103	/scratch/users/snarayanasamy/phage_uv_treatment/output/PRJEB79569/annotation/bakta/TI2_MAGScoT_cleanbin_000103/bakta.done	/scratch/users/snarayanasamy/phage_uv_treatment/output/PRJEB79569/annotation/bakta/TI2_MAGScoT_cleanbin_000103/TI2_MAGScoT_cleanbin_000103.gff3	/scratch/users/snarayanasamy/phage_uv_treatment/output/PRJEB79569/annotation/bakta/TI2_MAGScoT_cleanbin_000103/TI2_MAGScoT_cleanbin_000103.tsv	/scratch/users/snarayanasamy/phage_uv_treatment/output/PRJEB79569/annotation/bakta/TI2_MAGScoT_cleanbin_000103/TI2_MAGScoT_cleanbin_000103.faa	/scratch/users/snarayanasamy/phage_uv_treatment/output/PRJEB79569/annotation/bakta/TI2_MAGScoT_cleanbin_000103/TI2_MAGScoT_cleanbin_000103.ffn	/scratch/users/snarayanasamy/phage_uv_treatment/output/PRJEB79569/annotation/bakta/TI2_MAGScoT_cleanbin_000103/TI2_MAGScoT_cleanbin_000103.json	/scratch/users/snarayanasamy/phage_uv_treatment/output/PRJEB79569/annotation/bakta/TI2_MAGScoT_cleanbin_000103/TI2_MAGScoT_cleanbin_000103.gbff	/scratch/users/snarayanasamy/phage_uv_treatment/output/PRJEB79569/annotation/bakta/TI2_MAGScoT_cleanbin_000103/TI2_MAGScoT_cleanbin_000103.hypotheticals.tsv	/scratch/users/snarayanasamy/phage_uv_treatment/output/PRJEB79569/annotation/bakta/TI2_MAGScoT_cleanbin_000103/TI2_MAGScoT_cleanbin_000103.inference.tsv
TI2_MAGScoT_cleanbin_000112	/scratch/users/snarayanasamy/phage_uv_treatment/output/PRJEB79569/binning/dereplication/dereplicated_genomes/TI2_MAGScoT_cleanbin_000112.fasta	/scratch/users/snarayanasamy/phage_uv_treatment/output/PRJEB79569/annotation/bakta/TI2_MAGScoT_cleanbin_000112	/scratch/users/snarayanasamy/phage_uv_treatment/output/PRJEB79569/annotation/bakta/TI2_MAGScoT_cleanbin_000112/bakta.done	/scratch/users/snarayanasamy/phage_uv_treatment/output/PRJEB79569/annotation/bakta/TI2_MAGScoT_cleanbin_000112/TI2_MAGScoT_cleanbin_000112.gff3	/scratch/users/snarayanasamy/phage_uv_treatment/output/PRJEB79569/annotation/bakta/TI2_MAGScoT_cleanbin_000112/TI2_MAGScoT_cleanbin_000112.tsv	/scratch/users/snarayanasamy/phage_uv_treatment/output/PRJEB79569/annotation/bakta/TI2_MAGScoT_cleanbin_000112/TI2_MAGScoT_cleanbin_000112.faa	/scratch/users/snarayanasamy/phage_uv_treatment/output/PRJEB79569/annotation/bakta/TI2_MAGScoT_cleanbin_000112/TI2_MAGScoT_cleanbin_000112.ffn	/scratch/users/snarayanasamy/phage_uv_treatment/output/PRJEB79569/annotation/bakta/TI2_MAGScoT_cleanbin_000112/TI2_MAGScoT_cleanbin_000112.json	/scratch/users/snarayanasamy/phage_uv_treatment/output/PRJEB79569/annotation/bakta/TI2_MAGScoT_cleanbin_000112/TI2_MAGScoT_cleanbin_000112.gbff	/scratch/users/snarayanasamy/phage_uv_treatment/output/PRJEB79569/annotation/bakta/TI2_MAGScoT_cleanbin_000112/TI2_MAGScoT_cleanbin_000112.hypotheticals.tsv	/scratch/users/snarayanasamy/phage_uv_treatment/output/PRJEB79569/annotation/bakta/TI2_MAGScoT_cleanbin_000112/TI2_MAGScoT_cleanbin_000112.inference.tsv
TI2_MAGScoT_cleanbin_000113	/scratch/users/snarayanasamy/phage_uv_treatment/output/PRJEB79569/binning/dereplication/dereplicated_genomes/TI2_MAGScoT_cleanbin_000113.fasta	/scratch/users/snarayanasamy/phage_uv_treatment/output/PRJEB79569/annotation/bakta/TI2_MAGScoT_cleanbin_000113	/scratch/users/snarayanasamy/phage_uv_treatment/output/PRJEB79569/annotation/bakta/TI2_MAGScoT_cleanbin_000113/bakta.done	/scratch/users/snarayanasamy/phage_uv_treatment/output/PRJEB79569/annotation/bakta/TI2_MAGScoT_cleanbin_000113/TI2_MAGScoT_cleanbin_000113.gff3	/scratch/users/snarayanasamy/phage_uv_treatment/output/PRJEB79569/annotation/bakta/TI2_MAGScoT_cleanbin_000113/TI2_MAGScoT_cleanbin_000113.tsv	/scratch/users/snarayanasamy/phage_uv_treatment/output/PRJEB79569/annotation/bakta/TI2_MAGScoT_cleanbin_000113/TI2_MAGScoT_cleanbin_000113.faa	/scratch/users/snarayanasamy/phage_uv_treatment/output/PRJEB79569/annotation/bakta/TI2_MAGScoT_cleanbin_000113/TI2_MAGScoT_cleanbin_000113.ffn	/scratch/users/snarayanasamy/phage_uv_treatment/output/PRJEB79569/annotation/bakta/TI2_MAGScoT_cleanbin_000113/TI2_MAGScoT_cleanbin_000113.json	/scratch/users/snarayanasamy/phage_uv_treatment/output/PRJEB79569/annotation/bakta/TI2_MAGScoT_cleanbin_000113/TI2_MAGScoT_cleanbin_000113.gbff	/scratch/users/snarayanasamy/phage_uv_treatment/output/PRJEB79569/annotation/bakta/TI2_MAGScoT_cleanbin_000113/TI2_MAGScoT_cleanbin_000113.hypotheticals.tsv	/scratch/users/snarayanasamy/phage_uv_treatment/output/PRJEB79569/annotation/bakta/TI2_MAGScoT_cleanbin_000113/TI2_MAGScoT_cleanbin_000113.inference.tsv
TI2_MAGScoT_cleanbin_000140	/scratch/users/snarayanasamy/phage_uv_treatment/output/PRJEB79569/binning/dereplication/dereplicated_genomes/TI2_MAGScoT_cleanbin_000140.fasta	/scratch/users/snarayanasamy/phage_uv_treatment/output/PRJEB79569/annotation/bakta/TI2_MAGScoT_cleanbin_000140	/scratch/users/snarayanasamy/phage_uv_treatment/output/PRJEB79569/annotation/bakta/TI2_MAGScoT_cleanbin_000140/bakta.done	/scratch/users/snarayanasamy/phage_uv_treatment/output/PRJEB79569/annotation/bakta/TI2_MAGScoT_cleanbin_000140/TI2_MAGScoT_cleanbin_000140.gff3	/scratch/users/snarayanasamy/phage_uv_treatment/output/PRJEB79569/annotation/bakta/TI2_MAGScoT_cleanbin_000140/TI2_MAGScoT_cleanbin_000140.tsv	/scratch/users/snarayanasamy/phage_uv_treatment/output/PRJEB79569/annotation/bakta/TI2_MAGScoT_cleanbin_000140/TI2_MAGScoT_cleanbin_000140.faa	/scratch/users/snarayanasamy/phage_uv_treatment/output/PRJEB79569/annotation/bakta/TI2_MAGScoT_cleanbin_000140/TI2_MAGScoT_cleanbin_000140.ffn	/scratch/users/snarayanasamy/phage_uv_treatment/output/PRJEB79569/annotation/bakta/TI2_MAGScoT_cleanbin_000140/TI2_MAGScoT_cleanbin_000140.json	/scratch/users/snarayanasamy/phage_uv_treatment/output/PRJEB79569/annotation/bakta/TI2_MAGScoT_cleanbin_000140/TI2_MAGScoT_cleanbin_000140.gbff	/scratch/users/snarayanasamy/phage_uv_treatment/output/PRJEB79569/annotation/bakta/TI2_MAGScoT_cleanbin_000140/TI2_MAGScoT_cleanbin_000140.hypotheticals.tsv	/scratch/users/snarayanasamy/phage_uv_treatment/output/PRJEB79569/annotation/bakta/TI2_MAGScoT_cleanbin_000140/TI2_MAGScoT_cleanbin_000140.inference.tsv
TI2_MAGScoT_cleanbin_000143	/scratch/users/snarayanasamy/phage_uv_treatment/output/PRJEB79569/binning/dereplication/dereplicated_genomes/TI2_MAGScoT_cleanbin_000143.fasta	/scratch/users/snarayanasamy/phage_uv_treatment/output/PRJEB79569/annotation/bakta/TI2_MAGScoT_cleanbin_000143	/scratch/users/snarayanasamy/phage_uv_treatment/output/PRJEB79569/annotation/bakta/TI2_MAGScoT_cleanbin_000143/bakta.done	/scratch/users/snarayanasamy/phage_uv_treatment/output/PRJEB79569/annotation/bakta/TI2_MAGScoT_cleanbin_000143/TI2_MAGScoT_cleanbin_000143.gff3	/scratch/users/snarayanasamy/phage_uv_treatment/output/PRJEB79569/annotation/bakta/TI2_MAGScoT_cleanbin_000143/TI2_MAGScoT_cleanbin_000143.tsv	/scratch/users/snarayanasamy/phage_uv_treatment/output/PRJEB79569/annotation/bakta/TI2_MAGScoT_cleanbin_000143/TI2_MAGScoT_cleanbin_000143.faa	/scratch/users/snarayanasamy/phage_uv_treatment/output/PRJEB79569/annotation/bakta/TI2_MAGScoT_cleanbin_000143/TI2_MAGScoT_cleanbin_000143.ffn	/scratch/users/snarayanasamy/phage_uv_treatment/output/PRJEB79569/annotation/bakta/TI2_MAGScoT_cleanbin_000143/TI2_MAGScoT_cleanbin_000143.json	/scratch/users/snarayanasamy/phage_uv_treatment/output/PRJEB79569/annotation/bakta/TI2_MAGScoT_cleanbin_000143/TI2_MAGScoT_cleanbin_000143.gbff	/scratch/users/snarayanasamy/phage_uv_treatment/output/PRJEB79569/annotation/bakta/TI2_MAGScoT_cleanbin_000143/TI2_MAGScoT_cleanbin_000143.hypotheticals.tsv	/scratch/users/snarayanasamy/phage_uv_treatment/output/PRJEB79569/annotation/bakta/TI2_MAGScoT_cleanbin_000143/TI2_MAGScoT_cleanbin_000143.inference.tsv
TI2_MAGScoT_cleanbin_000145	/scratch/users/snarayanasamy/phage_uv_treatment/output/PRJEB79569/binning/dereplication/dereplicated_genomes/TI2_MAGScoT_cleanbin_000145.fasta	/scratch/users/snarayanasamy/phage_uv_treatment/output/PRJEB79569/annotation/bakta/TI2_MAGScoT_cleanbin_000145	/scratch/users/snarayanasamy/phage_uv_treatment/output/PRJEB79569/annotation/bakta/TI2_MAGScoT_cleanbin_000145/bakta.done	/scratch/users/snarayanasamy/phage_uv_treatment/output/PRJEB79569/annotation/bakta/TI2_MAGScoT_cleanbin_000145/TI2_MAGScoT_cleanbin_000145.gff3	/scratch/users/snarayanasamy/phage_uv_treatment/output/PRJEB79569/annotation/bakta/TI2_MAGScoT_cleanbin_000145/TI2_MAGScoT_cleanbin_000145.tsv	/scratch/users/snarayanasamy/phage_uv_treatment/output/PRJEB79569/annotation/bakta/TI2_MAGScoT_cleanbin_000145/TI2_MAGScoT_cleanbin_000145.faa	/scratch/users/snarayanasamy/phage_uv_treatment/output/PRJEB79569/annotation/bakta/TI2_MAGScoT_cleanbin_000145/TI2_MAGScoT_cleanbin_000145.ffn	/scratch/users/snarayanasamy/phage_uv_treatment/output/PRJEB79569/annotation/bakta/TI2_MAGScoT_cleanbin_000145/TI2_MAGScoT_cleanbin_000145.json	/scratch/users/snarayanasamy/phage_uv_treatment/output/PRJEB79569/annotation/bakta/TI2_MAGScoT_cleanbin_000145/TI2_MAGScoT_cleanbin_000145.gbff	/scratch/users/snarayanasamy/phage_uv_treatment/output/PRJEB79569/annotation/bakta/TI2_MAGScoT_cleanbin_000145/TI2_MAGScoT_cleanbin_000145.hypotheticals.tsv	/scratch/users/snarayanasamy/phage_uv_treatment/output/PRJEB79569/annotation/bakta/TI2_MAGScoT_cleanbin_000145/TI2_MAGScoT_cleanbin_000145.inference.tsv
TI3_MAGScoT_cleanbin_000001	/scratch/users/snarayanasamy/phage_uv_treatment/output/PRJEB79569/binning/dereplication/dereplicated_genomes/TI3_MAGScoT_cleanbin_000001.fasta	/scratch/users/snarayanasamy/phage_uv_treatment/output/PRJEB79569/annotation/bakta/TI3_MAGScoT_cleanbin_000001	/scratch/users/snarayanasamy/phage_uv_treatment/output/PRJEB79569/annotation/bakta/TI3_MAGScoT_cleanbin_000001/bakta.done	/scratch/users/snarayanasamy/phage_uv_treatment/output/PRJEB79569/annotation/bakta/TI3_MAGScoT_cleanbin_000001/TI3_MAGScoT_cleanbin_000001.gff3	/scratch/users/snarayanasamy/phage_uv_treatment/output/PRJEB79569/annotation/bakta/TI3_MAGScoT_cleanbin_000001/TI3_MAGScoT_cleanbin_000001.tsv	/scratch/users/snarayanasamy/phage_uv_treatment/output/PRJEB79569/annotation/bakta/TI3_MAGScoT_cleanbin_000001/TI3_MAGScoT_cleanbin_000001.faa	/scratch/users/snarayanasamy/phage_uv_treatment/output/PRJEB79569/annotation/bakta/TI3_MAGScoT_cleanbin_000001/TI3_MAGScoT_cleanbin_000001.ffn	/scratch/users/snarayanasamy/phage_uv_treatment/output/PRJEB79569/annotation/bakta/TI3_MAGScoT_cleanbin_000001/TI3_MAGScoT_cleanbin_000001.json	/scratch/users/snarayanasamy/phage_uv_treatment/output/PRJEB79569/annotation/bakta/TI3_MAGScoT_cleanbin_000001/TI3_MAGScoT_cleanbin_000001.gbff	/scratch/users/snarayanasamy/phage_uv_treatment/output/PRJEB79569/annotation/bakta/TI3_MAGScoT_cleanbin_000001/TI3_MAGScoT_cleanbin_000001.hypotheticals.tsv	/scratch/users/snarayanasamy/phage_uv_treatment/output/PRJEB79569/annotation/bakta/TI3_MAGScoT_cleanbin_000001/TI3_MAGScoT_cleanbin_000001.inference.tsv
TI3_MAGScoT_cleanbin_000002	/scratch/users/snarayanasamy/phage_uv_treatment/output/PRJEB79569/binning/dereplication/dereplicated_genomes/TI3_MAGScoT_cleanbin_000002.fasta	/scratch/users/snarayanasamy/phage_uv_treatment/output/PRJEB79569/annotation/bakta/TI3_MAGScoT_cleanbin_000002	/scratch/users/snarayanasamy/phage_uv_treatment/output/PRJEB79569/annotation/bakta/TI3_MAGScoT_cleanbin_000002/bakta.done	/scratch/users/snarayanasamy/phage_uv_treatment/output/PRJEB79569/annotation/bakta/TI3_MAGScoT_cleanbin_000002/TI3_MAGScoT_cleanbin_000002.gff3	/scratch/users/snarayanasamy/phage_uv_treatment/output/PRJEB79569/annotation/bakta/TI3_MAGScoT_cleanbin_000002/TI3_MAGScoT_cleanbin_000002.tsv	/scratch/users/snarayanasamy/phage_uv_treatment/output/PRJEB79569/annotation/bakta/TI3_MAGScoT_cleanbin_000002/TI3_MAGScoT_cleanbin_000002.faa	/scratch/users/snarayanasamy/phage_uv_treatment/output/PRJEB79569/annotation/bakta/TI3_MAGScoT_cleanbin_000002/TI3_MAGScoT_cleanbin_000002.ffn	/scratch/users/snarayanasamy/phage_uv_treatment/output/PRJEB79569/annotation/bakta/TI3_MAGScoT_cleanbin_000002/TI3_MAGScoT_cleanbin_000002.json	/scratch/users/snarayanasamy/phage_uv_treatment/output/PRJEB79569/annotation/bakta/TI3_MAGScoT_cleanbin_000002/TI3_MAGScoT_cleanbin_000002.gbff	/scratch/users/snarayanasamy/phage_uv_treatment/output/PRJEB79569/annotation/bakta/TI3_MAGScoT_cleanbin_000002/TI3_MAGScoT_cleanbin_000002.hypotheticals.tsv	/scratch/users/snarayanasamy/phage_uv_treatment/output/PRJEB79569/annotation/bakta/TI3_MAGScoT_cleanbin_000002/TI3_MAGScoT_cleanbin_000002.inference.tsv
TI3_MAGScoT_cleanbin_000004	/scratch/users/snarayanasamy/phage_uv_treatment/output/PRJEB79569/binning/dereplication/dereplicated_genomes/TI3_MAGScoT_cleanbin_000004.fasta	/scratch/users/snarayanasamy/phage_uv_treatment/output/PRJEB79569/annotation/bakta/TI3_MAGScoT_cleanbin_000004	/scratch/users/snarayanasamy/phage_uv_treatment/output/PRJEB79569/annotation/bakta/TI3_MAGScoT_cleanbin_000004/bakta.done	/scratch/users/snarayanasamy/phage_uv_treatment/output/PRJEB79569/annotation/bakta/TI3_MAGScoT_cleanbin_000004/TI3_MAGScoT_cleanbin_000004.gff3	/scratch/users/snarayanasamy/phage_uv_treatment/output/PRJEB79569/annotation/bakta/TI3_MAGScoT_cleanbin_000004/TI3_MAGScoT_cleanbin_000004.tsv	/scratch/users/snarayanasamy/phage_uv_treatment/output/PRJEB79569/annotation/bakta/TI3_MAGScoT_cleanbin_000004/TI3_MAGScoT_cleanbin_000004.faa	/scratch/users/snarayanasamy/phage_uv_treatment/output/PRJEB79569/annotation/bakta/TI3_MAGScoT_cleanbin_000004/TI3_MAGScoT_cleanbin_000004.ffn	/scratch/users/snarayanasamy/phage_uv_treatment/output/PRJEB79569/annotation/bakta/TI3_MAGScoT_cleanbin_000004/TI3_MAGScoT_cleanbin_000004.json	/scratch/users/snarayanasamy/phage_uv_treatment/output/PRJEB79569/annotation/bakta/TI3_MAGScoT_cleanbin_000004/TI3_MAGScoT_cleanbin_000004.gbff	/scratch/users/snarayanasamy/phage_uv_treatment/output/PRJEB79569/annotation/bakta/TI3_MAGScoT_cleanbin_000004/TI3_MAGScoT_cleanbin_000004.hypotheticals.tsv	/scratch/users/snarayanasamy/phage_uv_treatment/output/PRJEB79569/annotation/bakta/TI3_MAGScoT_cleanbin_000004/TI3_MAGScoT_cleanbin_000004.inference.tsv
TI3_MAGScoT_cleanbin_000006	/scratch/users/snarayanasamy/phage_uv_treatment/output/PRJEB79569/binning/dereplication/dereplicated_genomes/TI3_MAGScoT_cleanbin_000006.fasta	/scratch/users/snarayanasamy/phage_uv_treatment/output/PRJEB79569/annotation/bakta/TI3_MAGScoT_cleanbin_000006	/scratch/users/snarayanasamy/phage_uv_treatment/output/PRJEB79569/annotation/bakta/TI3_MAGScoT_cleanbin_000006/bakta.done	/scratch/users/snarayanasamy/phage_uv_treatment/output/PRJEB79569/annotation/bakta/TI3_MAGScoT_cleanbin_000006/TI3_MAGScoT_cleanbin_000006.gff3	/scratch/users/snarayanasamy/phage_uv_treatment/output/PRJEB79569/annotation/bakta/TI3_MAGScoT_cleanbin_000006/TI3_MAGScoT_cleanbin_000006.tsv	/scratch/users/snarayanasamy/phage_uv_treatment/output/PRJEB79569/annotation/bakta/TI3_MAGScoT_cleanbin_000006/TI3_MAGScoT_cleanbin_000006.faa	/scratch/users/snarayanasamy/phage_uv_treatment/output/PRJEB79569/annotation/bakta/TI3_MAGScoT_cleanbin_000006/TI3_MAGScoT_cleanbin_000006.ffn	/scratch/users/snarayanasamy/phage_uv_treatment/output/PRJEB79569/annotation/bakta/TI3_MAGScoT_cleanbin_000006/TI3_MAGScoT_cleanbin_000006.json	/scratch/users/snarayanasamy/phage_uv_treatment/output/PRJEB79569/annotation/bakta/TI3_MAGScoT_cleanbin_000006/TI3_MAGScoT_cleanbin_000006.gbff	/scratch/users/snarayanasamy/phage_uv_treatment/output/PRJEB79569/annotation/bakta/TI3_MAGScoT_cleanbin_000006/TI3_MAGScoT_cleanbin_000006.hypotheticals.tsv	/scratch/users/snarayanasamy/phage_uv_treatment/output/PRJEB79569/annotation/bakta/TI3_MAGScoT_cleanbin_000006/TI3_MAGScoT_cleanbin_000006.inference.tsv
TI3_MAGScoT_cleanbin_000012	/scratch/users/snarayanasamy/phage_uv_treatment/output/PRJEB79569/binning/dereplication/dereplicated_genomes/TI3_MAGScoT_cleanbin_000012.fasta	/scratch/users/snarayanasamy/phage_uv_treatment/output/PRJEB79569/annotation/bakta/TI3_MAGScoT_cleanbin_000012	/scratch/users/snarayanasamy/phage_uv_treatment/output/PRJEB79569/annotation/bakta/TI3_MAGScoT_cleanbin_000012/bakta.done	/scratch/users/snarayanasamy/phage_uv_treatment/output/PRJEB79569/annotation/bakta/TI3_MAGScoT_cleanbin_000012/TI3_MAGScoT_cleanbin_000012.gff3	/scratch/users/snarayanasamy/phage_uv_treatment/output/PRJEB79569/annotation/bakta/TI3_MAGScoT_cleanbin_000012/TI3_MAGScoT_cleanbin_000012.tsv	/scratch/users/snarayanasamy/phage_uv_treatment/output/PRJEB79569/annotation/bakta/TI3_MAGScoT_cleanbin_000012/TI3_MAGScoT_cleanbin_000012.faa	/scratch/users/snarayanasamy/phage_uv_treatment/output/PRJEB79569/annotation/bakta/TI3_MAGScoT_cleanbin_000012/TI3_MAGScoT_cleanbin_000012.ffn	/scratch/users/snarayanasamy/phage_uv_treatment/output/PRJEB79569/annotation/bakta/TI3_MAGScoT_cleanbin_000012/TI3_MAGScoT_cleanbin_000012.json	/scratch/users/snarayanasamy/phage_uv_treatment/output/PRJEB79569/annotation/bakta/TI3_MAGScoT_cleanbin_000012/TI3_MAGScoT_cleanbin_000012.gbff	/scratch/users/snarayanasamy/phage_uv_treatment/output/PRJEB79569/annotation/bakta/TI3_MAGScoT_cleanbin_000012/TI3_MAGScoT_cleanbin_000012.hypotheticals.tsv	/scratch/users/snarayanasamy/phage_uv_treatment/output/PRJEB79569/annotation/bakta/TI3_MAGScoT_cleanbin_000012/TI3_MAGScoT_cleanbin_000012.inference.tsv
TI3_MAGScoT_cleanbin_000013	/scratch/users/snarayanasamy/phage_uv_treatment/output/PRJEB79569/binning/dereplication/dereplicated_genomes/TI3_MAGScoT_cleanbin_000013.fasta	/scratch/users/snarayanasamy/phage_uv_treatment/output/PRJEB79569/annotation/bakta/TI3_MAGScoT_cleanbin_000013	/scratch/users/snarayanasamy/phage_uv_treatment/output/PRJEB79569/annotation/bakta/TI3_MAGScoT_cleanbin_000013/bakta.done	/scratch/users/snarayanasamy/phage_uv_treatment/output/PRJEB79569/annotation/bakta/TI3_MAGScoT_cleanbin_000013/TI3_MAGScoT_cleanbin_000013.gff3	/scratch/users/snarayanasamy/phage_uv_treatment/output/PRJEB79569/annotation/bakta/TI3_MAGScoT_cleanbin_000013/TI3_MAGScoT_cleanbin_000013.tsv	/scratch/users/snarayanasamy/phage_uv_treatment/output/PRJEB79569/annotation/bakta/TI3_MAGScoT_cleanbin_000013/TI3_MAGScoT_cleanbin_000013.faa	/scratch/users/snarayanasamy/phage_uv_treatment/output/PRJEB79569/annotation/bakta/TI3_MAGScoT_cleanbin_000013/TI3_MAGScoT_cleanbin_000013.ffn	/scratch/users/snarayanasamy/phage_uv_treatment/output/PRJEB79569/annotation/bakta/TI3_MAGScoT_cleanbin_000013/TI3_MAGScoT_cleanbin_000013.json	/scratch/users/snarayanasamy/phage_uv_treatment/output/PRJEB79569/annotation/bakta/TI3_MAGScoT_cleanbin_000013/TI3_MAGScoT_cleanbin_000013.gbff	/scratch/users/snarayanasamy/phage_uv_treatment/output/PRJEB79569/annotation/bakta/TI3_MAGScoT_cleanbin_000013/TI3_MAGScoT_cleanbin_000013.hypotheticals.tsv	/scratch/users/snarayanasamy/phage_uv_treatment/output/PRJEB79569/annotation/bakta/TI3_MAGScoT_cleanbin_000013/TI3_MAGScoT_cleanbin_000013.inference.tsv
TI3_MAGScoT_cleanbin_000017	/scratch/users/snarayanasamy/phage_uv_treatment/output/PRJEB79569/binning/dereplication/dereplicated_genomes/TI3_MAGScoT_cleanbin_000017.fasta	/scratch/users/snarayanasamy/phage_uv_treatment/output/PRJEB79569/annotation/bakta/TI3_MAGScoT_cleanbin_000017	/scratch/users/snarayanasamy/phage_uv_treatment/output/PRJEB79569/annotation/bakta/TI3_MAGScoT_cleanbin_000017/bakta.done	/scratch/users/snarayanasamy/phage_uv_treatment/output/PRJEB79569/annotation/bakta/TI3_MAGScoT_cleanbin_000017/TI3_MAGScoT_cleanbin_000017.gff3	/scratch/users/snarayanasamy/phage_uv_treatment/output/PRJEB79569/annotation/bakta/TI3_MAGScoT_cleanbin_000017/TI3_MAGScoT_cleanbin_000017.tsv	/scratch/users/snarayanasamy/phage_uv_treatment/output/PRJEB79569/annotation/bakta/TI3_MAGScoT_cleanbin_000017/TI3_MAGScoT_cleanbin_000017.faa	/scratch/users/snarayanasamy/phage_uv_treatment/output/PRJEB79569/annotation/bakta/TI3_MAGScoT_cleanbin_000017/TI3_MAGScoT_cleanbin_000017.ffn	/scratch/users/snarayanasamy/phage_uv_treatment/output/PRJEB79569/annotation/bakta/TI3_MAGScoT_cleanbin_000017/TI3_MAGScoT_cleanbin_000017.json	/scratch/users/snarayanasamy/phage_uv_treatment/output/PRJEB79569/annotation/bakta/TI3_MAGScoT_cleanbin_000017/TI3_MAGScoT_cleanbin_000017.gbff	/scratch/users/snarayanasamy/phage_uv_treatment/output/PRJEB79569/annotation/bakta/TI3_MAGScoT_cleanbin_000017/TI3_MAGScoT_cleanbin_000017.hypotheticals.tsv	/scratch/users/snarayanasamy/phage_uv_treatment/output/PRJEB79569/annotation/bakta/TI3_MAGScoT_cleanbin_000017/TI3_MAGScoT_cleanbin_000017.inference.tsv
TI3_MAGScoT_cleanbin_000024	/scratch/users/snarayanasamy/phage_uv_treatment/output/PRJEB79569/binning/dereplication/dereplicated_genomes/TI3_MAGScoT_cleanbin_000024.fasta	/scratch/users/snarayanasamy/phage_uv_treatment/output/PRJEB79569/annotation/bakta/TI3_MAGScoT_cleanbin_000024	/scratch/users/snarayanasamy/phage_uv_treatment/output/PRJEB79569/annotation/bakta/TI3_MAGScoT_cleanbin_000024/bakta.done	/scratch/users/snarayanasamy/phage_uv_treatment/output/PRJEB79569/annotation/bakta/TI3_MAGScoT_cleanbin_000024/TI3_MAGScoT_cleanbin_000024.gff3	/scratch/users/snarayanasamy/phage_uv_treatment/output/PRJEB79569/annotation/bakta/TI3_MAGScoT_cleanbin_000024/TI3_MAGScoT_cleanbin_000024.tsv	/scratch/users/snarayanasamy/phage_uv_treatment/output/PRJEB79569/annotation/bakta/TI3_MAGScoT_cleanbin_000024/TI3_MAGScoT_cleanbin_000024.faa	/scratch/users/snarayanasamy/phage_uv_treatment/output/PRJEB79569/annotation/bakta/TI3_MAGScoT_cleanbin_000024/TI3_MAGScoT_cleanbin_000024.ffn	/scratch/users/snarayanasamy/phage_uv_treatment/output/PRJEB79569/annotation/bakta/TI3_MAGScoT_cleanbin_000024/TI3_MAGScoT_cleanbin_000024.json	/scratch/users/snarayanasamy/phage_uv_treatment/output/PRJEB79569/annotation/bakta/TI3_MAGScoT_cleanbin_000024/TI3_MAGScoT_cleanbin_000024.gbff	/scratch/users/snarayanasamy/phage_uv_treatment/output/PRJEB79569/annotation/bakta/TI3_MAGScoT_cleanbin_000024/TI3_MAGScoT_cleanbin_000024.hypotheticals.tsv	/scratch/users/snarayanasamy/phage_uv_treatment/output/PRJEB79569/annotation/bakta/TI3_MAGScoT_cleanbin_000024/TI3_MAGScoT_cleanbin_000024.inference.tsv
TI3_MAGScoT_cleanbin_000030	/scratch/users/snarayanasamy/phage_uv_treatment/output/PRJEB79569/binning/dereplication/dereplicated_genomes/TI3_MAGScoT_cleanbin_000030.fasta	/scratch/users/snarayanasamy/phage_uv_treatment/output/PRJEB79569/annotation/bakta/TI3_MAGScoT_cleanbin_000030	/scratch/users/snarayanasamy/phage_uv_treatment/output/PRJEB79569/annotation/bakta/TI3_MAGScoT_cleanbin_000030/bakta.done	/scratch/users/snarayanasamy/phage_uv_treatment/output/PRJEB79569/annotation/bakta/TI3_MAGScoT_cleanbin_000030/TI3_MAGScoT_cleanbin_000030.gff3	/scratch/users/snarayanasamy/phage_uv_treatment/output/PRJEB79569/annotation/bakta/TI3_MAGScoT_cleanbin_000030/TI3_MAGScoT_cleanbin_000030.tsv	/scratch/users/snarayanasamy/phage_uv_treatment/output/PRJEB79569/annotation/bakta/TI3_MAGScoT_cleanbin_000030/TI3_MAGScoT_cleanbin_000030.faa	/scratch/users/snarayanasamy/phage_uv_treatment/output/PRJEB79569/annotation/bakta/TI3_MAGScoT_cleanbin_000030/TI3_MAGScoT_cleanbin_000030.ffn	/scratch/users/snarayanasamy/phage_uv_treatment/output/PRJEB79569/annotation/bakta/TI3_MAGScoT_cleanbin_000030/TI3_MAGScoT_cleanbin_000030.json	/scratch/users/snarayanasamy/phage_uv_treatment/output/PRJEB79569/annotation/bakta/TI3_MAGScoT_cleanbin_000030/TI3_MAGScoT_cleanbin_000030.gbff	/scratch/users/snarayanasamy/phage_uv_treatment/output/PRJEB79569/annotation/bakta/TI3_MAGScoT_cleanbin_000030/TI3_MAGScoT_cleanbin_000030.hypotheticals.tsv	/scratch/users/snarayanasamy/phage_uv_treatment/output/PRJEB79569/annotation/bakta/TI3_MAGScoT_cleanbin_000030/TI3_MAGScoT_cleanbin_000030.inference.tsv
TI3_MAGScoT_cleanbin_000033	/scratch/users/snarayanasamy/phage_uv_treatment/output/PRJEB79569/binning/dereplication/dereplicated_genomes/TI3_MAGScoT_cleanbin_000033.fasta	/scratch/users/snarayanasamy/phage_uv_treatment/output/PRJEB79569/annotation/bakta/TI3_MAGScoT_cleanbin_000033	/scratch/users/snarayanasamy/phage_uv_treatment/output/PRJEB79569/annotation/bakta/TI3_MAGScoT_cleanbin_000033/bakta.done	/scratch/users/snarayanasamy/phage_uv_treatment/output/PRJEB79569/annotation/bakta/TI3_MAGScoT_cleanbin_000033/TI3_MAGScoT_cleanbin_000033.gff3	/scratch/users/snarayanasamy/phage_uv_treatment/output/PRJEB79569/annotation/bakta/TI3_MAGScoT_cleanbin_000033/TI3_MAGScoT_cleanbin_000033.tsv	/scratch/users/snarayanasamy/phage_uv_treatment/output/PRJEB79569/annotation/bakta/TI3_MAGScoT_cleanbin_000033/TI3_MAGScoT_cleanbin_000033.faa	/scratch/users/snarayanasamy/phage_uv_treatment/output/PRJEB79569/annotation/bakta/TI3_MAGScoT_cleanbin_000033/TI3_MAGScoT_cleanbin_000033.ffn	/scratch/users/snarayanasamy/phage_uv_treatment/output/PRJEB79569/annotation/bakta/TI3_MAGScoT_cleanbin_000033/TI3_MAGScoT_cleanbin_000033.json	/scratch/users/snarayanasamy/phage_uv_treatment/output/PRJEB79569/annotation/bakta/TI3_MAGScoT_cleanbin_000033/TI3_MAGScoT_cleanbin_000033.gbff	/scratch/users/snarayanasamy/phage_uv_treatment/output/PRJEB79569/annotation/bakta/TI3_MAGScoT_cleanbin_000033/TI3_MAGScoT_cleanbin_000033.hypotheticals.tsv	/scratch/users/snarayanasamy/phage_uv_treatment/output/PRJEB79569/annotation/bakta/TI3_MAGScoT_cleanbin_000033/TI3_MAGScoT_cleanbin_000033.inference.tsv
TI3_MAGScoT_cleanbin_000037	/scratch/users/snarayanasamy/phage_uv_treatment/output/PRJEB79569/binning/dereplication/dereplicated_genomes/TI3_MAGScoT_cleanbin_000037.fasta	/scratch/users/snarayanasamy/phage_uv_treatment/output/PRJEB79569/annotation/bakta/TI3_MAGScoT_cleanbin_000037	/scratch/users/snarayanasamy/phage_uv_treatment/output/PRJEB79569/annotation/bakta/TI3_MAGScoT_cleanbin_000037/bakta.done	/scratch/users/snarayanasamy/phage_uv_treatment/output/PRJEB79569/annotation/bakta/TI3_MAGScoT_cleanbin_000037/TI3_MAGScoT_cleanbin_000037.gff3	/scratch/users/snarayanasamy/phage_uv_treatment/output/PRJEB79569/annotation/bakta/TI3_MAGScoT_cleanbin_000037/TI3_MAGScoT_cleanbin_000037.tsv	/scratch/users/snarayanasamy/phage_uv_treatment/output/PRJEB79569/annotation/bakta/TI3_MAGScoT_cleanbin_000037/TI3_MAGScoT_cleanbin_000037.faa	/scratch/users/snarayanasamy/phage_uv_treatment/output/PRJEB79569/annotation/bakta/TI3_MAGScoT_cleanbin_000037/TI3_MAGScoT_cleanbin_000037.ffn	/scratch/users/snarayanasamy/phage_uv_treatment/output/PRJEB79569/annotation/bakta/TI3_MAGScoT_cleanbin_000037/TI3_MAGScoT_cleanbin_000037.json	/scratch/users/snarayanasamy/phage_uv_treatment/output/PRJEB79569/annotation/bakta/TI3_MAGScoT_cleanbin_000037/TI3_MAGScoT_cleanbin_000037.gbff	/scratch/users/snarayanasamy/phage_uv_treatment/output/PRJEB79569/annotation/bakta/TI3_MAGScoT_cleanbin_000037/TI3_MAGScoT_cleanbin_000037.hypotheticals.tsv	/scratch/users/snarayanasamy/phage_uv_treatment/output/PRJEB79569/annotation/bakta/TI3_MAGScoT_cleanbin_000037/TI3_MAGScoT_cleanbin_000037.inference.tsv
TI3_MAGScoT_cleanbin_000038	/scratch/users/snarayanasamy/phage_uv_treatment/output/PRJEB79569/binning/dereplication/dereplicated_genomes/TI3_MAGScoT_cleanbin_000038.fasta	/scratch/users/snarayanasamy/phage_uv_treatment/output/PRJEB79569/annotation/bakta/TI3_MAGScoT_cleanbin_000038	/scratch/users/snarayanasamy/phage_uv_treatment/output/PRJEB79569/annotation/bakta/TI3_MAGScoT_cleanbin_000038/bakta.done	/scratch/users/snarayanasamy/phage_uv_treatment/output/PRJEB79569/annotation/bakta/TI3_MAGScoT_cleanbin_000038/TI3_MAGScoT_cleanbin_000038.gff3	/scratch/users/snarayanasamy/phage_uv_treatment/output/PRJEB79569/annotation/bakta/TI3_MAGScoT_cleanbin_000038/TI3_MAGScoT_cleanbin_000038.tsv	/scratch/users/snarayanasamy/phage_uv_treatment/output/PRJEB79569/annotation/bakta/TI3_MAGScoT_cleanbin_000038/TI3_MAGScoT_cleanbin_000038.faa	/scratch/users/snarayanasamy/phage_uv_treatment/output/PRJEB79569/annotation/bakta/TI3_MAGScoT_cleanbin_000038/TI3_MAGScoT_cleanbin_000038.ffn	/scratch/users/snarayanasamy/phage_uv_treatment/output/PRJEB79569/annotation/bakta/TI3_MAGScoT_cleanbin_000038/TI3_MAGScoT_cleanbin_000038.json	/scratch/users/snarayanasamy/phage_uv_treatment/output/PRJEB79569/annotation/bakta/TI3_MAGScoT_cleanbin_000038/TI3_MAGScoT_cleanbin_000038.gbff	/scratch/users/snarayanasamy/phage_uv_treatment/output/PRJEB79569/annotation/bakta/TI3_MAGScoT_cleanbin_000038/TI3_MAGScoT_cleanbin_000038.hypotheticals.tsv	/scratch/users/snarayanasamy/phage_uv_treatment/output/PRJEB79569/annotation/bakta/TI3_MAGScoT_cleanbin_000038/TI3_MAGScoT_cleanbin_000038.inference.tsv
TI3_MAGScoT_cleanbin_000047	/scratch/users/snarayanasamy/phage_uv_treatment/output/PRJEB79569/binning/dereplication/dereplicated_genomes/TI3_MAGScoT_cleanbin_000047.fasta	/scratch/users/snarayanasamy/phage_uv_treatment/output/PRJEB79569/annotation/bakta/TI3_MAGScoT_cleanbin_000047	/scratch/users/snarayanasamy/phage_uv_treatment/output/PRJEB79569/annotation/bakta/TI3_MAGScoT_cleanbin_000047/bakta.done	/scratch/users/snarayanasamy/phage_uv_treatment/output/PRJEB79569/annotation/bakta/TI3_MAGScoT_cleanbin_000047/TI3_MAGScoT_cleanbin_000047.gff3	/scratch/users/snarayanasamy/phage_uv_treatment/output/PRJEB79569/annotation/bakta/TI3_MAGScoT_cleanbin_000047/TI3_MAGScoT_cleanbin_000047.tsv	/scratch/users/snarayanasamy/phage_uv_treatment/output/PRJEB79569/annotation/bakta/TI3_MAGScoT_cleanbin_000047/TI3_MAGScoT_cleanbin_000047.faa	/scratch/users/snarayanasamy/phage_uv_treatment/output/PRJEB79569/annotation/bakta/TI3_MAGScoT_cleanbin_000047/TI3_MAGScoT_cleanbin_000047.ffn	/scratch/users/snarayanasamy/phage_uv_treatment/output/PRJEB79569/annotation/bakta/TI3_MAGScoT_cleanbin_000047/TI3_MAGScoT_cleanbin_000047.json	/scratch/users/snarayanasamy/phage_uv_treatment/output/PRJEB79569/annotation/bakta/TI3_MAGScoT_cleanbin_000047/TI3_MAGScoT_cleanbin_000047.gbff	/scratch/users/snarayanasamy/phage_uv_treatment/output/PRJEB79569/annotation/bakta/TI3_MAGScoT_cleanbin_000047/TI3_MAGScoT_cleanbin_000047.hypotheticals.tsv	/scratch/users/snarayanasamy/phage_uv_treatment/output/PRJEB79569/annotation/bakta/TI3_MAGScoT_cleanbin_000047/TI3_MAGScoT_cleanbin_000047.inference.tsv
TI3_MAGScoT_cleanbin_000048	/scratch/users/snarayanasamy/phage_uv_treatment/output/PRJEB79569/binning/dereplication/dereplicated_genomes/TI3_MAGScoT_cleanbin_000048.fasta	/scratch/users/snarayanasamy/phage_uv_treatment/output/PRJEB79569/annotation/bakta/TI3_MAGScoT_cleanbin_000048	/scratch/users/snarayanasamy/phage_uv_treatment/output/PRJEB79569/annotation/bakta/TI3_MAGScoT_cleanbin_000048/bakta.done	/scratch/users/snarayanasamy/phage_uv_treatment/output/PRJEB79569/annotation/bakta/TI3_MAGScoT_cleanbin_000048/TI3_MAGScoT_cleanbin_000048.gff3	/scratch/users/snarayanasamy/phage_uv_treatment/output/PRJEB79569/annotation/bakta/TI3_MAGScoT_cleanbin_000048/TI3_MAGScoT_cleanbin_000048.tsv	/scratch/users/snarayanasamy/phage_uv_treatment/output/PRJEB79569/annotation/bakta/TI3_MAGScoT_cleanbin_000048/TI3_MAGScoT_cleanbin_000048.faa	/scratch/users/snarayanasamy/phage_uv_treatment/output/PRJEB79569/annotation/bakta/TI3_MAGScoT_cleanbin_000048/TI3_MAGScoT_cleanbin_000048.ffn	/scratch/users/snarayanasamy/phage_uv_treatment/output/PRJEB79569/annotation/bakta/TI3_MAGScoT_cleanbin_000048/TI3_MAGScoT_cleanbin_000048.json	/scratch/users/snarayanasamy/phage_uv_treatment/output/PRJEB79569/annotation/bakta/TI3_MAGScoT_cleanbin_000048/TI3_MAGScoT_cleanbin_000048.gbff	/scratch/users/snarayanasamy/phage_uv_treatment/output/PRJEB79569/annotation/bakta/TI3_MAGScoT_cleanbin_000048/TI3_MAGScoT_cleanbin_000048.hypotheticals.tsv	/scratch/users/snarayanasamy/phage_uv_treatment/output/PRJEB79569/annotation/bakta/TI3_MAGScoT_cleanbin_000048/TI3_MAGScoT_cleanbin_000048.inference.tsv
TI3_MAGScoT_cleanbin_000058	/scratch/users/snarayanasamy/phage_uv_treatment/output/PRJEB79569/binning/dereplication/dereplicated_genomes/TI3_MAGScoT_cleanbin_000058.fasta	/scratch/users/snarayanasamy/phage_uv_treatment/output/PRJEB79569/annotation/bakta/TI3_MAGScoT_cleanbin_000058	/scratch/users/snarayanasamy/phage_uv_treatment/output/PRJEB79569/annotation/bakta/TI3_MAGScoT_cleanbin_000058/bakta.done	/scratch/users/snarayanasamy/phage_uv_treatment/output/PRJEB79569/annotation/bakta/TI3_MAGScoT_cleanbin_000058/TI3_MAGScoT_cleanbin_000058.gff3	/scratch/users/snarayanasamy/phage_uv_treatment/output/PRJEB79569/annotation/bakta/TI3_MAGScoT_cleanbin_000058/TI3_MAGScoT_cleanbin_000058.tsv	/scratch/users/snarayanasamy/phage_uv_treatment/output/PRJEB79569/annotation/bakta/TI3_MAGScoT_cleanbin_000058/TI3_MAGScoT_cleanbin_000058.faa	/scratch/users/snarayanasamy/phage_uv_treatment/output/PRJEB79569/annotation/bakta/TI3_MAGScoT_cleanbin_000058/TI3_MAGScoT_cleanbin_000058.ffn	/scratch/users/snarayanasamy/phage_uv_treatment/output/PRJEB79569/annotation/bakta/TI3_MAGScoT_cleanbin_000058/TI3_MAGScoT_cleanbin_000058.json	/scratch/users/snarayanasamy/phage_uv_treatment/output/PRJEB79569/annotation/bakta/TI3_MAGScoT_cleanbin_000058/TI3_MAGScoT_cleanbin_000058.gbff	/scratch/users/snarayanasamy/phage_uv_treatment/output/PRJEB79569/annotation/bakta/TI3_MAGScoT_cleanbin_000058/TI3_MAGScoT_cleanbin_000058.hypotheticals.tsv	/scratch/users/snarayanasamy/phage_uv_treatment/output/PRJEB79569/annotation/bakta/TI3_MAGScoT_cleanbin_000058/TI3_MAGScoT_cleanbin_000058.inference.tsv
TI3_MAGScoT_cleanbin_000063	/scratch/users/snarayanasamy/phage_uv_treatment/output/PRJEB79569/binning/dereplication/dereplicated_genomes/TI3_MAGScoT_cleanbin_000063.fasta	/scratch/users/snarayanasamy/phage_uv_treatment/output/PRJEB79569/annotation/bakta/TI3_MAGScoT_cleanbin_000063	/scratch/users/snarayanasamy/phage_uv_treatment/output/PRJEB79569/annotation/bakta/TI3_MAGScoT_cleanbin_000063/bakta.done	/scratch/users/snarayanasamy/phage_uv_treatment/output/PRJEB79569/annotation/bakta/TI3_MAGScoT_cleanbin_000063/TI3_MAGScoT_cleanbin_000063.gff3	/scratch/users/snarayanasamy/phage_uv_treatment/output/PRJEB79569/annotation/bakta/TI3_MAGScoT_cleanbin_000063/TI3_MAGScoT_cleanbin_000063.tsv	/scratch/users/snarayanasamy/phage_uv_treatment/output/PRJEB79569/annotation/bakta/TI3_MAGScoT_cleanbin_000063/TI3_MAGScoT_cleanbin_000063.faa	/scratch/users/snarayanasamy/phage_uv_treatment/output/PRJEB79569/annotation/bakta/TI3_MAGScoT_cleanbin_000063/TI3_MAGScoT_cleanbin_000063.ffn	/scratch/users/snarayanasamy/phage_uv_treatment/output/PRJEB79569/annotation/bakta/TI3_MAGScoT_cleanbin_000063/TI3_MAGScoT_cleanbin_000063.json	/scratch/users/snarayanasamy/phage_uv_treatment/output/PRJEB79569/annotation/bakta/TI3_MAGScoT_cleanbin_000063/TI3_MAGScoT_cleanbin_000063.gbff	/scratch/users/snarayanasamy/phage_uv_treatment/output/PRJEB79569/annotation/bakta/TI3_MAGScoT_cleanbin_000063/TI3_MAGScoT_cleanbin_000063.hypotheticals.tsv	/scratch/users/snarayanasamy/phage_uv_treatment/output/PRJEB79569/annotation/bakta/TI3_MAGScoT_cleanbin_000063/TI3_MAGScoT_cleanbin_000063.inference.tsv
TI3_MAGScoT_cleanbin_000075	/scratch/users/snarayanasamy/phage_uv_treatment/output/PRJEB79569/binning/dereplication/dereplicated_genomes/TI3_MAGScoT_cleanbin_000075.fasta	/scratch/users/snarayanasamy/phage_uv_treatment/output/PRJEB79569/annotation/bakta/TI3_MAGScoT_cleanbin_000075	/scratch/users/snarayanasamy/phage_uv_treatment/output/PRJEB79569/annotation/bakta/TI3_MAGScoT_cleanbin_000075/bakta.done	/scratch/users/snarayanasamy/phage_uv_treatment/output/PRJEB79569/annotation/bakta/TI3_MAGScoT_cleanbin_000075/TI3_MAGScoT_cleanbin_000075.gff3	/scratch/users/snarayanasamy/phage_uv_treatment/output/PRJEB79569/annotation/bakta/TI3_MAGScoT_cleanbin_000075/TI3_MAGScoT_cleanbin_000075.tsv	/scratch/users/snarayanasamy/phage_uv_treatment/output/PRJEB79569/annotation/bakta/TI3_MAGScoT_cleanbin_000075/TI3_MAGScoT_cleanbin_000075.faa	/scratch/users/snarayanasamy/phage_uv_treatment/output/PRJEB79569/annotation/bakta/TI3_MAGScoT_cleanbin_000075/TI3_MAGScoT_cleanbin_000075.ffn	/scratch/users/snarayanasamy/phage_uv_treatment/output/PRJEB79569/annotation/bakta/TI3_MAGScoT_cleanbin_000075/TI3_MAGScoT_cleanbin_000075.json	/scratch/users/snarayanasamy/phage_uv_treatment/output/PRJEB79569/annotation/bakta/TI3_MAGScoT_cleanbin_000075/TI3_MAGScoT_cleanbin_000075.gbff	/scratch/users/snarayanasamy/phage_uv_treatment/output/PRJEB79569/annotation/bakta/TI3_MAGScoT_cleanbin_000075/TI3_MAGScoT_cleanbin_000075.hypotheticals.tsv	/scratch/users/snarayanasamy/phage_uv_treatment/output/PRJEB79569/annotation/bakta/TI3_MAGScoT_cleanbin_000075/TI3_MAGScoT_cleanbin_000075.inference.tsv
TI3_MAGScoT_cleanbin_000076	/scratch/users/snarayanasamy/phage_uv_treatment/output/PRJEB79569/binning/dereplication/dereplicated_genomes/TI3_MAGScoT_cleanbin_000076.fasta	/scratch/users/snarayanasamy/phage_uv_treatment/output/PRJEB79569/annotation/bakta/TI3_MAGScoT_cleanbin_000076	/scratch/users/snarayanasamy/phage_uv_treatment/output/PRJEB79569/annotation/bakta/TI3_MAGScoT_cleanbin_000076/bakta.done	/scratch/users/snarayanasamy/phage_uv_treatment/output/PRJEB79569/annotation/bakta/TI3_MAGScoT_cleanbin_000076/TI3_MAGScoT_cleanbin_000076.gff3	/scratch/users/snarayanasamy/phage_uv_treatment/output/PRJEB79569/annotation/bakta/TI3_MAGScoT_cleanbin_000076/TI3_MAGScoT_cleanbin_000076.tsv	/scratch/users/snarayanasamy/phage_uv_treatment/output/PRJEB79569/annotation/bakta/TI3_MAGScoT_cleanbin_000076/TI3_MAGScoT_cleanbin_000076.faa	/scratch/users/snarayanasamy/phage_uv_treatment/output/PRJEB79569/annotation/bakta/TI3_MAGScoT_cleanbin_000076/TI3_MAGScoT_cleanbin_000076.ffn	/scratch/users/snarayanasamy/phage_uv_treatment/output/PRJEB79569/annotation/bakta/TI3_MAGScoT_cleanbin_000076/TI3_MAGScoT_cleanbin_000076.json	/scratch/users/snarayanasamy/phage_uv_treatment/output/PRJEB79569/annotation/bakta/TI3_MAGScoT_cleanbin_000076/TI3_MAGScoT_cleanbin_000076.gbff	/scratch/users/snarayanasamy/phage_uv_treatment/output/PRJEB79569/annotation/bakta/TI3_MAGScoT_cleanbin_000076/TI3_MAGScoT_cleanbin_000076.hypotheticals.tsv	/scratch/users/snarayanasamy/phage_uv_treatment/output/PRJEB79569/annotation/bakta/TI3_MAGScoT_cleanbin_000076/TI3_MAGScoT_cleanbin_000076.inference.tsv
TI3_MAGScoT_cleanbin_000093	/scratch/users/snarayanasamy/phage_uv_treatment/output/PRJEB79569/binning/dereplication/dereplicated_genomes/TI3_MAGScoT_cleanbin_000093.fasta	/scratch/users/snarayanasamy/phage_uv_treatment/output/PRJEB79569/annotation/bakta/TI3_MAGScoT_cleanbin_000093	/scratch/users/snarayanasamy/phage_uv_treatment/output/PRJEB79569/annotation/bakta/TI3_MAGScoT_cleanbin_000093/bakta.done	/scratch/users/snarayanasamy/phage_uv_treatment/output/PRJEB79569/annotation/bakta/TI3_MAGScoT_cleanbin_000093/TI3_MAGScoT_cleanbin_000093.gff3	/scratch/users/snarayanasamy/phage_uv_treatment/output/PRJEB79569/annotation/bakta/TI3_MAGScoT_cleanbin_000093/TI3_MAGScoT_cleanbin_000093.tsv	/scratch/users/snarayanasamy/phage_uv_treatment/output/PRJEB79569/annotation/bakta/TI3_MAGScoT_cleanbin_000093/TI3_MAGScoT_cleanbin_000093.faa	/scratch/users/snarayanasamy/phage_uv_treatment/output/PRJEB79569/annotation/bakta/TI3_MAGScoT_cleanbin_000093/TI3_MAGScoT_cleanbin_000093.ffn	/scratch/users/snarayanasamy/phage_uv_treatment/output/PRJEB79569/annotation/bakta/TI3_MAGScoT_cleanbin_000093/TI3_MAGScoT_cleanbin_000093.json	/scratch/users/snarayanasamy/phage_uv_treatment/output/PRJEB79569/annotation/bakta/TI3_MAGScoT_cleanbin_000093/TI3_MAGScoT_cleanbin_000093.gbff	/scratch/users/snarayanasamy/phage_uv_treatment/output/PRJEB79569/annotation/bakta/TI3_MAGScoT_cleanbin_000093/TI3_MAGScoT_cleanbin_000093.hypotheticals.tsv	/scratch/users/snarayanasamy/phage_uv_treatment/output/PRJEB79569/annotation/bakta/TI3_MAGScoT_cleanbin_000093/TI3_MAGScoT_cleanbin_000093.inference.tsv
TI3_MAGScoT_cleanbin_000109	/scratch/users/snarayanasamy/phage_uv_treatment/output/PRJEB79569/binning/dereplication/dereplicated_genomes/TI3_MAGScoT_cleanbin_000109.fasta	/scratch/users/snarayanasamy/phage_uv_treatment/output/PRJEB79569/annotation/bakta/TI3_MAGScoT_cleanbin_000109	/scratch/users/snarayanasamy/phage_uv_treatment/output/PRJEB79569/annotation/bakta/TI3_MAGScoT_cleanbin_000109/bakta.done	/scratch/users/snarayanasamy/phage_uv_treatment/output/PRJEB79569/annotation/bakta/TI3_MAGScoT_cleanbin_000109/TI3_MAGScoT_cleanbin_000109.gff3	/scratch/users/snarayanasamy/phage_uv_treatment/output/PRJEB79569/annotation/bakta/TI3_MAGScoT_cleanbin_000109/TI3_MAGScoT_cleanbin_000109.tsv	/scratch/users/snarayanasamy/phage_uv_treatment/output/PRJEB79569/annotation/bakta/TI3_MAGScoT_cleanbin_000109/TI3_MAGScoT_cleanbin_000109.faa	/scratch/users/snarayanasamy/phage_uv_treatment/output/PRJEB79569/annotation/bakta/TI3_MAGScoT_cleanbin_000109/TI3_MAGScoT_cleanbin_000109.ffn	/scratch/users/snarayanasamy/phage_uv_treatment/output/PRJEB79569/annotation/bakta/TI3_MAGScoT_cleanbin_000109/TI3_MAGScoT_cleanbin_000109.json	/scratch/users/snarayanasamy/phage_uv_treatment/output/PRJEB79569/annotation/bakta/TI3_MAGScoT_cleanbin_000109/TI3_MAGScoT_cleanbin_000109.gbff	/scratch/users/snarayanasamy/phage_uv_treatment/output/PRJEB79569/annotation/bakta/TI3_MAGScoT_cleanbin_000109/TI3_MAGScoT_cleanbin_000109.hypotheticals.tsv	/scratch/users/snarayanasamy/phage_uv_treatment/output/PRJEB79569/annotation/bakta/TI3_MAGScoT_cleanbin_000109/TI3_MAGScoT_cleanbin_000109.inference.tsv
